i theta vel
1 1.0739154271047013 -6366.577585283953
2 2.5283572313026816 -2121.7957244099907
3 0.15792454956274504 -1272.49597739286
4 5.602438497316026 -909.9913529409615
5 0.8664231588381535 -707.5414669652743
6 4.842118925431729 -578.9286660216603
7 6.0914310272693495 -489.59885100952613
8 5.047288396316481 -425.2413263508797
9 3.408676099620162 -374.0434270994779
10 4.233018413546999 -334.95693482157856
11 4.781433263878366 -303.2346707015767
12 5.938249405836366 -277.4848552979197
13 2.183159525472742 -254.51306747662474
14 5.801039046948349 -236.140653767125
15 0.32625680079787456 -220.25870212019035
16 2.5679637369343857 -205.31395838418175
17 4.45144548859096 -192.1073909420035
18 0.6398557150999615 -182.6006157824757
19 1.8113843247667556 -172.76940680706295
20 5.2878313845402545 -162.6407865189417
21 4.942143057370922 -154.49185740981784
22 6.001119608468467 -147.85579218749464
23 0.5826222389253062 -141.91466028635915
24 0.26126034949699073 -135.6004534112207
25 3.0203413698522112 -130.12118290806762
26 3.9754293933091027 -124.32077879988951
27 1.732251952097645 -120.94163118450538
28 5.690659633961534 -115.1123543837867
29 2.6451139282164515 -112.28006323931731
30 5.063366782493014 -107.06959283538374
31 1.313990280603897 -105.02622992257658
32 0.5300351619068413 -101.13788482518589
33 3.8687496703674076 -97.70930335395026
34 0.6420093720325658 -95.14763711984514
35 2.0051018992753713 -93.08734740482078
36 0.5684935795803331 -89.68895545329526
37 2.799029630478937 -87.84941305940265
38 3.5347319149133662 -85.02891270307542
39 5.397179498270692 -81.8472664633347
40 3.971000484640121 -80.40925021749551
41 4.013043435061685 -78.40166963078141
42 2.752406364780703 -77.41302703164945
43 5.03601725172129 -74.11662298613967
44 5.49141700989221 -72.34347130511678
45 2.296639567860306 -72.35446896524604
46 2.1919253251726283 -70.7782284634396
47 5.539826401532715 -67.62227710827625
48 5.572519529057546 -66.18232385251741
49 3.3634684404341573 -66.0550765516799
50 5.773725186997071 -63.50046665374056
51 2.2730872859195106 -63.85209968370775
52 1.689721460897935 -62.44317106618447
53 6.2613376166376575 -60.001480353989294
54 1.3939416503584123 -59.933666781972015
55 5.321999309117049 -57.59488274337328
56 5.454202983780447 -56.52434364339674
57 2.1642607718961204 -57.13219037850301
58 5.362014213469172 -54.545494330585036
59 4.862727257747711 -53.79268733459638
60 4.900323548990752 -52.862594768512956
61 1.632242259406551 -53.161846165466564
62 0.8186382561339143 -51.6725989173375
63 3.2071455045324897 -51.543911967597786
64 3.4987632431339106 -50.56418233506618
65 2.370984545047084 -50.165885623280616
66 5.335316979451819 -47.8048507564555
67 0.12337403604737313 -47.24549066020392
68 2.122790072088413 -47.91398882408157
69 2.3507719584492883 -47.27753284956226
70 2.4833693757415785 -46.62064441502057
71 2.367850554072023 -45.95963222597557
72 2.8213787480180814 -45.30913712906589
73 5.26980643734568 -43.146649052413274
74 5.381916147915456 -42.51627657728097
75 3.6849816868851963 -43.081055460893985
76 0.9744203544985811 -42.12379937747897
77 1.3929526186978214 -41.910098564635604
78 0.2903959497921203 -40.508890598237876
79 0.17058468441048336 -39.91284074168775
80 5.896198494624996 -39.21068282918269
81 5.565826464513783 -38.718669569723716
82 1.4804632415872394 -39.404369066716356
83 4.8468015109155 -38.066860762064
84 4.537075138290014 -37.83035591145602
85 2.6803640677924223 -38.488147903754644
86 5.73658484416931 -36.39195149018149
87 0.7706952874895918 -36.5498973448822
88 5.797381514432246 -35.54018833464855
89 2.289422157780449 -36.73859466975924
90 1.1983460555589613 -35.659374096077485
91 1.5374774947870407 -35.53312247531935
92 0.7733973315209356 -34.52468163364072
93 5.474021255485218 -33.61792263231644
94 2.947679135946675 -34.82676146522182
95 5.544513360424278 -32.87407514729268
96 0.8877852861387762 -33.14772281151872
97 0.7939728039467111 -32.723744276649676
98 3.52139072399798 -33.18104933599249
99 3.178902884578219 -33.02872880495554
100 4.696192983067706 -31.624668769907633
101 3.7263868249462875 -32.07534000114958
102 2.786332477955583 -32.17403378276052
103 4.785882735811711 -30.629578207097126
104 4.754896231362497 -30.353886366753233
105 5.684590830658354 -29.63087547254757
106 5.857301500522919 -29.331562874146965
107 1.1618839591622736 -29.90301635270061
108 4.167029033261594 -29.685801759800523
109 4.450268370952826 -29.183018695881312
110 4.259586120916516 -29.073275288203437
111 5.957490922510002 -27.96962121907974
112 3.970117740791316 -28.789921799106025
113 0.8823562111072669 -28.064126086837785
114 0.2031001198064264 -27.357643217184663
115 0.4411075484576313 -27.244125314379527
116 2.3743826627329323 -28.328144082810645
117 1.4043206901007939 -27.51556953842653
118 1.1755123199404647 -27.091907463055357
119 5.039164092329261 -26.294510766497865
120 0.28825802042294985 -25.98490500475013
121 2.2095273401385462 -27.122893928546354
122 0.7287987364634415 -25.83087105831032
123 1.1176998611047906 -25.92815737672959
124 5.598772984538033 -24.96723828507699
125 2.436342927506424 -26.346006814532565
126 2.949328159300289 -26.1606538876043
127 1.119788847362873 -25.101005394854393
128 0.8944290831433525 -24.716863188695346
129 2.7557748950360414 -25.586659716825014
130 3.6035622725565166 -25.109642334764104
131 3.6182232328192594 -24.913189207261667
132 3.0966338597802143 -24.971777594706847
133 2.6398063212212834 -24.83336152776883
134 6.199982717264851 -23.034938345657515
135 3.019147691388831 -24.452211829415894
136 5.896163189196678 -22.648465079844716
137 2.4920187560015172 -24.10481974068903
138 5.617880188374228 -22.343235623513134
139 3.3786728565607116 -23.644599646390272
140 6.038939374733771 -21.98007819336848
141 5.5958470064735755 -21.85547602010271
142 3.7677632780068584 -22.92948079347708
143 4.897199004016327 -21.89148806641047
144 4.2444249198909585 -22.25140198591738
145 5.778157603918497 -21.19361724023993
146 6.281284894634989 -21.083320875739794
147 3.076933475384407 -22.503533987563415
148 0.27099860997536673 -20.89109277857316
149 5.420206162115332 -20.697234657170426
150 1.5598839301507084 -21.55724212248304
151 0.3935796320920899 -20.52260147400436
152 4.145030643911541 -21.169491186240204
153 1.4831581028185783 -21.073614127426016
154 1.9970708979209049 -21.30431722903994
155 4.150419925821097 -20.76016680228973
156 5.880074899992964 -19.62653425352645
157 2.101259579734546 -20.962798313596927
158 4.727035598671039 -19.904062912030476
159 1.8688166648697053 -20.56462829096289
160 1.0340918310813225 -19.777501165118053
161 0.4080341064379347 -19.20451510159775
162 3.4138568889813232 -20.36798088968696
163 5.48476819495466 -18.831176804270775
164 0.19086682601713809 -18.732067132573505
165 5.840126224551524 -18.509448241518253
166 5.594935403677553 -18.440378281175718
167 0.9748645087015321 -18.88278938994417
168 4.551808885451402 -18.844947261137754
169 0.850125394709005 -18.555359807339908
170 2.6315691075825534 -19.578328430886515
171 5.750178557507436 -17.840918259228456
172 5.8662115127261965 -17.717316626104484
173 0.09626664290938605 -17.67612384449425
174 2.069663577360842 -18.939980499945428
175 4.411503013152716 -18.202861506873464
176 1.659753382165964 -18.45327485154424
177 5.294140109421824 -17.367577086201916
178 2.836163850670962 -18.743097668311364
179 2.600704253338093 -18.624123696287818
180 5.536587814163123 -16.962295230516077
181 5.366819189634306 -16.933772851670213
182 0.25755529810803346 -16.81982733253562
183 5.408567844721783 -16.722191872840412
184 2.52460482822974 -18.12085335307803
185 6.135009112587857 -16.4146261635695
186 3.3328649194337086 -17.86258275419428
187 6.032061970669943 -16.22022205924381
188 0.18196501778839472 -16.224021037156547
189 5.618346265085355 -16.09124661047701
190 5.615315487375817 -16.003183014364375
191 4.222606867329495 -16.83631346216272
192 3.9575060188758684 -16.956719138599556
193 5.244210549772185 -15.901616261658612
194 4.65614456013364 -16.22552492104995
195 3.538884060120774 -16.973947680241437
196 0.5560476886268146 -15.717458090650952
197 0.44583418298375777 -15.568177911345076
198 0.4153529824032989 -15.46870660931491
199 2.335563183705149 -16.74381548684157
200 2.602226399914608 -16.74167616462548
201 4.613431811969676 -15.689332226422971
202 3.343412289802878 -16.499618126652283
203 3.230500217079689 -16.462590291449406
204 2.156192596716099 -16.26459668563872
205 4.15629354275561 -15.75342291303283
206 2.355709104678892 -16.20259994044077
207 1.8416712006080025 -15.840987970882534
208 2.261041612533007 -16.01260940927289
209 4.710616141339912 -15.006755797229875
210 1.8392157519576002 -15.616663511744758
211 5.284956658667723 -14.47127436440869
212 3.940441744740994 -15.407058693092837
213 5.032863044022979 -14.483352750250479
214 4.775035103737358 -14.601247895139863
215 2.505243394639844 -15.599161088986634
216 2.4631635324921772 -15.517672108338914
217 2.6872556599190385 -15.498625557143956
218 3.4188616327919847 -15.308720428672704
219 4.2742230771326755 -14.66774182743578
220 1.150114058076814 -14.366843860742883
221 5.272383121224601 -13.795020183869054
222 5.8184792089726844 -13.532892544460768
223 1.0988961078547441 -14.127158159343882
224 3.86332602142633 -14.65871758154069
225 0.33676482499869687 -13.477353033133829
226 0.8671083808022979 -13.750837527904542
227 0.4262990898786444 -13.396891460589636
228 5.683254174002363 -13.182361025020294
229 1.8040845923227244 -14.317151838379063
230 1.8959626434705101 -14.320725991335864
231 2.5728477870446187 -14.58191459618514
232 4.883799443075207 -13.366573484772047
233 3.9910649451001716 -14.018187951583295
234 4.785611563664499 -13.323888887728376
235 4.756141312015924 -13.28899829218718
236 6.221144296350107 -12.68040004839949
237 1.737946745411182 -13.792692351175848
238 0.484417935955309 -12.773462842391897
239 5.499231683681587 -12.5999992024181
240 4.3086469992540515 -13.370608062177585
241 2.087733329876688 -13.80303034944593
242 4.574166908830402 -13.043556077990123
243 3.3735127540127623 -13.82314699026411
244 1.260769199866416 -13.01524317366687
245 3.3407623167304643 -13.728862957663546
246 0.4463384081620411 -12.312223047357438
247 5.084285682723387 -12.393195789927029
248 0.9118919425487505 -12.518524413723696
249 5.618334812142967 -12.020333481229128
250 1.8703427755612592 -13.181386012659328
251 6.2001902586679645 -11.86485107499535
252 1.3686357515007965 -12.685229781209786
253 4.113771485780449 -12.846380969488756
254 1.8913871749794287 -12.992927307411648
255 0.024503228464037047 -11.684740506207513
256 2.567027058611963 -13.223462529361344
257 0.14685461824891405 -11.62104397326457
258 5.329318163303427 -11.697432071675715
259 3.752132720988148 -12.813918623713542
260 5.2149561681292695 -11.666793435560406
261 0.41306330412291337 -11.542431120985981
262 2.750434285527323 -12.968164875455953
263 4.692505054069595 -11.899946444139117
264 1.3925805093548287 -12.12274867122797
265 1.1343980928555901 -11.8616369057105
266 1.4186084954032785 -12.05243631154139
267 4.717920384938657 -11.698750338013905
268 2.144552597041407 -12.489062136670318
269 5.957921931990671 -11.000200019146403
270 5.762590939308541 -10.983551730840215
271 0.9591175008147595 -11.4508017186913
272 3.7346525770394274 -12.237687331405626
273 0.41899929347992304 -11.003366987165998
274 0.3031170929996201 -10.904889210704479
275 3.989848310220827 -11.935542408681602
276 4.195584453857886 -11.73543754000035
277 5.961961513173516 -10.656319928982189
278 1.5752735495360666 -11.657027583559561
279 1.3468720147433488 -11.42698827519542
280 0.24056741557439804 -10.627450707579728
281 4.390068082496486 -11.37302340652344
282 2.008430015359757 -11.810735261463094
283 2.9108709280906178 -12.066558432743733
284 5.079553305561507 -10.718444755668061
285 4.192816570363599 -11.374116662919102
286 4.841544348509731 -10.81174923828394
287 5.198412858452709 -10.524987185648
288 5.690913723987716 -10.261979960825228
289 6.137739438562703 -10.178095311236568
290 3.6134562302327624 -11.582370021026271
291 5.733055173251252 -10.136457526047648
292 5.494265879535554 -10.180076649320256
293 2.567359171452414 -11.639768561966717
294 2.5223772108138025 -11.59006557111623
295 5.548512821150794 -10.046815333612024
296 5.182016363546688 -10.197874790464645
297 1.0076409216713882 -10.446325810355768
298 1.8431160388509278 -11.08390169786154
299 5.594754107556636 -9.884837550801718
300 1.4721362045092456 -10.720936778818063
301 0.45511480960720463 -9.925284458046907
302 0.6308035759921615 -9.993185968602363
303 4.966470198614615 -10.095117432967983
304 5.105033115283732 -9.964424588734174
305 2.6511858442331944 -11.227643359098076
306 6.203440174301368 -9.568677590890847
307 1.8604054457198826 -10.778961835791558
308 0.0320436705372666 -9.520269986295906
309 2.056460356322486 -10.842244531797364
310 2.9104470264232005 -11.080999867239822
311 1.0934721775715275 -10.025898574630045
312 5.370828702100825 -9.538433499285961
313 0.7491324566043085 -9.697042247537093
314 1.0729828686255982 -9.910083823466499
315 2.436842715120685 -10.833092602126719
316 4.333505756677103 -10.167102161641617
317 1.6890350565974706 -10.318676224255304
318 3.894037075321206 -10.440440982237
319 0.7878079012727006 -9.53044986470725
320 5.949417953723258 -9.10445208901719
321 4.118189421482839 -10.18204170632979
322 4.758595702170559 -9.63376242362584
323 2.565641923126952 -10.621190251470706
324 5.0735988476740355 -9.339423081771129
325 6.087532406494007 -8.946796751289805
326 1.428413628018158 -9.825977868347579
327 5.493316172490751 -9.011331013906528
328 0.8473777386402138 -9.296090434606231
329 5.720955423617539 -8.87138836328471
330 0.5993735981446974 -9.067728929513606
331 4.0339751377470705 -9.94678041090172
332 0.14010363814002713 -8.794580944049859
333 1.900598789805742 -9.986903532684028
334 3.642048418222469 -10.119353354535484
335 4.278219269008787 -9.641561036397087
336 3.920031595440296 -9.886323616792284
337 1.483948464807117 -9.548555581174918
338 5.334498737847314 -8.771889935767923
339 0.25443614849686386 -8.63391912766849
340 1.8993715017274784 -9.786532512856617
341 3.5366535204602 -9.97881149910055
342 1.0753641409647756 -9.069856572588494
343 1.0909684957127443 -9.054933799967756
344 4.305814988086326 -9.371005700834377
345 1.3225121004551927 -9.19174732007117
346 1.0916073007712326 -8.973784670682544
347 4.109965795287946 -9.446203808297888
348 0.8360942756821965 -8.722214717646784
349 1.6104703472267694 -9.322210200256311
350 4.871939108399529 -8.755910949868213
351 5.210930532069192 -8.494424562278885
352 4.5458581015267905 -8.964362288768074
353 0.7794568291599763 -8.550151035882008
354 4.353698975776001 -9.071022148998047
355 4.914667905105678 -8.595677746038955
356 0.47137423654640265 -8.28062314513823
357 1.38188097572499 -8.926485507288907
358 5.077830257967391 -8.40360659836985
359 4.7406505426317045 -8.630417376464672
360 5.666487889265104 -8.05098513231274
361 2.7689562292672636 -9.613421931035749
362 2.5006822083324547 -9.529798802322455
363 5.018403768561848 -8.322514039154406
364 4.534830251439225 -8.675675286810074
365 1.1479427648046892 -8.53355533783994
366 5.7502814554844734 -7.881514762288718
367 1.7940211688449668 -9.01129138578886
368 4.98652974597663 -8.226202105138585
369 5.115977983440719 -8.112731973081859
370 2.0018843778347715 -9.086772133191062
371 6.221856493020398 -7.733916141914664
372 0.8688266160139423 -8.147661419062175
373 2.8807120308553786 -9.334907817675418
374 2.9104606376178173 -9.312179370353011
375 1.3442845878634981 -8.460440396879328
376 4.068864578330539 -8.770416911189807
377 1.867864522258092 -8.832224763791464
378 6.231201475927986 -7.574909231585211
379 2.071304321042171 -8.92405125532061
380 0.20582520865892653 -7.592262018414351
381 2.1933908833568894 -8.950782299953104
382 1.787091286235798 -8.66044823433224
383 4.226074623024383 -8.493782539254727
384 0.710536188244474 -7.7645432502023795
385 1.1838426298101217 -8.102994327672304
386 4.965933262529076 -7.837827980674699
387 4.314044395704195 -8.3372852840304
388 1.3182859035896237 -8.149814604982613
389 0.7267179589423499 -7.667362012684258
390 3.081437308049516 -8.948228338482915
391 1.9843842130842861 -8.606619829516456
392 1.651703586961136 -8.339478840130603
393 4.5228201379681785 -8.040856673005846
394 1.5723688294685345 -8.233663323829248
395 5.0449097124887965 -7.593255409879786
396 3.0553814576614218 -8.827179207878913
397 1.7240368359598857 -8.292537608750909
398 4.258948862934553 -8.15446893012642
399 2.2514688725466323 -8.59980301199522
400 1.999611825664828 -8.430945711794493
401 1.80020697618083 -8.269510104643995
402 0.9658940293740188 -7.572999531591144
403 3.1071880265424006 -8.679428359411917
404 5.325406517659963 -7.235825299674726
405 0.06163144207467705 -7.028808308662546
406 1.2499053740070576 -7.723223452122584
407 5.343972312113482 -7.1673660585778975
408 1.7982745251700007 -8.12976898206933
409 6.095195537141796 -6.920586702338932
410 1.9588600695939204 -8.20660395930638
411 3.716057524064731 -8.288749570701937
412 4.918538905540566 -7.352421618604206
413 4.353768627799739 -7.7874406994570355
414 4.440493243120155 -7.6978658667066275
415 0.8741157450184484 -7.251605126401642
416 2.5559450373704813 -8.393319238005068
417 4.41992907328917 -7.659436831947963
418 5.881167410361392 -6.76665256777479
419 1.1390002964795403 -7.384530198251323
420 5.230102121555098 -6.99089492732513
421 4.597163802239832 -7.441404877866898
422 0.24756950392297233 -6.763907665892301
423 2.58118471386133 -8.272443783509521
424 4.388866789514268 -7.558860802975344
425 2.9329797374395357 -8.282828882686141
426 1.5658721484805551 -7.61167952815814
427 3.795477864133504 -7.949332655940481
428 1.8649810639731197 -7.808860920570655
429 3.1077533866674627 -8.197520750218514
430 5.451633688561727 -6.692449917345065
431 5.057207351149753 -6.910897596319891
432 0.2305057348807914 -6.581061522887218
433 1.423659037955882 -7.371279608914791
434 5.824275918374723 -6.494433570009984
435 1.8933911995762551 -7.707793712732259
436 5.040167684692646 -6.838056800392402
437 5.793305813419485 -6.450525303352192
438 6.046339092669179 -6.401182735370137
439 1.1748583845463172 -7.062042209323133
440 0.2981399550296044 -6.4710040011277234
441 5.0617415588703425 -6.740010424286801
442 1.9218947869541583 -7.610299368610821
443 0.7400225561709237 -6.664049392382146
444 0.4725058094887419 -6.48591146125798
445 6.174388229935973 -6.2893400860442545
446 3.9935540008211894 -7.496622380574601
447 0.5687370169406726 -6.490428757763283
448 6.128378813077885 -6.238197526369668
449 3.5129496246929155 -7.7384290952121315
450 6.141538119110218 -6.206938397084759
451 4.993476123404615 -6.628323944684672
452 6.076874153768847 -6.173727412849418
453 2.298068120546404 -7.659413368117905
454 2.326564355441678 -7.657332551696119
455 5.103469944584121 -6.48875287134323
456 1.7780883226470559 -7.280055354336478
457 5.02020656127693 -6.516228399110273
458 2.705813100056965 -7.719282949139506
459 1.0534053618170014 -6.642359557101188
460 0.4870675475582609 -6.240672699196766
461 5.187817669708528 -6.3417905346353525
462 1.7726402273626936 -7.18371808062881
463 4.079215826078091 -7.171013037435875
464 2.6976408821599023 -7.626933994119553
465 4.906174783973961 -6.480279563775383
466 4.77044704444039 -6.570958046014814
467 3.5036065486173853 -7.468208902299488
468 6.133207418317103 -5.931866329036724
469 1.2270470279954546 -6.633274151976815
470 0.4996458085506558 -6.098011293917546
471 6.168207198980934 -5.8901130018338765
472 1.5924416459819781 -6.89269676184696
473 2.8847502014918014 -7.515505432746384
474 3.483505035291442 -7.375988311490881
475 2.627707043548505 -7.451220633339014
476 3.337945436001875 -7.4036734365409504
477 6.115227462197028 -5.801645243280548
478 2.9702626456207386 -7.444222589364568
479 3.0102082352415183 -7.42803095466532
480 4.575797909781976 -6.528988477939955
481 6.003471806710469 -5.747817578073807
482 2.1089317922454276 -7.126299074687012
483 0.04069628110988258 -5.741356906938492
484 4.0247932832851125 -6.912495548875479
485 2.4749589333652 -7.264866671883263
486 1.8985889014325557 -6.931066353368562
487 4.0760462350402875 -6.833923465387514
488 0.6229195932011942 -5.915353547174341
489 4.031827396237142 -6.839930209613828
490 3.1401776815277542 -7.261555048404646
491 3.9011171353699226 -6.905867522576176
492 0.628981630318703 -5.865186418852682
493 0.6554953384572584 -5.8683599763603995
494 2.8723215014566033 -7.2260302398726415
495 0.5602747983965746 -5.784457033175245
496 5.825406781495891 -5.570838946773155
497 1.3661816389342318 -6.35990606406963
498 4.350700990018216 -6.4734251705820345
499 5.290632696239856 -5.751054200418788
500 1.7798733890894978 -6.656504008457821
501 1.3542357652881007 -6.297832821730603
502 1.3889866859477087 -6.313984655113534
503 3.545816606755222 -6.958270758945951
504 1.3059916572174721 -6.2190106558804255
505 5.475690053600516 -5.576642188160484
506 5.546750772124501 -5.532285817409397
507 3.842677856716836 -6.739458911397588
508 3.4385083558319085 -6.942840170587605
509 1.5045859101919647 -6.321394199379859
510 2.366735720544358 -6.894772501912006
511 4.543939199685088 -6.152116562849756
512 5.889790187523179 -5.3565255657777096
513 3.6167237964394023 -6.798799493313867
514 2.12764424380565 -6.719783656061794
515 0.10593775609602166 -5.341263170637368
516 0.6618419554919502 -5.5797494545594395
517 0.7127673234789078 -5.600495871974916
518 5.9056808790547946 -5.281375038603959
519 0.8764160264349083 -5.690649731269691
520 2.504426528302183 -6.827405688632093
521 0.5006090601190597 -5.425276336648903
522 2.590440088335067 -6.830392088317087
523 0.4349103523119989 -5.36781386079892
524 4.919228330621105 -5.697784566836109
525 4.369502245796764 -6.12863943321186
526 1.3844564410549562 -6.015359092865398
527 0.5332690146436168 -5.372375729420746
528 3.376787258288823 -6.727239292166516
529 0.8419605335449593 -5.547528729821115
530 4.142067074005772 -6.252020704588585
531 1.7620563483655518 -6.264317376467349
532 3.3894649778868824 -6.677004270914775
533 2.3031938482132324 -6.591483376082142
534 1.0552379646885908 -5.652160626159056
535 1.7164036314185014 -6.1831233581524545
536 6.16453793301623 -5.061285581237475
537 3.081597994942323 -6.696546681618198
538 5.338410539901177 -5.258894395545464
539 2.695499168364169 -6.660318431767017
540 0.6886214482105113 -5.317869054825155
541 2.900638866267424 -6.661022954979347
542 3.645144363364148 -6.449837611173513
543 1.7330755912661684 -6.10681828783732
544 1.0665909411574641 -5.549479242629121
545 6.054670542730486 -4.960349722031965
546 4.287902800790975 -5.960701444563661
547 6.282682812923429 -4.9533282678652615
548 2.9051166114732943 -6.585083155193969
549 4.048070904138273 -6.114185976398858
550 4.223136049644094 -5.969686158172904
551 5.855597605264162 -4.918421043642785
552 5.399698437848814 -5.074607953800952
553 5.44167228107965 -5.042634736409321
554 0.5107129450368604 -5.060647504202947
555 2.7232033106276448 -6.492869267105004
556 3.672586132109555 -6.286053642724764
557 2.9152103938340534 -6.49028974963676
558 5.929858063083379 -4.833041236588711
559 0.17958310451002735 -4.8680561553358395
560 4.674599756355894 -5.498565506865471
561 5.767617663493063 -4.834569371919327
562 5.331653630232756 -5.008502639916186
563 3.7525872732401915 -6.168252969675134
564 5.970294302518868 -4.766927116325393
565 1.9822773873844497 -6.0573100638597595
566 0.26364850115355387 -4.824542768076303
567 4.027447041558283 -5.944385279738371
568 3.4861980006392463 -6.2563053553526995
569 1.9435944280729622 -5.990187713645263
570 0.6828741465692642 -4.998199211346293
571 3.006769971530947 -6.346512187499111
572 3.215967660350131 -6.306479591051842
573 2.431714997959548 -6.225263160429172
574 3.3200175160046577 -6.2588927687291696
575 3.2753277270792434 -6.262208686223429
576 5.077319178285305 -5.031811898980317
577 4.762527999626435 -5.259580377779093
578 6.240120036837417 -4.631040396138378
579 3.5605393642710195 -6.115052850025569
580 3.438103973569833 -6.15928618936519
581 1.0203979524373363 -5.132836117672672
582 3.496963273492957 -6.115705880523549
583 3.1296151477598233 -6.217066968939475
584 5.750308512977036 -4.613605291589914
585 4.559720309336234 -5.348524887123214
586 2.404192690430788 -6.088545543622674
587 2.5305117968188844 -6.126803245817563
588 5.479912899356266 -4.678800622095726
589 4.449811663568341 -5.401708713944875
590 4.504367315245233 -5.3476901016804845
591 6.271449481551756 -4.512321746800703
592 2.2451132389646498 -5.95617049185701
593 4.665112816888357 -5.188543086038932
594 0.05404704335264376 -4.496016154413248
595 5.4559969848493175 -4.626141131134717
596 3.1771583453129812 -6.088193866460334
597 5.593944694257986 -4.546694738646001
598 6.101540870483297 -4.4356724864359975
599 0.733683824158011 -4.755714642898554
600 3.7931554344729577 -5.792510355634525
601 3.5618718179629463 -5.911490947230129
602 1.7735593305348603 -5.551951291923642
603 0.10578444230851773 -4.426106336766889
604 3.443544181589493 -5.937033548971898
605 0.2395568305676552 -4.447441465465355
606 5.297149951834637 -4.614293851600317
607 2.1990487372962844 -5.795480833455573
608 0.03569706783174744 -4.367206839561191
609 2.2203823179901407 -5.789807020416507
610 4.787949850692044 -4.939349720739035
611 0.37233638429187005 -4.447075864694008
612 1.7454870500175996 -5.4419535068988
613 3.235896846269176 -5.925530837298573
614 4.4007528044117885 -5.220660053346505
615 5.324708279124981 -4.520769473693987
616 1.044410527591042 -4.833735169092573
617 3.354122985415226 -5.857552043139254
618 4.666614755761188 -4.968979553144285
619 5.885490122948879 -4.271221982923659
620 5.665748692684597 -4.320231370325547
621 0.5700402294544088 -4.462117838032749
622 2.235302088291882 -5.686559913414186
623 5.297076993058119 -4.46983961002379
624 1.769276260153627 -5.358156122565034
625 4.663469863598537 -4.913497542631906
626 1.2481034228584116 -4.914624190092507
627 0.7827298446456592 -4.546654850355979
628 1.0786423524780835 -4.759933380849426
629 3.974264966417611 -5.425748788253934
630 0.38121744601264584 -4.290939105619747
631 1.8695345819243134 -5.375882222951064
632 0.2730522121495365 -4.230564321681438
633 2.4465909765536593 -5.6953196448551475
634 4.288905055697091 -5.146644502776444
635 0.2994932429099142 -4.216302759766139
636 0.7701005700299773 -4.464596390373782
637 5.832353015608213 -4.134510255861717
638 1.9545053467684579 -5.380245463671757
639 4.23784377303555 -5.147719939817824
640 1.8410768047645194 -5.282269473285602
641 6.2497738279908175 -4.0827533271951335
642 4.930049994925144 -4.567289809326795
643 3.313295078420839 -5.6594355065175295
644 1.7925843697846342 -5.214039711726442
645 4.4608854614972335 -4.920665803948081
646 0.32893555552243425 -4.141016751731496
647 4.679175503845391 -4.726392384389107
648 5.331154973571337 -4.251130487467685
649 4.20870016800205 -5.093337669780471
650 1.0796388472022551 -4.585199711004993
651 2.289003908796644 -5.482147847893731
652 1.7022456225752602 -5.081641950187698
653 3.889774398768535 -5.296244262786511
654 4.960951146628114 -4.452400540053448
655 5.18081528760725 -4.290441726295274
656 5.571912141352743 -4.071095238721473
657 0.954598376668128 -4.434337895564335
658 5.0971728659988 -4.324426681052415
659 4.133857558506603 -5.07619860907718
660 5.449454940507292 -4.097465545797241
661 0.14706618627291737 -3.9653534533263812
662 0.6849623584734358 -4.2074682530880825
663 5.798820849416415 -3.9437538536843375
664 6.096407818766549 -3.8987816421080232
665 5.2642106758526594 -4.163922801303137
666 2.755143473485646 -5.527365900194626
667 6.1436197993104775 -3.877575792661971
668 3.2553259489152673 -5.487786738719938
669 0.5733562178326822 -4.088476906286816
670 5.297953728380055 -4.107547027683514
671 6.009825592992254 -3.8514842742451014
672 0.3003231326260161 -3.9352116186095007
673 0.7947467686589336 -4.200139326187014
674 3.0742809617645275 -5.477468699598914
675 5.184843671276124 -4.14244941780358
676 1.4364377786601257 -4.686572288122713
677 5.976609809564606 -3.811782535756371
678 6.037018268845586 -3.799947297367891
679 2.5313159765855118 -5.378984448631192
680 5.591557392575748 -3.8897142823683897
681 4.63386594566901 -4.5157656916844635
682 3.668142081018749 -5.221678646843428
683 4.411694661946972 -4.6842539348045555
684 1.8527798436311902 -4.963503201578485
685 2.167339214809127 -5.16747223972547
686 2.7527946113151733 -5.385111531389797
687 3.123861881582188 -5.380408111993357
688 0.9943067181035521 -4.241147588459901
689 5.6246877173345196 -3.8148013208804215
690 3.0510361374565176 -5.368474039631983
691 0.5983221723265156 -3.948017247714938
692 3.8195035562986304 -5.064403907777206
693 3.6691488393355454 -5.146187056947879
694 1.4034407799108333 -4.533769238073817
695 0.2204133958479847 -3.7468602935967916
696 1.3077135183161988 -4.440295706490076
697 5.5986959835533545 -3.7711836387552258
698 5.565699391466993 -3.7781046391191455
699 0.7205821220262775 -3.9700123284487376
700 1.4272945866579858 -4.513359891826676
701 5.948702367432231 -3.6514706370488277
702 1.4069422690711368 -4.4830629332576954
703 3.7667673624513234 -5.02409923342233
704 0.2986280694821974 -3.714717258149314
705 4.3648722022055955 -4.57563952387338
706 3.961716640850339 -4.877605667198488
707 5.315242274348297 -3.8459702612552986
708 4.576698514922973 -4.382738959941584
709 1.741605849186824 -4.710395983147816
710 0.5502316110011141 -3.794367303469852
711 2.945224951601132 -5.2344128899377065
712 2.1454638906491104 -4.974099582278201
713 5.485425230777211 -3.717044742510894
714 4.517430157736439 -4.39329757143229
715 5.8144194839494485 -3.5856724169784813
716 3.7259111814172265 -4.964981928544018
717 1.039816654254171 -4.084650457551898
718 5.692197281293366 -3.601541397279174
719 0.5551099016648259 -3.7396199055711348
720 1.034952575533051 -4.061845793813982
721 2.7427188593575833 -5.153814127335114
722 1.5463249850777538 -4.4700148379465015
723 0.38636720971353283 -3.6295894957821733
724 1.6117629991194136 -4.511147332060534
725 3.3153936062705034 -5.091114404656187
726 5.688143952717115 -3.5532910186418816
727 0.5333575085791203 -3.677713251175873
728 3.443860106205482 -5.0284187327176575
729 1.2670511998490317 -4.193920117695023
730 1.8574129108951187 -4.666211120899074
731 2.8288326399207144 -5.103738771000449
732 1.802049211444446 -4.6122947971143375
733 2.700817137820691 -5.072219768542279
734 5.484731738893848 -3.587875118405954
735 5.761903481384875 -3.476111466475366
736 3.3909265726387003 -4.999899768460876
737 4.922085712438354 -3.9281965629285054
738 2.1118981063155284 -4.792145834532581
739 0.4525671592296868 -3.5630095663154986
740 0.5544395325297825 -3.610503669702235
741 5.797142392283705 -3.431108984188265
742 6.141532296972881 -3.3863644438016705
743 5.416686683589791 -3.568734061255276
744 6.033926581756088 -3.376322757414608
745 4.238410095091439 -4.431990888799881
746 0.7299377781956632 -3.6819699936854353
747 3.5807083432743676 -4.855337946385251
748 1.9297123058923629 -4.611098205890133
749 5.500982645419558 -3.492035297891333
750 2.5368879207796535 -4.927415466260392
751 0.8752355764074435 -3.7535553257502166
752 4.29635307452216 -4.345685636460451
753 1.9177010015628102 -4.573472109314249
754 0.14253264147267114 -3.357913978026865
755 5.127585584119303 -3.675229828722266
756 5.707073404990276 -3.3702654448927856
757 2.937547730857588 -4.957066974840114
758 5.409144364722641 -3.486681582592355
759 5.817009510573246 -3.3225942503654
760 2.022262758579048 -4.6060982521779055
761 3.8752823397718394 -4.606306976114789
762 1.6049232201361325 -4.2801901793240225
763 3.8052592517928 -4.6399099930432195
764 1.5465531155105166 -4.221034895899511
765 4.576929896435246 -4.043886417055316
766 1.9074840774236066 -4.49236986217346
767 4.895301788296252 -3.7776680591918543
768 3.207519273484382 -4.868426790934173
769 2.899521349682765 -4.889083823818372
770 4.855763469894945 -3.7919069630865914
771 1.1679301751063773 -3.8677089722698756
772 0.18583492279033528 -3.269159003956564
773 5.806033311461423 -3.2478949267669632
774 1.0277034902928075 -3.7391515026991224
775 0.6876484053127025 -3.4906293992832778
776 0.0075446049952331215 -3.207749899876621
777 4.689416907466944 -3.8868615314688113
778 2.350784634569309 -4.695711567188766
779 6.245881336551003 -3.1856836902050616
780 4.5738459091146195 -3.9653824430465088
781 1.3362559812339245 -3.952465608281597
782 4.0018983754090645 -4.405608969351499
783 5.805647259565868 -3.194404498651724
784 5.968830634590879 -3.1594534686549776
785 0.5113351344506032 -3.334056955446777
786 1.9043382234857262 -4.381320123603482
787 2.745248372108457 -4.775880387595476
788 0.5312618841394953 -3.3288555423655923
789 4.6778929280712225 -3.8330881311104332
790 3.265397886126385 -4.737326999109361
791 4.444549585906599 -4.014077710852881
792 1.2480840670988067 -3.820820652019064
793 4.916436267909792 -3.6235499616152502
794 5.5527744376938335 -3.223784836223947
795 0.4704477716745394 -3.260609442948748
796 5.563662858096471 -3.208832248956573
797 2.0582764835165746 -4.429980382424266
798 4.26914795464964 -4.12019859058624
799 0.5217517220229487 -3.2665855080990984
800 3.4275255008923513 -4.63459661215905
801 4.066909052880866 -4.26048965009153
802 0.5854794966636505 -3.286625018292715
803 0.5483995044359808 -3.2606571779383424
804 1.8008702413367228 -4.210815082673017
805 1.8191803755178486 -4.219689454589848
806 4.562633082846946 -3.8411398770930307
807 2.9915501494546968 -4.690330837953665
808 0.27822206143294875 -3.111138188418312
809 5.4285103447653675 -3.20748344159915
810 5.615060471144588 -3.1173654520316423
811 2.012664729922475 -4.3287140771301456
812 5.980871394342255 -3.015123278282909
813 5.193972276663341 -3.3256881853277234
814 3.6437438158562583 -4.467000312058494
815 4.883158387254392 -3.539144144951785
816 4.372533542644709 -3.947780374684973
817 5.874025169152979 -3.0067131662904396
818 1.7067603985789126 -4.067576547984807
819 5.049155629262969 -3.395823237685911
820 1.9419380382440161 -4.235325349677975
821 2.4381483133872206 -4.514191658371537
822 0.48986156514329 -3.1352315900646377
823 5.063560541283922 -3.3663381465669926
824 3.0830409685292093 -4.600710822943162
825 0.8473025478064022 -3.342163041831561
826 5.187827562328111 -3.2670428847999204
827 5.954814552577287 -2.945506046251325
828 3.1213701780596943 -4.57691722713647
829 3.6589391219225536 -4.386911025862986
830 5.090732230153469 -3.3139995346860163
831 4.23363018595305 -3.98747667295153
832 4.829280373122538 -3.5001164942729788
833 0.4240811641897111 -3.050326212621837
834 2.323620348937782 -4.4002712088301195
835 0.19755317984948245 -2.9535335228756794
836 2.8240536415787316 -4.543928180711583
837 5.319604733442773 -3.1336414019559795
838 1.1716926259554197 -3.530431292649654
839 2.302264749996824 -4.366188858267813
840 5.178912517908247 -3.2075488385537185
841 5.477556462841354 -3.030281302574185
842 4.6391069645549345 -3.606972474339562
843 0.3627865978247892 -2.9763166482720926
844 0.896484677027775 -3.2881020823617053
845 5.86294726854323 -2.8769512906618626
846 6.0199141540029935 -2.8503443232390264
847 1.308854963078787 -3.60193940461379
848 5.354456613905842 -3.063325794923986
849 1.3448246441491205 -3.622786992199379
850 5.522253662352731 -2.968250117109786
851 0.3721956781595359 -2.9437963655896793
852 1.732444281006174 -3.9275354904111928
853 3.6630019236302975 -4.27462201989404
854 4.799730972030717 -3.4232654083561176
855 3.7762098289154244 -4.201267791990769
856 5.939706549923775 -2.8141059067621965
857 5.310323090715321 -3.048656701760528
858 4.977026064370429 -3.2688652623287204
859 2.5125690058703176 -4.366336998452958
860 3.888521859478809 -4.108236919389965
861 1.4386628965556107 -3.64715824825576
862 4.765097709580576 -3.415683182281648
863 0.7178435568625107 -3.0786009753592163
864 0.5512434389255629 -2.973969467059777
865 5.962173260851618 -2.771469226056424
866 2.185425595707891 -4.180583821805143
867 1.6790056426197069 -3.8182673265821183
868 4.096448031591234 -3.926690080355674
869 0.3866393586613149 -2.8702639674781594
870 2.5472827993626033 -4.330027563485848
871 3.2979737072323383 -4.345917335672456
872 5.571301382519995 -2.8500873013172674
873 2.278177955108237 -4.2014605357449435
874 6.010693057672634 -2.727533897115825
875 1.0739267945496698 -3.2857092779208084
876 4.513612808420505 -3.560716632455723
877 2.277558793104733 -4.18397260978946
878 2.350495730308206 -4.216152576521145
879 3.4049905833605782 -4.277821829312716
880 4.161076213799802 -3.826821846063165
881 5.507267816005895 -2.8406111548959814
882 0.043101946447634265 -2.7078885134124158
883 1.2861815288522824 -3.424552142017508
884 2.9478503934627938 -4.338786151434355
885 5.8344134816596 -2.7087832642284697
886 0.26706300525660304 -2.7503672851559493
887 2.290782170307556 -4.148599208326949
888 4.890856476546953 -3.2065456076992076
889 2.284614384862322 -4.137068455228856
890 2.813493325200041 -4.305444574839413
891 1.5910205639048884 -3.6445586999018165
892 1.1541015415393177 -3.278255989688957
893 3.6421339441246032 -4.114961543132292
894 5.192916919552402 -2.9650009520424376
895 1.252317012577343 -3.3463975390681804
896 3.7392076756067305 -4.049265910643962
897 4.018401804873274 -3.862954661700003
898 5.3927333032325455 -2.828743082827819
899 5.3855830975755845 -2.828612816737447
900 3.8623926395566706 -3.957481138487658
901 4.254365301266681 -3.668163801465087
902 0.6490409896511428 -2.8704547173159844
903 3.7952065928229644 -3.987752975562726
904 4.19872388478986 -3.699829581876318
905 6.008824743776846 -2.5996145697861452
906 5.042318015984539 -3.020609654897364
907 3.633298122125199 -4.063264157037853
908 4.547222029154307 -3.4025655947917777
909 0.7841656181245568 -2.929705282223522
910 5.395914572483682 -2.779206953428574
911 4.678519714354966 -3.2832291995222387
912 2.030408765334408 -3.891750512871131
913 1.5456762664676744 -3.5180001273730728
914 3.282470167200147 -4.17389608438603
915 4.889264702032326 -3.099852898729157
916 4.11440335635538 -3.7172351327525135
917 2.8570041676727898 -4.20141472893331
918 4.259243146624698 -3.59753444431789
919 3.2847346228943364 -4.153847134592347
920 0.9297599287753742 -2.990348079448652
921 2.9001415880248103 -4.188700816654583
922 2.9995280314323556 -4.185461779020367
923 5.532776422418183 -2.6605677212642918
924 0.7522143854016694 -2.849285734677734
925 0.9776362711671397 -3.007037858948058
926 1.145412724076077 -3.1353390592894654
927 2.948904915678624 -4.166993186484483
928 3.5496544409652486 -4.022723409939999
929 2.5297234157721937 -4.084381294403248
930 0.9191851494280565 -2.943900624440101
931 6.110383117825613 -2.4938758996809667
932 3.9636278538679846 -3.7654419594316577
933 0.5177078430033581 -2.674243435673609
934 4.730436901121029 -3.1532740315484973
935 6.126386194960974 -2.478839475227449
936 1.231548472827334 -3.1676028255149853
937 2.4223339659222636 -4.0126524594146025
938 0.5231354540912668 -2.6582830252936476
939 5.037599926447206 -2.8978182528126113
940 4.456167556139924 -3.355492612536067
941 6.159675026735943 -2.457207558763306
942 4.0544417869510685 -3.6636375477072107
943 5.83413677092105 -2.481731502062983
944 5.7674090157739375 -2.4951496178978796
945 5.967752120754143 -2.4507918579708674
946 1.6357330121232967 -3.4654967709612654
947 0.03398732508051662 -2.450998462907659
948 1.3772586187430866 -3.2440270584560826
949 0.9669034832083829 -2.9085209142577626
950 1.1000705748018016 -3.008671388751203
951 4.09263618289893 -3.602747913856316
952 6.211478836588725 -2.4198537331848877
953 2.8812164318614677 -4.0679941175512315
954 1.916813875084964 -3.6532218204943483
955 0.8281777782636998 -2.785198602185484
956 0.1851746148295667 -2.452538990760228
957 5.767690813443353 -2.4479647801885016
958 6.117290381178295 -2.3945231367472526
959 6.110897054155633 -2.3909629588594763
960 1.425568632775645 -3.2407483567670017
961 5.712643855724333 -2.4504290367538424
962 6.179232624726847 -2.381872061462684
963 2.747722585939214 -4.016234147476976
964 0.5323247681162877 -2.56829654432632
965 5.489830824985701 -2.5266681479312965
966 4.948491529307838 -2.8667514944159262
967 5.16284342460641 -2.709902275141501
968 5.406193929575607 -2.558841700619343
969 4.080493349345625 -3.548073487592849
970 1.7137303220054037 -3.4415211057260486
971 0.11567847534435975 -2.3813158572506703
972 4.790700350520843 -2.9686144277238435
973 3.8842225051647072 -3.671634986845887
974 2.7022764391096925 -3.9688521290191376
975 4.907489878624449 -2.8668186192073914
976 4.874253461020974 -2.8890719420848754
977 0.33395467883537006 -2.429528868313302
978 3.273006116824065 -3.9419981027826494
979 2.5658474168865006 -3.9152926873956364
980 0.3333459581695052 -2.4189408932701078
981 0.9915639699632304 -2.813524975215896
982 1.22524820282461 -2.9966901641147827
983 1.1194669803059154 -2.907158788615183
984 0.17542004937306288 -2.3516781851179935
985 0.35607995289418465 -2.4110899106458863
986 3.5385222448816958 -3.820575189690547
987 1.3649343322171525 -3.09561638587257
988 5.710483956969092 -2.3579455415772745
989 6.238462226624957 -2.2929799098694676
990 0.8222540082240735 -2.658510782340234
991 3.414754887139762 -3.854185658612577
992 4.370985406681233 -3.2432409139039233
993 6.115861932101171 -2.27355731871568
994 1.4670252470865202 -3.1572214171889357
995 4.6723977310260585 -2.9864602188507354
996 3.3343688284528765 -3.8642803004790127
997 0.6074632601650013 -2.4968462473982775
998 2.069068234326327 -3.6049730390155386
999 5.67768100627054 -2.332513807534189
1000 0.6152115316041402 -2.4914171354458547
1001 2.62707632764453 -3.859315849835193
1002 3.279556878698953 -3.8599230892372987
1003 0.9584377730136237 -2.7141804662963747
1004 0.8354450412112583 -2.6210627368595523
1005 2.7337872236873 -3.8707010480960964
1006 3.8090886914246167 -3.6092459847465594
1007 4.48461611708353 -3.1013883437412404
1008 5.365897262186963 -2.4468356139708334
1009 1.3393964949272457 -3.00095064571489
1010 4.39208606743477 -3.167419194306026
1011 5.446218030072419 -2.394010132657518
1012 5.873303766409812 -2.2360602423869804
1013 0.44562972756477975 -2.358309859029618
1014 2.2264771593113872 -3.6480425858501153
1015 5.637854304956008 -2.2953148742172216
1016 5.263317224972385 -2.4819405866911675
1017 1.804928733054031 -3.3546312923395307
1018 0.5682233559699548 -2.4058803914280187
1019 6.2829198838478835 -2.200043962093085
1020 1.3576788411679601 -2.9806892173448793
1021 1.2111888365283257 -2.855977379608662
1022 4.2523156759609275 -3.2415900835785845
1023 5.629008191738269 -2.273411102444785
1024 2.104125611023228 -3.5430827254058115
1025 2.2003442814294933 -3.59810090887144
1026 4.0522030595639205 -3.381464379418065
1027 0.4027547198016765 -2.293874923647391
1028 4.828126996753574 -2.7558527122193053
1029 0.0423801364683295 -2.1750623001267275
1030 1.1666411270432493 -2.791120686931659
1031 2.758810208800788 -3.7922512160586805
1032 6.0794458201887736 -2.1487864883887395
1033 2.1186669431438165 -3.5239699666351902
1034 0.46940967556942337 -2.3034232155293255
1035 6.18552010916337 -2.140669891964759
1036 1.7032309561349055 -3.2151466735860343
1037 1.1083765134549597 -2.722317427396895
1038 1.1995429529023682 -2.7930697061341374
1039 3.202636122943858 -3.7605777528410007
1040 3.054165291012174 -3.7779277437649497
1041 1.290180219801793 -2.8586404523432773
1042 4.95682826168824 -2.613649921823817
1043 4.985099744183274 -2.5894642096201492
1044 6.2540880479707575 -2.118840617127157
1045 4.916521140911403 -2.635248216502827
1046 1.5669836623541378 -3.0738640814033356
1047 3.5634027131852277 -3.615271954496009
1048 4.531150159147912 -2.9360411349401287
1049 5.722912446903348 -2.1605080180318996
1050 5.69339254081066 -2.16726114974455
1051 5.414279440363631 -2.287143435456413
1052 6.075092784299157 -2.0881254187616602
1053 1.4908836247779957 -2.989644502743956
1054 1.5040773504576455 -2.997616052068448
1055 5.079198515062872 -2.4853110989274914
1056 0.7674870308026186 -2.411379278919396
1057 3.1466626122704895 -3.716309173961984
1058 5.78827467142971 -2.114567923563534
1059 6.118356235118304 -2.066525580398629
1060 5.1721919624317785 -2.4066302360286294
1061 1.090246717316161 -2.6352163239820117
1062 0.9786013193879723 -2.5452898959247348
1063 0.4875928972896176 -2.224909013847611
1064 4.200368636683034 -3.155701720235034
1065 2.8863195416481195 -3.7045122674575097
1066 2.5751068994232402 -3.6424397219117086
1067 4.108844166717247 -3.2168327231395395
1068 1.7517368516332341 -3.157149098486569
1069 3.3583710130839615 -3.6312780049919655
1070 1.4129846873578678 -2.874331285561806
1071 4.362415356403274 -3.00681239257533
1072 5.243694119461966 -2.3254778873645154
1073 4.99521706996967 -2.4939933262178404
1074 0.44606227663963066 -2.1724647721479684
1075 1.0985376625725027 -2.6008883694198475
1076 0.7063990188784883 -2.3127676856343475
1077 1.719924319217594 -3.105982700912086
1078 0.30935944441525315 -2.1023781565120236
1079 6.239051315885199 -2.014418569522828
1080 1.67945957521801 -3.065096489701646
1081 0.9281806067551029 -2.4522039455968163
1082 3.037527769769389 -3.655751209169604
1083 3.516993288814391 -3.531621687539666
1084 0.41352828649630013 -2.1287396781028725
1085 1.5130703973916102 -2.9146577584502156
1086 5.416594686977075 -2.1850028907682146
1087 1.5542522188905132 -2.9431019860044993
1088 4.202683681262094 -3.0858143803290643
1089 4.170808735833172 -3.1076499342317287
1090 0.8940461937506934 -2.401612771536194
1091 0.1460015605239125 -2.0139890257250204
1092 2.394765874530323 -3.4991753095470064
1093 5.878616144851161 -1.993494727338728
1094 5.533673780800893 -2.1048429907847597
1095 4.101261868793613 -3.1437356416106472
1096 0.9624575373279733 -2.4356102144200578
1097 6.157002809450534 -1.9587669745133578
1098 6.135815848565489 -1.9555717828791925
1099 5.973045058848903 -1.9618135711293607
1100 6.160097311179183 -1.9506175528677556
1101 3.813199138402002 -3.325017484867925
1102 2.002742287012201 -3.2461325758179442
1103 0.8313611322363021 -2.32069417245237
1104 1.5226434483118754 -2.8695950999879973
1105 2.6795524074233343 -3.561084356015003
1106 4.158829232974086 -3.0703904773569963
1107 2.2852203142310885 -3.4044773038830556
1108 4.370182218309781 -2.898056019555203
1109 0.6064873065986808 -2.1596042948401255
1110 5.084807938613778 -2.3269143035782904
1111 2.850692014810239 -3.5728312939574103
1112 0.5814867323566772 -2.137161071025423
1113 0.179736158090522 -1.962702033540496
1114 2.0537273454741936 -3.2478098444838857
1115 5.056545408396834 -2.3337409604597967
1116 1.5920647631730933 -2.894302516224309
1117 2.3874018169126203 -3.427559417628687
1118 1.2737939084533867 -2.6241886655163675
1119 3.530492979686077 -3.4276358875344206
1120 5.873904720269088 -1.9214200440119367
1121 4.734214699948315 -2.56593096334676
1122 3.1645617641597004 -3.532170879104866
1123 2.6320081058712224 -3.500831576527574
1124 4.217457351752495 -2.977427819798645
1125 2.49463771523235 -3.4509693055387047
1126 4.282100438548315 -2.921291544377705
1127 0.7329117869672278 -2.1895175984694992
1128 5.983683409571795 -1.8830057444982815
1129 6.086904706281212 -1.8729968160666464
1130 1.3197312268173382 -2.6305555922329877
1131 3.741512922584511 -3.288352651980303
1132 0.6152327894064992 -2.103510771136627
1133 2.7953341243817063 -3.5082701163793604
1134 0.752981188240963 -2.1843869604638724
1135 6.187082536770931 -1.8586659628528828
1136 0.6867179026580016 -2.1364613841464957
1137 2.7081524942488713 -3.482658847622167
1138 4.021683496606798 -3.0881770288804296
1139 5.9871645023829725 -1.8541866628507289
1140 4.982409757770594 -2.3231732075268003
1141 4.4424662377343855 -2.753181156180284
1142 0.5128040620841677 -2.0209345695151946
1143 0.5391200990847586 -2.0323068651515994
1144 5.817542728092413 -1.8720111946578113
1145 1.474197331674622 -2.7206695814080413
1146 0.8870258342920154 -2.2465922650811487
1147 2.711906038509161 -3.457887053345684
1148 4.350747453614481 -2.810140759947831
1149 3.5511115717228954 -3.341163554173213
1150 6.0645726844187475 -1.8200928980333666
1151 6.141656915839765 -1.816333616919156
1152 5.289904502819298 -2.0831963658225994
1153 2.899909769698472 -3.467400878251524
1154 0.39825987697880244 -1.9352691692005433
1155 1.9136958783988454 -3.04388357291399
1156 3.318372197258848 -3.410440566937697
1157 2.71869861014182 -3.4341473351108935
1158 0.056974759317708235 -1.8182352537738184
1159 1.7642739708937876 -2.9210628634319784
1160 1.2379251378702334 -2.485959337102282
1161 0.37140391657099103 -1.9061795311390823
1162 5.984961962322052 -1.796663420962438
1163 2.573125400670008 -3.3813083785566365
1164 1.0572760309978964 -2.3302120897753316
1165 5.010447214656272 -2.2402023914130456
1166 0.11984185391492588 -1.8113210297154003
1167 1.6161635689318334 -2.782725458584086
1168 4.419392670880393 -2.705138851915495
1169 5.1367916877685875 -2.1405930624419374
1170 5.145335653521995 -2.1323378484814604
1171 1.2569099820667744 -2.4744285492696365
1172 0.17112048395381274 -1.8094844655479179
1173 4.607438885527735 -2.5387635315017256
1174 5.186511084074491 -2.0950483332853196
1175 5.506311754097032 -1.9091256624938064
1176 6.110770244843083 -1.754717668071847
1177 1.5879970844971807 -2.7351926339465473
1178 0.15688714283671806 -1.7911849722650934
1179 2.3877597640073316 -3.2703590545280785
1180 1.807506633229265 -2.902940070117272
1181 3.28547663653681 -3.358561477120113
1182 1.2629710095165347 -2.4527210231673755
1183 5.848274107726313 -1.7689767728986396
1184 0.26872747010795806 -1.8106739391034754
1185 4.965282266918732 -2.225870638598334
1186 5.954596042749321 -1.7425121320871906
1187 0.28786776823180993 -1.810289041667441
1188 3.8517241514049094 -3.0809887913512997
1189 3.871462256079483 -3.065974272724425
1190 5.052835331826204 -2.149623552962123
1191 1.0463602044237683 -2.2561974119338024
1192 0.7619353083778151 -2.0464515317841325
1193 5.542782138122647 -1.8495529901234806
1194 1.8825344198045715 -2.9260600009070625
1195 1.5706027019344868 -2.6778255706480723
1196 1.7600471167793998 -2.828048523054423
1197 2.247952632735053 -3.157196591023236
1198 2.246618291856333 -3.154120651713439
1199 4.656480984647619 -2.437411902345496
1200 5.012879924851223 -2.1555017661165206
1201 3.222927104142401 -3.3263110773529934
1202 4.833159889295279 -2.2882700888122347
1203 5.149092805310919 -2.052069264624318
1204 5.849314756360997 -1.7196214798851557
1205 5.407029686132195 -1.8892629317846854
1206 4.924003275696681 -2.208485091103001
1207 5.259430601822258 -1.9708668118077752
1208 6.0473022116174935 -1.681880089363502
1209 4.122662257530318 -2.8432696445623815
1210 0.12684916995849052 -1.7086143277281307
1211 0.5740467276683183 -1.8867432077836088
1212 1.5022655715909423 -2.5816842097138153
1213 0.19296472615389587 -1.7190122646871997
1214 6.071574355173219 -1.6669082750152207
1215 5.958209370372398 -1.674868203426545
1216 4.834757878082128 -2.255239822631436
1217 5.068786386385614 -2.0763248445947045
1218 4.216090525716163 -2.751424802014043
1219 3.124527414268302 -3.3020571223576143
1220 4.190725946196947 -2.7666331955062198
1221 0.6683286660818298 -1.9193940976639525
1222 0.17124150029615476 -1.692594793154671
1223 0.7252864938516981 -1.9508374214955606
1224 3.6092673939439717 -3.1364196006300973
1225 5.974446539822487 -1.650302112783877
1226 0.47273904399222133 -1.799431464590438
1227 1.398282129500506 -2.4608725301589565
1228 0.47778764330169865 -1.7974583543813667
1229 2.7010710510095204 -3.261018592171683
1230 5.874278023848571 -1.6556626640212282
1231 5.130320149328568 -2.002091163998211
1232 6.236977397120236 -1.6307208704197935
1233 0.6112742806205598 -1.8583891488760296
1234 2.3718236126711276 -3.136059035821475
1235 0.9426771943721098 -2.0760851562258504
1236 2.9678057844040056 -3.274647440013735
1237 5.690036135193471 -1.691282145274501
1238 4.390342525051226 -2.5683507328811834
1239 0.7460862308107573 -1.9288084020629395
1240 1.4834179196224633 -2.50310334978244
1241 1.299281673873318 -2.3472288001870165
1242 1.7224558968177364 -2.694016306462167
1243 3.933050152816559 -2.903820168147552
1244 4.24517061291895 -2.6716435196589368
1245 0.9168042584760379 -2.034944190389152
1246 4.34890406551107 -2.584660266472254
1247 3.084865753957489 -3.244950418155589
1248 4.142603733289883 -2.7423225117122745
1249 2.142437756256524 -2.9786706734369375
1250 4.436269329501374 -2.5051304833886516
1251 0.5242622910415036 -1.7707990516931247
1252 1.410288080302334 -2.4159114197624425
1253 2.843706402948074 -3.2315574868504884
1254 2.991478532730542 -3.2354571932285827
1255 0.3392490578094405 -1.6764439347732756
1256 3.892704566130913 -2.90295971233152
1257 4.274349598417282 -2.6209378865798243
1258 0.07605400691217074 -1.591891525513046
1259 4.498700203120238 -2.4349315777917067
1260 0.9113877630231152 -1.9986456840316804
1261 0.9565004380998181 -2.0300262878964603
1262 4.391460916521191 -2.516333657372895
1263 0.3948971466419819 -1.6826928166183492
1264 4.889225031665248 -2.1087898396311444
1265 4.025527263767614 -2.7928058398817273
1266 2.8885147833807094 -3.2077690342563976
1267 4.8154987673808405 -2.160393852385528
1268 3.523333239379826 -3.0817222175201593
1269 4.707526470016946 -2.242974145277001
1270 0.20944731555197024 -1.599451599942244
1271 3.9258075069223466 -2.8496195153817667
1272 1.3188017208764842 -2.297012180169225
1273 3.078479195219945 -3.190621160361509
1274 4.646718349144888 -2.282234416442732
1275 3.5470589812498297 -3.056723334453861
1276 4.931279243169199 -2.051625022277492
1277 3.0008345770088822 -3.187002647232358
1278 4.039051178309884 -2.756263511302296
1279 4.187320489742455 -2.6434163345947987
1280 1.2466909044343017 -2.2205569901948947
1281 5.689040839278687 -1.5987415958161288
1282 4.756428515298965 -2.176804195140144
1283 1.6145900572062366 -2.520002894989865
1284 0.8787840653077269 -1.9247252136751185
1285 3.396166789824723 -3.0963114580787003
1286 6.22606623344971 -1.5152451978315185
1287 1.1899107203936565 -2.159538499506761
1288 5.435152702174235 -1.6959241818586661
1289 1.801126595524412 -2.656141481931446
1290 4.37775379262278 -2.4701123025421037
1291 2.7462167212066806 -3.1386184022881127
1292 3.19424663066385 -3.135726908131825
1293 0.19984208105064583 -1.5493720859610098
1294 5.495239521829577 -1.653535006210304
1295 6.160296458073846 -1.4933709068020533
1296 0.5888877802103808 -1.7123658077505703
1297 3.554305794969824 -3.0088789746555133
1298 6.20756981890692 -1.4896320227410333
1299 3.991393092364321 -2.7478970762014834
1300 5.592792590953227 -1.5974463952762479
1301 2.9172241363440587 -3.1377884202391133
1302 3.4299759130987373 -3.0502111924769424
1303 5.724834426102474 -1.5425152319879398
1304 3.3240016095838154 -3.081022842851658
1305 5.918064552672273 -1.4907827021969318
1306 6.159953288013339 -1.4714448370225885
1307 2.6564833791600213 -3.0869594088552197
1308 5.380043098090461 -1.6859848665833392
1309 0.7815777998870921 -1.8064289044703716
1310 4.4216918605777895 -2.3948297812336103
1311 4.792480243378387 -2.0902745193966545
1312 5.340094330466963 -1.7009426230438853
1313 1.2637013798705952 -2.1679441957328964
1314 4.957839745867289 -1.9557248708544683
1315 5.268501825181686 -1.738203745987848
1316 4.56055170902897 -2.269288391840929
1317 5.625572584861117 -1.5507626279921198
1318 3.9665563721216257 -2.7280322469816514
1319 0.5597299020369078 -1.650490757396037
1320 5.867357930160443 -1.4711707354820434
1321 2.759530220821917 -3.0815883024289525
1322 5.946934561029672 -1.453007452396717
1323 4.9681793335911015 -1.9305967985726262
1324 4.54064883697108 -2.270285744940491
1325 0.07693268990641791 -1.4565014066107336
1326 5.628519793792783 -1.5322755993498394
1327 5.906890491749304 -1.4499643615426943
1328 0.4590425332604982 -1.5811234376926682
1329 6.180506471824471 -1.4274712699900143
1330 0.712816346781777 -1.7202749719316865
1331 1.9781588282844134 -2.7034186694136
1332 1.048248072300929 -1.9569699118460313
1333 1.0954466818097146 -1.9922646875968715
1334 0.7461938785716232 -1.734232160137255
1335 3.9504773018213766 -2.706678479811946
1336 1.4091839998771865 -2.2445103686959196
1337 1.5989880261933276 -2.400233508067463
1338 4.242638755755962 -2.4850529960075844
1339 5.079987562892265 -1.8184490782555258
1340 5.587721817898648 -1.5224239468725251
1341 5.242603508243258 -1.7050074231765406
1342 4.878367590401902 -1.963505048375663
1343 6.132414096032466 -1.3997713354446468
1344 0.06070462252582125 -1.4173717005676871
1345 4.010209957958111 -2.6464000622664567
1346 1.5557207493869023 -2.3475650410586075
1347 5.3245526600884325 -1.6435649592162231
1348 5.619809838250846 -1.4943035414747428
1349 1.2201002400099927 -2.062791116509912
1350 3.6277270372782766 -2.8719475403591783
1351 5.9789650744325495 -1.3938927192021917
1352 5.844360968352639 -1.4157964596262111
1353 0.7655994300965404 -1.711239271360891
1354 0.523053520732894 -1.5642252806633308
1355 0.33979237935715034 -1.4777134881542946
1356 1.0738939305127773 -1.9318264063112878
1357 2.0487451213920735 -2.7026238559204008
1358 5.9989742941947295 -1.3787149262728735
1359 1.003144083021532 -1.8712010228900613
1360 5.402543826963242 -1.5753584893067472
1361 1.4632070260880152 -2.242741712075383
1362 5.967092733897517 -1.3751875060298886
1363 0.09155105007012243 -1.388104989227103
1364 1.9484541729846871 -2.62050857686992
1365 2.9920987896587983 -3.0168861810804133
1366 3.2263517574463787 -2.9880560354270864
1367 0.27271093039986805 -1.4307607223569998
1368 0.2651413190666556 -1.4263430781113264
1369 3.7882323918100975 -2.748493704557446
1370 0.4675816553433738 -1.5067875871356904
1371 0.078172426842799 -1.3709170617239925
1372 2.0258582003499668 -2.6597763742908658
1373 1.0436820518628398 -1.876947876398841
1374 1.920485128313352 -2.5821697451389634
1375 5.700112103921713 -1.4153450768449796
1376 2.4645350812044775 -2.893447648188279
1377 2.040808328582977 -2.6608134816326783
1378 1.6361293840973188 -2.3546165669573744
1379 6.2808072170352345 -1.3436657635826665
1380 1.1937899492455153 -1.9843743545679102
1381 3.0788047099438995 -2.9833717602890095
1382 4.414297475317267 -2.267458107430584
1383 2.1658483713056587 -2.7296743914894406
1384 3.5317891692073604 -2.8558599235308617
1385 4.501714530073963 -2.1906205426366845
1386 5.572482043746772 -1.4454184439269226
1387 0.19301833944461716 -1.369731542822802
1388 5.632789640874116 -1.417005496299842
1389 4.713240979404129 -2.010325287808989
1390 4.496209798673 -2.1863963708810275
1391 5.460847759552536 -1.4893460387329025
1392 4.80771145255912 -1.9291551263334263
1393 5.272903142148296 -1.5922563945539356
1394 0.8421157232847394 -1.6894503795281623
1395 0.2956526229584896 -1.388906827054111
1396 4.1018508170477554 -2.4884186848430643
1397 5.932005728270286 -1.3180125605963582
1398 1.3045498655907075 -2.0437873257637156
1399 3.568103706585797 -2.8132668713656726
1400 0.3320165963203299 -1.3938796700595883
1401 6.243810266147997 -1.3008316970673854
1402 2.7249210421365 -2.9267238841076324
1403 4.881835381392846 -1.8518301424430477
1404 4.137007166625475 -2.4483081671830877
1405 5.773957562219671 -1.3395876380085667
1406 5.0930752120511125 -1.6893862532804738
1407 2.8531493655193616 -2.9372347610165956
1408 3.3474436686155933 -2.8829159850905843
1409 1.8363488255637852 -2.4578530754958283
1410 5.987812845768225 -1.2878882793521735
1411 4.335719067203056 -2.280980133357969
1412 2.004821396009845 -2.5748130835738294
1413 5.149496008535364 -1.6383358582450345
1414 5.976896917765313 -1.2823809918532496
1415 6.147833531508657 -1.2714002126564545
1416 6.16932893182598 -1.2702443471543958
1417 5.128872164859278 -1.6457320090928853
1418 0.6578955291039554 -1.5268615754082324
1419 0.31844195686764865 -1.355989882625404
1420 0.5279242244485222 -1.449648004309286
1421 5.594488899935995 -1.3758692974945617
1422 3.2715091238013247 -2.8800612622964548
1423 1.7610649189114356 -2.3758539842775694
1424 5.7521814847414925 -1.3137771456241736
1425 5.472776321694978 -1.4252722961912503
1426 4.958204613091139 -1.7544077841927663
1427 1.885537825451018 -2.464009420462518
1428 6.12800707543686 -1.249327785027568
1429 0.15966591089595333 -1.288426398101348
1430 4.375706903091479 -2.216896670243792
1431 1.4496533005205536 -2.1083019410164363
1432 0.5857364402646273 -1.4609714534057419
1433 5.914556838932583 -1.2598440977570746
1434 1.436892428605992 -2.092616868728548
1435 5.852947162970474 -1.268865112248878
1436 6.109321533549262 -1.2361795510772962
1437 0.6770984164446322 -1.5066577754123882
1438 3.345791997677417 -2.833102449450587
1439 2.490356333189842 -2.794988025640905
1440 4.74113797668659 -1.9016724263034186
1441 1.7549266965473518 -2.340883312835151
1442 2.1156075562548824 -2.5974126512152473
1443 5.037122821583438 -1.6678479680999243
1444 0.6562783247376869 -1.4823357576356946
1445 1.6121697449976216 -2.219657991151308
1446 0.70803675711009 -1.5111733871090458
1447 0.6680613967333867 -1.4845854493051724
1448 0.8373452867513195 -1.5943628742300733
1449 0.16834572953296023 -1.2576541515113249
1450 0.7966608230665808 -1.5629810741404682
1451 2.976609641377182 -2.8694102534501154
1452 1.1191921181279856 -1.8007477990235863
1453 0.758364441066594 -1.5323674004229768
1454 1.4466286250001115 -2.0677405776876023
1455 0.8903230216956345 -1.6206682217529975
1456 5.09302206488409 -1.606759748454186
1457 2.2055971003843893 -2.627362130196763
1458 6.254918152258701 -1.2067462677934295
1459 2.3140194265154146 -2.683210952421332
1460 4.8264481198701725 -1.8012010201755428
1461 5.344422784182075 -1.4361418142639417
1462 3.108847643922932 -2.84381794683903
1463 4.962137789037667 -1.6913641774389219
1464 1.0158510900988553 -1.7000477934221205
1465 6.174691202843957 -1.189820669702359
1466 0.4184657668573124 -1.3202265812384661
1467 0.463833275031544 -1.339860756749412
1468 1.1950824530382724 -1.8362631612967304
1469 1.0039330742944073 -1.6828721231854993
1470 3.5792140845868206 -2.6909087510050993
1471 3.8773315908909147 -2.521502123001113
1472 5.09209385090556 -1.5820686024991018
1473 0.6665649684255457 -1.4417184315666203
1474 0.14726563245475424 -1.21214975152944
1475 1.1562886393160607 -1.7935825798903031
1476 4.594581871928613 -1.9638261393782048
1477 5.687156694307434 -1.2493321880904409
1478 5.7138723749677975 -1.2386127521838455
1479 6.028045373366699 -1.171067441739734
1480 0.054557966853833365 -1.1832749659108068
1481 6.142517936890664 -1.1637865475069824
1482 0.07073867194744872 -1.1830371673347206
1483 0.48019739502861386 -1.3225672174817291
1484 0.4029688233961608 -1.2848569970587072
1485 0.6120176990292836 -1.3903286781805078
1486 0.5784401298147953 -1.3696595031176928
1487 1.6711620166844792 -2.2001995828512304
1488 0.48088882129415395 -1.3151066500188686
1489 1.2811479069072362 -1.873943159116306
1490 0.9791503017665241 -1.6308679063086664
1491 2.4554995244074687 -2.6978949483868324
1492 5.1148771750335325 -1.5350973593171449
1493 3.794129685904368 -2.539418923442804
1494 3.1426221103363425 -2.7894073925402068
1495 5.464467993421832 -1.3177218392021603
1496 3.4866775360642763 -2.691185703511563
1497 5.606663379865099 -1.2492168508102894
1498 5.618256486752046 -1.2429721134437748
1499 5.122235841959756 -1.5193166768346122
1500 6.184506655071765 -1.135646377500287
1501 1.290783393736872 -1.8633667491454342
1502 5.660255504090845 -1.2205995119984134
1503 6.169075728091598 -1.1304721414197243
1504 0.5693771716258385 -1.33684532848955
1505 0.6026643784965875 -1.3540666946411988
1506 1.4724488378988436 -2.007287516094209
1507 6.130627886850782 -1.1237599912044876
1508 5.879457340817275 -1.147988356514579
1509 0.4628982615112325 -1.2740656455783093
1510 2.0414294288133124 -2.441504175578613
1511 5.065264174209688 -1.5414919849243212
1512 6.221390681282182 -1.1197115911931383
1513 1.7909903064502852 -2.255056127435851
1514 4.138728599092583 -2.271494558667702
1515 0.660193530859462 -1.3728949046788708
1516 3.960078227337348 -2.397583450713333
1517 5.977570433567166 -1.1182931707719526
1518 0.24840528442028095 -1.1734888519301379
1519 2.8495180553527137 -2.75753540918695
1520 0.0015764104624525974 -1.114208421545924
1521 4.239534909904418 -2.1835059233939584
1522 5.336731482520894 -1.34712065080979
1523 0.2603880264275362 -1.169985838339635
1524 5.542086487999739 -1.2367718587663759
1525 0.9427472393365997 -1.5502212948871863
1526 2.9414807235234997 -2.7529472121867054
1527 1.842457195219216 -2.273470068979761
1528 2.4804014273485144 -2.6519067654815816
1529 2.882145207806371 -2.7455728551171146
1530 4.950739308674059 -1.5980919495514212
1531 2.311612793038631 -2.5708634496355276
1532 4.118428770996363 -2.260262052093252
1533 3.4472481010269926 -2.651410835498444
1534 5.711759739870116 -1.1547921639168082
1535 5.966169648704799 -1.0932153412295533
1536 0.4720956835072707 -1.2382725099195944
1537 5.701975422044357 -1.1537383725282986
1538 1.7196614429656585 -2.1618133193862095
1539 3.3165505510943474 -2.6856406977079677
1540 1.7955414825646143 -2.218397676376331
1541 4.202174334020884 -2.183459702216238
1542 4.839633566880681 -1.6667745037379722
1543 3.223605955049944 -2.702398945262501
1544 5.513934384284197 -1.220764633475662
1545 5.262864546912816 -1.3584416511674744
1546 4.88890186380345 -1.6224599009530936
1547 5.115313292336443 -1.4534352519135445
1548 1.8195200093092458 -2.2251807970625563
1549 5.628166921905101 -1.1637109727100858
1550 5.810142903903741 -1.1023891236055716
1551 5.589604542514304 -1.1766738550920488
1552 0.7240642454585066 -1.3583255445428
1553 2.3948368113803733 -2.5791108508895184
1554 2.94003039272707 -2.712216256847095
1555 4.200913402313365 -2.1644445080833643
1556 5.76834922824464 -1.1053666169563352
1557 5.142700512618413 -1.4202732984588906
1558 3.392791766687623 -2.634908596295335
1559 2.1590847769051544 -2.4446451510076157
1560 3.979915952306342 -2.3202427798437215
1561 6.157989863274489 -1.0450330508225374
1562 5.591474869998566 -1.160277370316677
1563 5.312641251444738 -1.302353816279822
1564 4.955478274547387 -1.545880592793025
1565 3.077301386456804 -2.6924610532766358
1566 0.8820046300061215 -1.4461259700190894
1567 2.74065861811491 -2.6720229590478883
1568 0.717559229906982 -1.3313088523005088
1569 0.617987754228099 -1.2690286605223982
1570 2.688959282663771 -2.6568499528560894
1571 0.7733406357853746 -1.3635610612636762
1572 4.500889791612621 -1.8996842479616272
1573 3.2278412569141253 -2.6589422352006022
1574 5.351523947190614 -1.2641023641300162
1575 4.56343171540583 -1.8441278201160654
1576 0.07546107019816385 -1.045154057675048
1577 5.531919827989888 -1.165737753210513
1578 3.4008568819144678 -2.6041528088967802
1579 0.7077149916320765 -1.3095827057065836
1580 6.246737500939548 -1.0236767389311943
1581 2.622285245190021 -2.6241997259669665
1582 3.6047237936744425 -2.5138051545118083
1583 5.1631054712890645 -1.3701683902232231
1584 1.4803212572552076 -1.900202171119431
1585 6.198835911842317 -1.0131045572734965
1586 5.249319218719391 -1.3095411416070748
1587 0.04208954062848992 -1.0240911406837947
1588 2.130590168162258 -2.3863518158719756
1589 4.16705689222317 -2.143263599203542
1590 4.594490206753287 -1.7980447771253734
1591 4.075912598373257 -2.2087898836727247
1592 5.518376584904804 -1.1514995162431003
1593 0.604009874660609 -1.2275332616109969
1594 4.860202571146497 -1.578067912887948
1595 5.9196817240433175 -1.0158550528586359
1596 6.2506233385809145 -1.0020632028884888
1597 0.6790765347193408 -1.2667860963955642
1598 6.068303479534179 -0.995019974917695
1599 1.355573768277124 -1.7753157430684845
1600 1.4626084882584944 -1.8633727895525936
1601 4.965410294913561 -1.4876220473521922
1602 5.37358274774737 -1.2132687106744515
1603 5.608118952849661 -1.096903160733568
1604 6.07116131419677 -0.9867622133388175
1605 0.04650666538174895 -1.0002766255947322
1606 5.984029102774428 -0.9915107903149577
1607 1.7490706970105834 -2.0878081643723263
1608 1.9003078635837094 -2.201814500599995
1609 6.143949911797745 -0.9786294792685373
1610 4.953863683977418 -1.4843329041330853
1611 5.142987253143268 -1.346073196638532
1612 5.973540281760192 -0.9847932858403664
1613 2.5201923174790735 -2.547341027855553
1614 5.460055831723403 -1.1506766414740544
1615 0.29308670180174645 -1.051624754797147
1616 2.077279683391739 -2.3142271644988295
1617 2.1272345546463804 -2.3448422195988177
1618 2.2151502677328088 -2.3963110500275824
1619 4.636453063633113 -1.7248583123992662
1620 4.243279671000978 -2.042798208451169
1621 3.986509966724699 -2.2326858408490953
1622 3.203479455074087 -2.597349337686613
1623 6.0896053589769386 -0.9606564650549687
1624 2.4991948152523076 -2.5248749653837117
1625 5.373029275980901 -1.1830774252925391
1626 4.22703262060834 -2.047651484640696
1627 3.9042215332905457 -2.2806597954482664
1628 4.237722518285682 -2.036690768862581
1629 4.394193673519514 -1.9103541583199126
1630 5.143894069950372 -1.3204817211314734
1631 5.421217746692587 -1.1486998887357576
1632 5.195464298216757 -1.2831511859080669
1633 5.853346021870639 -0.9785673916658955
1634 3.752367535857791 -2.3656568397835898
1635 5.005315876203974 -1.412995588640335
1636 2.539179460754658 -2.523722226548452
1637 1.0462713944802717 -1.4727728797286144
1638 5.7796059869243255 -0.9909321665176108
1639 1.2193076331258494 -1.6089243687886603
1640 0.15523279579568158 -0.9765728234518544
1641 2.373233512532992 -2.448864293991086
1642 2.456089767678944 -2.48420207715429
1643 6.21523828091633 -0.9367513102565904
1644 3.9118825780093736 -2.2536217165853714
1645 6.124957982291275 -0.9312815718752123
1646 5.945601701448702 -0.9442366251544154
1647 0.40298254674949735 -1.0535064790162916
1648 6.182407968742157 -0.9284809602019758
1649 2.7684572020300813 -2.566710877335982
1650 0.8325773896017564 -1.2975105680516839
1651 1.454123925729709 -1.7886076281789718
1652 3.361887523528631 -2.5186679457769316
1653 4.269189540943169 -1.979843267196479
1654 3.533159756979784 -2.451735259823272
1655 5.431174249839394 -1.1125846469960239
1656 5.443354896726357 -1.1049065576932913
1657 5.171236517122699 -1.2673226368721995
1658 5.428469361280785 -1.1102273741876856
1659 5.3981436222970025 -1.1253813166298836
1660 4.352437785897149 -1.904531009496605
1661 0.31528021404676804 -0.9998497769490308
1662 6.277519200595405 -0.9183864134372195
1663 0.2532326925157896 -0.975495692809611
1664 5.515971027044722 -1.0585717537597108
1665 0.24985285767046805 -0.9718614693170273
1666 5.696443159735416 -0.9815713030738745
1667 6.144501050516057 -0.9033446114507321
1668 6.111187057722105 -0.9021968650594774
1669 6.073534518750281 -0.902171837502203
1670 0.5537757521030893 -1.0982697220172999
1671 5.08841777695926 -1.307072802196923
1672 0.09040287970846814 -0.9211647302199731
1673 1.0165392795126167 -1.4035300112202498
1674 0.21741989483071708 -0.9504015269309114
1675 4.1596663287515065 -2.037343024388024
1676 0.37711302524305834 -1.0055559070734041
1677 0.4037992300351281 -1.015784225050227
1678 1.3617528132219519 -1.6771128339935673
1679 5.002740687186943 -1.3594031769476667
1680 3.136223455146595 -2.534117661530581
1681 4.268089986193122 -1.945796597308658
1682 5.52386641296067 -1.0324673333753798
1683 0.48872768003659733 -1.0481776199251782
1684 5.544954467838743 -1.0202396933784543
1685 0.14944169619614667 -0.9181434874736594
1686 4.155659174512618 -2.026868692062558
1687 2.254558921260955 -2.3298423839130504
1688 1.7107539759682533 -1.9525516665489557
1689 4.276447592857088 -1.9294046614023361
1690 2.6127642148522328 -2.4790503587226076
1691 4.204151013290184 -1.9835875959537852
1692 5.62195628392086 -0.9773849487218332
1693 5.61546354410895 -0.9787946475748048
1694 5.421852287838508 -1.069189574642437
1695 5.737493487391451 -0.9321184289582709
1696 4.8874277613156965 -1.4263877841906438
1697 5.300624617065845 -1.134960181545193
1698 0.38045792015285324 -0.9797913388712659
1699 6.064728658102798 -0.8656275831177501
1700 6.2195046236335685 -0.865692484563865
1701 1.4354590389550146 -1.710252223613653
1702 0.2792057683767491 -0.9358969741351525
1703 0.4024298940046355 -0.9831644288807179
1704 0.6926021431031151 -1.1372710722309884
1705 5.25258245337038 -1.1551281093084174
1706 2.160660022371575 -2.252159732578214
1707 3.9995313623476028 -2.115827670774491
1708 4.895850536418537 -1.4054344999833501
1709 3.1094554168989874 -2.5020600460677307
1710 3.4429286276993 -2.4193156948935144
1711 4.918815716871482 -1.3841239833160897
1712 5.903439659527621 -0.8696431696202637
1713 0.06318792862920523 -0.865819277872346
1714 6.170031852663152 -0.8462628036145228
1715 6.25823940996775 -0.8510456535636315
1716 2.4797287053831303 -2.401537652043528
1717 1.1292369928691 -1.4381158570373076
1718 3.115027274485627 -2.4906750007332903
1719 5.174530111439206 -1.1894207829248942
1720 1.8964805784827439 -2.0565827735847777
1721 4.583516783931031 -1.6414669202214973
1722 4.844511277277815 -1.4290009662729926
1723 4.209085098493055 -1.9415326128302919
1724 6.280690409381533 -0.8428854934101617
1725 4.443285439984289 -1.7518799567758112
1726 4.373348783553113 -1.8076076115368047
1727 3.685518634085709 -2.288306703056891
1728 0.36586674040507633 -0.9376565025182962
1729 5.896174402008067 -0.8508851114254694
1730 6.065051685344901 -0.8285954155028757
1731 4.233858606253255 -1.912891449120203
1732 0.13517161592974414 -0.8580652742817917
1733 4.831564711981542 -1.4263665021419565
1734 0.31868996309788306 -0.9119735169744109
1735 1.823118661782665 -1.9836536219212277
1736 0.1444525496486303 -0.8555829246261714
1737 3.492352188511967 -2.3681952643221487
1738 4.346146619415143 -1.8156023497816562
1739 6.028007800246884 -0.8207099803361823
1740 4.18015285959868 -1.9440439169024468
1741 2.5098223263119146 -2.3835706562695678
1742 3.6616675003244 -2.2834810316105814
1743 4.8905829143820885 -1.368510258340772
1744 3.8556529299953617 -2.1687043431631574
1745 2.6257965496084137 -2.4171220410912486
1746 3.520513048322494 -2.346016547787843
1747 4.7280612542443095 -1.493152415930218
1748 5.85020942526249 -0.838538114625377
1749 5.451767233748526 -0.9885271323531181
1750 5.545510516957117 -0.9416836881467923
1751 5.870634993309133 -0.8305509706041865
1752 5.810825153712161 -0.8436256802225899
1753 0.3632139250736555 -0.9073800466165992
1754 6.1638739617363525 -0.7992484372866617
1755 2.2828105014326 -2.2640049790198202
1756 0.668931926893641 -1.0611400958149355
1757 4.45170465640797 -1.7081129010411333
1758 0.13686815257555246 -0.8283029739621287
1759 5.612802912718788 -0.9022753295435615
1760 0.9658034733464124 -1.260351783333183
1761 1.7173656245158493 -1.8708058785679986
1762 4.901007418382363 -1.3387748498975536
1763 5.174608305850634 -1.1385754857284782
1764 0.8460158967114632 -1.1685515321637254
1765 1.3086596882801547 -1.5287882675449016
1766 5.993940732674437 -0.7931590825102645
1767 0.5279220988481269 -0.9684111982881471
1768 2.7044391671344807 -2.4106843839965912
1769 0.9388825317072482 -1.2299579557505098
1770 6.038074601481269 -0.7843792884548083
1771 2.0294514217507995 -2.0914324742700225
1772 5.622910190473065 -0.8834998710004849
1773 4.921504655932941 -1.3106190360862284
1774 3.6593924779435554 -2.2483123173412096
1775 5.542357237931024 -0.9148367075764379
1776 0.029549849820812657 -0.7872670890859903
1777 0.4308771980229859 -0.9094149942721809
1778 5.808211526482076 -0.8149074353623441
1779 1.530546061611316 -1.6979699650134406
1780 4.1153524284376894 -1.9478385412946086
1781 5.782344613483738 -0.8186419287189585
1782 0.2750202382030371 -0.8412178598922808
1783 0.9020522370653427 -1.1870967796677967
1784 4.952654962119781 -1.274614337953595
1785 5.30015441087846 -1.0335501528376736
1786 0.3088404438787298 -0.8488059391367501
1787 1.4375348569113564 -1.611474852430677
1788 4.459713752082117 -1.6669598222025068
1789 0.4989893313938697 -0.9287842450074596
1790 5.805088464519621 -0.8024216783325049
1791 3.0380244398647265 -2.4135337716516334
1792 0.050370703560485744 -0.7727085340051726
1793 3.6025890975507817 -2.2557875287368847
1794 5.966580363419146 -0.7653724115069058
1795 5.560853049166509 -0.8843458059397717
1796 0.11482226301092625 -0.7806392786267512
1797 0.5486412795505927 -0.9457881432794201
1798 0.2878027656410234 -0.8279181239329223
1799 0.5735482728699104 -0.9571600494625185
1800 0.4663981300218584 -0.9005299953691289
1801 5.721591002549362 -0.8152678638636632
1802 0.47484680060009304 -0.9024325081106326
1803 4.471687404571586 -1.640793838256234
1804 5.482735865019905 -0.9114467890303929
1805 6.037610876359353 -0.7456473249841015
1806 5.943319613539894 -0.7556680716606498
1807 5.764824374556653 -0.7951798826702349
1808 0.872406681865768 -1.1380472371119341
1809 0.286419522634882 -0.8153873996435135
1810 0.504453087061121 -0.9084328324508643
1811 0.43719744049625975 -0.874703922877535
1812 2.026677260350138 -2.043971144048675
1813 3.8341146261837196 -2.1055168495892675
1814 4.302664828885579 -1.7658647804607905
1815 5.1835352779795985 -1.0754167970755923
1816 5.192359804858441 -1.0684688433242728
1817 0.5533310464503423 -0.9264525699930276
1818 0.45882008499383803 -0.877269020563524
1819 1.768677256330943 -1.846666835598669
1820 0.9520215585381989 -1.183171371377436
1821 1.759018885304961 -1.8369337061716224
1822 2.4546240116589577 -2.27107561122674
1823 2.991598596190742 -2.3802734233822505
1824 0.562102185671857 -0.9236628551026673
1825 6.082496409323989 -0.7213590167048554
1826 5.17586070017182 -1.068835518003781
1827 3.6741588000687817 -2.182863811154965
1828 5.092914251856484 -1.1239908479993934
1829 0.22364719794587043 -0.7732435229642615
1830 6.2404190120110385 -0.7196740842590545
1831 0.22070924035297945 -0.7702225252387762
1832 0.4381856422496529 -0.8525473683617785
1833 5.837913975814576 -0.7476713071847222
1834 3.8544625855683736 -2.070423445495953
1835 3.761596536458785 -2.1258103681963223
1836 5.628820526710301 -0.8116056623416306
1837 1.083359046215955 -1.26597096642637
1838 5.938949901537542 -0.7221283476241646
1839 0.4152770278006956 -0.8346974317243108
1840 0.059349004223283534 -0.7224021879030066
1841 1.6422578792061706 -1.7220850229499491
1842 0.013375140070785465 -0.7132403920628068
1843 1.177618145979932 -1.3351596296414554
1844 0.21503763769013853 -0.7547660930111773
1845 1.7988939533653785 -1.8423667849140324
1846 3.8039480572072777 -2.089155015442371
1847 5.392661358031407 -0.9132614478810486
1848 1.4846811795517019 -1.5846309497817685
1849 3.71736845390015 -2.1363407329643915
1850 5.803116593883151 -0.7386992809086815
1851 4.762939967702576 -1.3518607622066314
1852 0.14403770676300595 -0.7273044326057638
1853 5.828536021849688 -0.7290198926053926
1854 3.4340180807807332 -2.262459635432136
1855 3.064686755087388 -2.3433839164440995
1856 0.14220471082932978 -0.7226998713126502
1857 4.785968688886593 -1.3271900066577933
1858 4.2154593618682465 -1.788366231095832
1859 6.220502153031067 -0.6876534310391813
1860 5.410163953347189 -0.8901995383804877
1861 6.186609071992644 -0.6836312609606374
1862 2.7182808534269673 -2.3120102761074204
1863 5.986085660732084 -0.6894605458972457
1864 6.133338747993829 -0.6793916916798549
1865 1.3435307432943953 -1.4489840633443423
1866 6.047814452785317 -0.6804118564257352
1867 0.26562793581512356 -0.7468335439471566
1868 2.817376995549297 -2.322839640029233
1869 0.862832367947196 -1.0664462723478882
1870 5.587597129030112 -0.7934400936394899
1871 1.2987579207536446 -1.4055251325158442
1872 1.0053526784392284 -1.1686532169479882
1873 3.9450909597763615 -1.9707538488442673
1874 4.008229093674663 -1.9260932870795393
1875 0.5957339805773362 -0.888854505100251
1876 3.7478534430919295 -2.0914630333181656
1877 4.428079215711491 -1.5991563768563386
1878 4.877829756895533 -1.2331365985567553
1879 5.565670915169434 -0.7938654300901535
1880 0.17567150477726207 -0.7064791899531395
1881 4.081847863934994 -1.8660453657016705
1882 6.016619207986144 -0.6667438990217338
1883 6.116841873613415 -0.660140832363618
1884 1.3559736835103373 -1.4398449405245342
1885 0.9857326291228558 -1.1404044673358826
1886 5.454288726246184 -0.840379939573356
1887 2.776805933245409 -2.297509388555599
1888 2.1396745895468694 -2.0377427309822695
1889 5.526587574949708 -0.8016666921924355
1890 1.3819338491001907 -1.455429689575953
1891 5.180464794792948 -0.9989503645009407
1892 6.223553392090255 -0.6542608101479628
1893 5.672217637441186 -0.7365696532277076
1894 2.427805849626581 -2.184829777812708
1895 0.3155459103805912 -0.7360794101637524
1896 3.7517271513548747 -2.0691955402872275
1897 0.06319161571447766 -0.6645558038103387
1898 2.207053807201387 -2.0681834349943085
1899 3.088655684867826 -2.2966995829481553
1900 2.2204931454247605 -2.0739391799485065
1901 5.165879647156378 -0.9988536086401252
1902 5.223142829022984 -0.9598910948149169
1903 5.1877695357442 -0.982178219282763
1904 5.299791491301963 -0.9096744687864835
1905 0.6734243463955578 -0.9043706969212854
1906 0.06362520163060512 -0.6556749493858566
1907 6.126243936659554 -0.6360561858071616
1908 1.2547277655315494 -1.331599059333738
1909 0.8945703519948575 -1.0486907125128984
1910 0.2144650088855763 -0.6872977922743648
1911 5.560364286636182 -0.764386918312305
1912 3.574630059738601 -2.145713656352505
1913 6.156245301670843 -0.6303102138305514
1914 4.960104812867732 -1.1341629046738784
1915 0.11428047814190896 -0.656704149288385
1916 5.348006850574587 -0.869198562219568
1917 0.9466531387181538 -1.0789890857152957
1918 0.2814770096490604 -0.7009741342149926
1919 5.929337643240669 -0.6415969429763081
1920 5.727955510132152 -0.6906204739624822
1921 0.233590005402752 -0.6822752892732452
1922 0.03407223217914487 -0.635116514199792
1923 0.2508699168193805 -0.6858015645681276
1924 2.81381451731811 -2.2663640244919643
1925 5.268684399346042 -0.9083962154795353
1926 5.902464866737415 -0.6396073369014986
1927 6.079046591667955 -0.617719628125377
1928 5.836674090398618 -0.6519086521307416
1929 1.7641270466690786 -1.730023189930754
1930 3.4507347822127046 -2.1803484951327934
1931 4.132593383329384 -1.7792459397928813
1932 5.308075726236142 -0.8774146742649944
1933 6.250278162650291 -0.616169216127241
1934 6.205974631706125 -0.6117736478562119
1935 6.034542791262427 -0.6128555518565256
1936 0.23079611067088382 -0.6668277003732164
1937 6.229094998297776 -0.6104695050801193
1938 0.5697693923840355 -0.8117020213277062
1939 5.302632149070759 -0.8740137229720513
1940 0.14353226646705358 -0.6390601883756453
1941 1.4342552753441142 -1.4487157025757953
1942 1.47679863294517 -1.483276839314765
1943 0.6593606034161029 -0.858606905042897
1944 5.473305621009387 -0.7740252381253018
1945 4.262152170017981 -1.6660491391154504
1946 4.119091878623514 -1.7750613809001108
1947 5.618859477953371 -0.7046794481059184
1948 5.484268535868456 -0.7647252975860177
1949 5.345845379209522 -0.8387744942021161
1950 5.475549854677054 -0.7672023080121865
1951 4.878516710964842 -1.1614790255716567
1952 0.36343753751480556 -0.6990775339861757
1953 0.9434695492110347 -1.0416761889624364
1954 5.530986755093781 -0.7364862615250882
1955 5.906472300808385 -0.6110988094087648
1956 1.5359076625403505 -1.519031772425582
1957 2.4950901260989147 -2.150976022270695
1958 4.697402632075803 -1.299712634653433
1959 2.839078177041019 -2.235933929524825
1960 5.560553535533772 -0.7173165602551308
1961 1.3814414575841778 -1.385422670886169
1962 5.466101328204013 -0.7607056251322413
1963 5.466560424117066 -0.7595361635724354
1964 1.220571139327107 -1.2491450874083365
1965 5.650293800057727 -0.6752998951487593
1966 1.4389382240490127 -1.4287400702267958
1967 6.038557394876492 -0.5821600068635185
1968 4.931288718417695 -1.1047530643050232
1969 0.10909266523953201 -0.603773072814422
1970 0.08552750999013636 -0.5980759186909377
1971 0.4871791306913544 -0.7371072994669962
1972 0.6897424168953035 -0.8496742732756374
1973 0.5791124091123482 -0.7835719004299445
1974 0.034329559176790106 -0.5855528167916215
1975 3.2487627215296597 -2.1984364492451514
1976 2.0686509329211247 -1.9066547010877075
1977 1.1728583119097091 -1.1979986983223099
1978 6.169507722367576 -0.568550182635527
1979 6.122943585796098 -0.5671944819250975
1980 6.20851485131523 -0.568438979330913
1981 0.6164116488043394 -0.7972537658719642
1982 0.1742520851635998 -0.6071477552422085
1983 2.7371421398256675 -2.1976123462120607
1984 2.079107155298774 -1.906069553832093
1985 0.8751430259997952 -0.9617417364957499
1986 4.6430033196868825 -1.3182575884556291
1987 0.7097958927974234 -0.8482693755724519
1988 4.068577325706008 -1.7732948110233564
1989 4.808138246574467 -1.1818031844966799
1990 3.711813029754879 -2.0022358078959033
1991 6.081866011131566 -0.5572529332190196
1992 0.08777857175185388 -0.578123961910179
1993 0.7432515025827992 -0.8641935432805072
1994 0.17625677994670094 -0.5966176253512463
1995 0.2271488094820887 -0.6102111456356529
1996 0.6387353348097937 -0.7964529667434254
1997 6.2115691729084395 -0.5529983057334512
1998 5.586327900305571 -0.6709550774477056
1999 0.31888207634267157 -0.6377657669637773
2000 2.5316495533513117 -2.124594841108083
2001 0.7367703764760658 -0.8526446646363036
2002 0.41344953677554475 -0.6737876491340731
2003 5.436035616821052 -0.7386614573398746
2004 6.129789265050842 -0.5442340852922689
2005 1.2027832554516527 -1.1964738994078183
2006 1.1647143804702045 -1.1646088472960816
2007 1.4740050016198298 -1.4199682171874097
2008 2.547494276939508 -2.1229131224969513
2009 2.923588193570717 -2.196469698519657
2010 2.7557780158674223 -2.176470790109788
2011 4.846575893795003 -1.1314762102628215
2012 0.4767360036829018 -0.6942099404912082
2013 1.1096825331608489 -1.1140530789552043
2014 5.715702602717575 -0.606910186180895
2015 4.216073185373564 -1.6377820475663687
2016 6.1147103796129 -0.5335769011865544
2017 4.339652609882063 -1.5382803104458804
2018 0.05060687507230666 -0.5478786640696057
2019 5.325760294177557 -0.7864036797997326
2020 2.9266491504486187 -2.1867152272396426
2021 5.14735765461521 -0.8991915617929935
2022 6.275249095862838 -0.5361173808025735
2023 0.10279728734724904 -0.5530531171390691
2024 5.621546985552305 -0.6329180827576935
2025 5.971096580942261 -0.5365222030878821
2026 0.15471142974899618 -0.5621568845681403
2027 6.155516343079818 -0.5237397867125259
2028 0.4931974502969635 -0.6879578996973464
2029 0.4122282249374979 -0.6489011625103843
2030 0.5042926209143286 -0.6917536444943858
2031 1.3921277292165697 -1.329901924276011
2032 0.9817478280103179 -0.9974797853653504
2033 1.5327341178367777 -1.4454117013892545
2034 4.012496702507818 -1.7723771627243543
2035 3.403210665596042 -2.100698236347359
2036 6.205788095898441 -0.5176449976914393
2037 2.05548829804341 -1.842368480118469
2038 3.8030099522123075 -1.9066107364123162
2039 5.874698873378543 -0.5409701275418972
2040 5.686104747077863 -0.5941571017026365
2041 0.1944931726502408 -0.5593433052624773
2042 0.48957690175982055 -0.6737334593045178
2043 6.056425078138303 -0.5120503608010794
2044 0.3316896435401403 -0.602284564720449
2045 1.7744361562547744 -1.6304539630519304
2046 4.1413802656784675 -1.667687284068677
2047 6.122051820481612 -0.5060242097977486
2048 2.7350234358103958 -2.1387151126404524
2049 4.753227307298092 -1.172562515397213
2050 6.2814806118809425 -0.5121235201485304
2051 4.183708646561513 -1.631162528056429
2052 6.22711443668322 -0.5050433325046203
2053 2.110850146615134 -1.864380643468774
2054 0.7985730624680873 -0.8462120496162554
2055 1.3634811172524341 -1.2847526197337833
2056 5.187359327511767 -0.8415220030804642
2057 5.201511168962962 -0.8312639404151788
2058 0.06859362760993933 -0.5156637760588866
2059 0.06916466327544134 -0.5148984167283757
2060 0.27096299835371385 -0.5663574593224022
2061 0.15207027320790434 -0.5307480271049843
2062 1.1293885373566876 -1.0862741903807296
2063 0.27987714898832433 -0.5668049925017967
2064 0.22191135559080363 -0.5472218053918418
2065 4.6522735729015325 -1.24091022621465
2066 3.4805426540740454 -2.0452365341500527
2067 0.6033049103836503 -0.7126188119859515
2068 2.9973419795287772 -2.1455595895190998
2069 4.18769798592683 -1.6126580394687038
2070 3.6269656385551636 -1.9761870450134587
2071 5.594549793985818 -0.603223280512824
2072 5.552300899845025 -0.6209278120340164
2073 2.8075178430564183 -2.1294219226996884
2074 5.965871031264489 -0.4945589998477251
2075 5.642015987688003 -0.5804626687283203
2076 4.569668001795661 -1.2993580778964295
2077 6.202793080162774 -0.4819011423814096
2078 0.6008312443337818 -0.7017451351017137
2079 0.03409623415547712 -0.4919497754500608
2080 5.839332879168275 -0.5136269410833654
2081 0.35542952776348596 -0.5795644757374493
2082 1.4799654614221163 -1.3586874956914483
2083 5.354971622419738 -0.71382219664391
2084 2.545224559130486 -2.055391268420343
2085 2.1964246400607506 -1.8892553003861208
2086 3.654870498459119 -1.9484910615861757
2087 1.8937535027057144 -1.6849040444171057
2088 1.696818819546466 -1.5316992337830901
2089 4.721041533782718 -1.1645546669006066
2090 0.18537091386914303 -0.5145392994089678
2091 1.694163758378015 -1.5270167847512313
2092 0.017248027169766908 -0.47852223085151147
2093 0.19300494259666875 -0.5141015742199427
2094 2.960099810984443 -2.1234926304766155
2095 2.757176584509321 -2.1026144303412355
2096 5.851209989483941 -0.4973282331703971
2097 5.432074979956276 -0.6592135436580848
2098 5.810696481490693 -0.5057088453897967
2099 3.4706055486110468 -2.0212503109181905
2100 1.1743571426179402 -1.0899789432150533
2101 3.211877009494891 -2.095237876141682
2102 4.202316689890396 -1.573677086907996
2103 4.410640490741251 -1.4070877979833782
2104 5.854788994391302 -0.4898244477183705
2105 4.900539979423219 -1.0084691287901981
2106 3.3772754446339515 -2.0486094272091977
2107 1.1471879023670166 -1.0621343818891145
2108 5.8199996752523315 -0.49496166592470425
2109 5.777669762538919 -0.5057017111002656
2110 5.985753445734329 -0.46165620929993323
2111 0.3376496430345038 -0.5472603746172494
2112 2.0346052664479455 -1.763817291072344
2113 0.5368814156478781 -0.6371366984347027
2114 5.847129107743212 -0.4833189341145747
2115 1.3577158692315165 -1.228694454624239
2116 4.589470542049992 -1.2497819566550077
2117 4.687097175758016 -1.168987951220759
2118 5.333848831324754 -0.6970786255330158
2119 5.8120103472995215 -0.4879591172608423
2120 5.937892635389318 -0.46027454277797664
2121 5.970640702594418 -0.45454811049636024
2122 4.521327496163031 -1.300892306224115
2123 6.167391177437362 -0.44196088909301
2124 6.136105518928131 -0.44074132638092145
2125 5.452944800994248 -0.6251377589864803
2126 0.6836376601114632 -0.7105255729393551
2127 0.14801438595738145 -0.4741256370915651
2128 0.9254425566036334 -0.8731841640920183
2129 1.5803439368279542 -1.4025174495403128
2130 6.243926840616188 -0.4406174986293878
2131 5.336772481912532 -0.6847516334560514
2132 1.255773033130027 -1.1299678064510716
2133 2.9584032571612116 -2.0911832213023063
2134 1.7188899936871254 -1.510894178372131
2135 0.9895215293956137 -0.9153265305622835
2136 0.11819523098926915 -0.459916500694157
2137 0.39535007748235446 -0.5494604727563552
2138 0.28844923856613824 -0.5068321439164127
2139 4.833152112054269 -1.0335619623974073
2140 5.990857061229124 -0.43646232930982876
2141 5.482490810081706 -0.5970944442087499
2142 2.632540578482282 -2.034808078958032
2143 5.742009092009572 -0.48874828155819894
2144 6.177688984372366 -0.4251595599307125
2145 5.874104363215173 -0.4519768550874297
2146 1.354819826736141 -1.2007579380796125
2147 5.540147165146708 -0.5644969671047335
2148 4.810649397751445 -1.0442196137603805
2149 0.4157297207642222 -0.5486353727355836
2150 1.3366985594565666 -1.1824018387000723
2151 1.0166700658168264 -0.9230341089908082
2152 5.982301375394032 -0.42785442936455165
2153 2.8469652984709137 -2.068012076772619
2154 2.1525250834733733 -1.8056499789978262
2155 1.5861134588317207 -1.3860634370637013
2156 0.917291207972177 -0.8443872401239355
2157 0.10432512091643924 -0.4400096794213134
2158 3.851822932693198 -1.7764800931849956
2159 0.945073798559315 -0.8624550695129605
2160 3.0622422220700014 -2.066679786648886
2161 3.3128934741941634 -2.022994430293486
2162 4.214526625905149 -1.515674493750336
2163 1.6814730923755405 -1.457376063337185
2164 5.002329003194466 -0.8834248100337837
2165 5.247205479546116 -0.7125606581815677
2166 5.560010349712396 -0.5403154675445391
2167 0.5310137676313569 -0.5900617314422874
2168 5.8343831007034135 -0.4427657658758124
2169 5.7291735093214236 -0.4721443085046263
2170 6.031252881204366 -0.40827483976963574
2171 0.016731575302301415 -0.4139006603786214
2172 0.3530139513428896 -0.503739333496461
2173 0.6593155633814902 -0.657651677229667
2174 0.8321300753217012 -0.769229196657577
2175 0.6383948781298663 -0.6435773651206438
2176 1.4216780467826802 -1.2324984483895083
2177 1.723927899582008 -1.4802089557937756
2178 0.7160850689842194 -0.6888393298057649
2179 0.7702559281379365 -0.7232378340507418
2180 4.465029660339966 -1.3008630404848214
2181 4.806243931330913 -1.021708213188494
2182 4.887145630539653 -0.9571261451544562
2183 6.044114677303461 -0.39699132485527333
2184 1.8460675757844447 -1.5696776426898533
2185 1.1034228225227718 -0.9637035459254595
2186 1.3426913916789809 -1.1586192104209523
2187 0.19269675869598338 -0.437606051492902
2188 2.2719302117131264 -1.8477826710304124
2189 3.024335625738781 -2.045845656970946
2190 3.6297114095722445 -1.8772333117939166
2191 3.519056236488263 -1.9275551105490076
2192 3.4459034412304117 -1.9558764865369174
2193 4.51552921883566 -1.2493651779350319
2194 3.7674172916273245 -1.7995175966753651
2195 5.297756596304439 -0.6575501689627119
2196 5.508065949698798 -0.5411250752032787
2197 4.310954474461763 -1.4124815828849986
2198 5.554615625776057 -0.5177660323742028
2199 5.515542205254723 -0.5352097089867232
2200 6.094426742873804 -0.3809468285194225
2201 3.0063228814008776 -2.0370760907139704
2202 2.9473773493078492 -2.0362049883429645
2203 2.6938304135191475 -2.002310750484797
2204 2.1504411013683002 -1.7648206877491148
2205 5.930928351353307 -0.3938509277545966
2206 5.431082821519911 -0.572635756408549
2207 4.443866838032991 -1.2973549115615062
2208 1.813878639418916 -1.52633233619953
2209 5.658739331929145 -0.46594145260374253
2210 0.041491476197459055 -0.3870578750007656
2211 0.050659389175366484 -0.3877443096722074
2212 5.585813479484208 -0.493229418628224
2213 5.970549788776684 -0.38164436723701567
2214 0.3894849050752626 -0.4859874765401829
2215 6.1772217749224705 -0.3693263251920449
2216 5.430507074759522 -0.5653133610795215
2217 0.3831700308087169 -0.48101075938388427
2218 4.986495235103264 -0.8535028317446482
2219 0.16733371073546827 -0.4060801458854053
2220 6.200581750467002 -0.3665107162798902
2221 2.0965472608077302 -1.7176923343300134
2222 1.6815678659057236 -1.4111791530529656
2223 3.6794540215502423 -1.8263635185241123
2224 4.157590584442003 -1.5115070705484324
2225 2.5698389556944847 -1.9503268897367991
2226 5.958126904344314 -0.37351686441666143
2227 0.06730510049824683 -0.3783402714670743
2228 5.336776901124053 -0.6089529094369113
2229 5.766230524910218 -0.4142337483944315
2230 5.263031431134004 -0.6524613975550559
2231 6.075875277649795 -0.3580552149130475
2232 4.7871113576081985 -0.9980584491084531
2233 1.512068923582088 -1.263618717377534
2234 1.2304926187455647 -1.0285402081833825
2235 6.201855657124364 -0.35520756634625195
2236 0.6275044875940773 -0.5899119212751679
2237 0.03046637462753505 -0.3648510365473293
2238 2.336699088145569 -1.8430690050546756
2239 4.56002645475189 -1.1779257407825672
2240 0.25007812738448293 -0.41406334519767274
2241 4.752291693837459 -1.019342494492561
2242 5.742234579639956 -0.41187317300812687
2243 6.09773547357882 -0.34811766691229207
2244 0.13034743750476013 -0.37820997946683765
2245 2.0136649944495524 -1.6441418175491096
2246 0.42160193786927713 -0.47571966680063127
2247 1.0930229484682674 -0.907695454847508
2248 1.2385317782768912 -1.0245587966280447
2249 0.8089586654203014 -0.6953555553054931
2250 3.5464812335918237 -1.8709261284220777
2251 4.146342653673519 -1.4998687341744548
2252 3.122854453083199 -1.9901907971467325
2253 0.5295023040461795 -0.5228870006506005
2254 4.036883570030651 -1.5782059125477577
2255 4.188094228817406 -1.4651239686379143
2256 5.162703877918517 -0.6988806521781915
2257 5.329217737324025 -0.5918293334619665
2258 5.099003755147756 -0.7416033549298559
2259 1.6170310363223985 -1.3307425525838101
2260 5.213196546767887 -0.6622182222278437
2261 3.913200813202698 -1.6582457948860694
2262 0.07724540025430596 -0.35389497350772203
2263 5.831637733898334 -0.37096994642886927
2264 2.7714855375206215 -1.9719513983220636
2265 4.622096251652064 -1.107744464929608
2266 0.483539852269194 -0.48992591120306983
2267 0.3665331354669296 -0.43647275836860766
2268 0.2402254442680491 -0.3900680990168808
2269 0.03785765247973466 -0.3421227109371858
2270 0.8793139160901154 -0.7289125271808703
2271 0.8264157960536114 -0.6909649507764801
2272 5.771658531997819 -0.380685224371603
2273 0.1449295951202517 -0.3600770709803113
2274 0.11750386209485028 -0.3531080374579729
2275 5.616205334591811 -0.4334595016516628
2276 0.20886550166808274 -0.3747378137912136
2277 6.234987178802799 -0.32625176640703624
2278 6.208959803741191 -0.3237003479834849
2279 0.8855532239070977 -0.7267496345910376
2280 0.9404769476367755 -0.7660800235241281
2281 0.915980949597418 -0.7473237666843362
2282 4.3126720185475005 -1.3477756266678889
2283 4.470279420739037 -1.2193641162807431
2284 2.7475217124763 -1.9529356443630572
2285 1.3549220625994305 -1.0936066361262384
2286 5.4975852412181405 -0.47903880796067144
2287 5.924380595959697 -0.33378658823997587
2288 5.739851483576405 -0.37883699691588235
2289 0.09980002377341116 -0.3384596333222727
2290 6.10184167606732 -0.31339731143135274
2291 0.051855914407301765 -0.3282610726165023
2292 1.0585172405299137 -0.8472399130807916
2293 1.9240171988082533 -1.545081656008572
2294 0.5895868850650047 -0.5252218219780926
2295 1.323302221551372 -1.059962203014427
2296 4.607334178252765 -1.0974569295868237
2297 5.323827606234286 -0.565991373465049
2298 4.648009761211911 -1.0626671931665395
2299 5.107246968879262 -0.7060738682333524
2300 5.9124521022120815 -0.3265631859255914
2301 0.06088200956199337 -0.32254614963985306
2302 5.803906008070867 -0.3498622687571862
2303 5.778951240237882 -0.3561395705585616
2304 0.2483736799910137 -0.3664326368857378
2305 6.255798795332508 -0.3078393528744011
2306 0.33844099092790236 -0.39687190975071274
2307 0.4366441759422146 -0.43775298144308705
2308 5.435902333419378 -0.4948290343417593
2309 0.5139748596588339 -0.47385221293476343
2310 3.1221363356837193 -1.9480684885617094
2311 5.442745026714234 -0.48907912099795725
2312 5.2012480925529365 -0.6325897812465573
2313 5.046334552065737 -0.7397747801347947
2314 2.112070256406022 -1.6587824378525808
2315 4.920028193830092 -0.8331405812942825
2316 0.9399559544850563 -0.7395949576866792
2317 0.7950239791273805 -0.6360805089901617
2318 1.0887635491839907 -0.8522444402242275
2319 0.9805285904735818 -0.7677994064268174
2320 5.220384537109071 -0.6143699213682517
2321 6.25549642624178 -0.2964065279775756
2322 5.28036744874562 -0.5747488852264794
2323 4.250269445551021 -1.3679827941975806
2324 6.112599459582073 -0.28881857259129606
2325 6.027922514238447 -0.2928521151566409
2326 4.6019873715529656 -1.0806334922453498
2327 5.8502760871877095 -0.3204170149241724
2328 5.653808999878839 -0.3806298412705338
2329 5.6365544543431465 -0.38665585635418975
2330 0.3128116907856988 -0.37008635144609914
2331 4.234727282425614 -1.3745460942034398
2332 0.43073301781225193 -0.41725411069328044
2333 1.3186516141587572 -1.0288306939128296
2334 0.7797902355161667 -0.6137657626819673
2335 4.917818779493159 -0.8208320175443271
2336 0.5015030175657356 -0.4483317203018793
2337 2.3502974420035887 -1.7776481996732523
2338 0.25063379412387515 -0.3430065744672328
2339 1.331454971245937 -1.0352473702864236
2340 5.9048411555392875 -0.2997044036932629
2341 5.799571756265431 -0.32351398817557275
2342 5.492193999363058 -0.44204725507780807
2343 1.524745200771292 -1.193730487626406
2344 5.47147890771965 -0.45106076221761204
2345 3.1861163973878868 -1.9142558627337727
2346 3.874789080942235 -1.6226958805673952
2347 4.297294239201589 -1.3141541296381345
2348 4.0324755898555145 -1.5143139833829218
2349 5.33086101084897 -0.5252532283154163
2350 5.945749161392925 -0.28561262843934576
2351 5.15768000650343 -0.6346448626502488
2352 5.168147473858495 -0.6268399554992671
2353 5.806079465254054 -0.31342568551375016
2354 5.996700311111384 -0.27584430633933765
2355 0.18077715545172424 -0.3106188962410308
2356 5.726269883357226 -0.3352878174395506
2357 0.671400679267298 -0.5283632321881344
2358 5.741538326384242 -0.32895702736825383
2359 0.018302503530005742 -0.275171996337673
2360 2.348621349902354 -1.7607697399883118
2361 5.787094891393478 -0.3131666455155112
2362 5.689985428036192 -0.34364009208129986
2363 0.0139433882615702 -0.2718330197342079
2364 5.0129159792883184 -0.7289192209444351
2365 5.936530561265065 -0.27676765618401145
2366 3.6178282930099277 -1.7550952961665676
2367 0.20328381158715148 -0.30852796462157317
2368 0.8889210112223107 -0.6657982504712356
2369 6.213951088936217 -0.2596297934559182
2370 1.0934256637974125 -0.819412245002191
2371 5.866094589083783 -0.2863246783751776
2372 0.6649249420149104 -0.5140636023153466
2373 3.709725680698467 -1.7025779618020291
2374 4.583341880891257 -1.0629221614185334
2375 1.6664997643976829 -1.2879533716632405
2376 0.47542497609715617 -0.4076670226637664
2377 5.565034595737978 -0.3837099579160267
2378 5.931002533367437 -0.26882297167565206
2379 5.989439654000651 -0.2595831612177233
2380 6.142811058242831 -0.24975597101539282
2381 6.150124460426288 -0.24912592321976434
2382 0.4888178241332181 -0.41012586502584114
2383 0.1214946538410505 -0.2770072357868313
2384 0.6095468271216364 -0.4732285369428232
2385 0.03538826822446787 -0.2598031707349977
2386 4.792874617803267 -0.8842649888798068
2387 5.872871247710581 -0.27397829926649053
2388 6.086612256327855 -0.24543330308338218
2389 5.767484610229644 -0.2998411699475141
2390 5.769994598611143 -0.2984194412466368
2391 0.0383987665732879 -0.2561927069165384
2392 2.6834548418490085 -1.8632552784698437
2393 0.12854813533298876 -0.27179547555792194
2394 2.173346268625937 -1.6411301861325132
2395 0.8045553613332265 -0.588270755592357
2396 0.8631508252532702 -0.6282691729993881
2397 2.656186805128344 -1.852949211116398
2398 2.6576315024048043 -1.8526577789206995
2399 4.837315606887185 -0.8401992153710234
2400 2.5008181687202695 -1.8003611690482988
2401 5.364202824476354 -0.47050665127361
2402 5.551360204028435 -0.3730742427639081
2403 5.698735285274439 -0.3128160262600772
2404 5.597771317988788 -0.3513123627461401
2405 5.831158466190841 -0.2716360561887744
2406 0.005576306525635553 -0.24158394063578703
2407 5.9843608699760225 -0.24137409587912506
2408 0.09486056867362941 -0.2546126874192224
2409 0.7558910608946277 -0.5463240780616067
2410 0.2922730514717418 -0.30772027380236366
2411 0.6255624143274121 -0.4642295212530324
2412 1.1261663345435584 -0.8168952037574049
2413 4.0479369772593445 -1.4593813555852182
2414 2.7629527077941214 -1.865308484207541
2415 0.37032536873238303 -0.33418754985335564
2416 5.550677641956569 -0.3640956898168024
2417 5.7225552747780455 -0.2953699859092497
2418 1.285128072419523 -0.9425541386018417
2419 5.85933341874939 -0.2556165163934242
2420 5.760406083894579 -0.2813127677012328
2421 5.599521067133753 -0.33931301490845733
2422 0.022316506642279903 -0.23313533452813673
2423 1.4784713892896753 -1.1004631282820876
2424 2.6872289485602385 -1.84276983054179
2425 3.725104424190411 -1.6593688791026033
2426 4.837223463800587 -0.8224573682592158
2427 5.2982733368481165 -0.49247913419812717
2428 1.9844734988629904 -1.4946237226438897
2429 5.670777971640506 -0.3057313699015616
2430 5.60725140956198 -0.3301552998394419
2431 5.956821802409893 -0.2293111686574444
2432 5.858577186544298 -0.2472365464709404
2433 5.92174307592795 -0.23374479726169173
2434 5.733961373354819 -0.2804437723523445
2435 6.276860296254867 -0.22095466136283792
2436 0.026818172488273603 -0.22454175723905845
2437 0.39635815803676044 -0.33056206400321
2438 0.27431149576829994 -0.2829653763482133
2439 0.49016971698122563 -0.37264327418148224
2440 1.2548470370887248 -0.9029354880426784
2441 0.8320376280020321 -0.5764524471175416
2442 2.6662185478731435 -1.8256998348244724
2443 4.0605407046915225 -1.4306781642122783
2444 4.006768940283832 -1.4683949944058825
2445 5.550783536164423 -0.3450747749738864
2446 5.578621125559239 -0.33197788057293054
2447 5.924551124330779 -0.224120383223406
2448 1.640455724071001 -1.2178154753731785
2449 5.903932702222137 -0.22661792805863612
2450 6.2523553915132615 -0.2086087318779225
2451 0.3010622183580671 -0.28380479258534574
2452 0.26560917780943843 -0.27090150434426086
2453 5.031125054696301 -0.6565602902933462
2454 0.4142323516087115 -0.32724067583420025
2455 4.794808172488953 -0.8374293305688608
2456 1.0990199671339216 -0.7661990677243351
2457 4.207918267931436 -1.311141350936028
2458 4.205158166134599 -1.3126331071141886
2459 6.016557489465885 -0.20362041136995135
2460 0.660595914807906 -0.45269029675117567
2461 1.0186888469393356 -0.7002102360063069
2462 4.70903526863762 -0.9021782576507829
2463 0.2575363270162579 -0.2611193008270326
2464 0.5356167806880506 -0.37953869861390266
2465 0.5096160798028234 -0.3654612061461826
2466 0.8626268134406846 -0.5815762405046614
2467 5.951616119237148 -0.20675992967710577
2468 4.155581747550985 -1.3441737982839397
2469 1.5604586200398927 -1.1384372119979154
2470 6.102041827547135 -0.1909294830514371
2471 4.720403570534519 -0.8872100046387129
2472 4.042998944909122 -1.424728389742234
2473 6.19776622926234 -0.18988281724644251
2474 5.564464170116933 -0.3202705937440543
2475 5.611259984677536 -0.29945312293177706
2476 0.7867917030546594 -0.5228380643825453
2477 6.200238239926342 -0.1874504755542311
2478 5.898671722447483 -0.20902213489592336
2479 2.1049928953239916 -1.5425177967324062
2480 2.6484454799793506 -1.7964496678839232
2481 0.5226699405581863 -0.3618660217995907
2482 5.742785939444374 -0.2467163997779983
2483 5.5749731180990905 -0.3098969628273067
2484 5.862852680247613 -0.21277108954131574
2485 1.2938306445747534 -0.9059670369170187
2486 0.31549870603063457 -0.2665410563352181
2487 6.152404551811719 -0.17961004444196094
2488 0.11592812786294074 -0.20684562292894426
2489 6.258516506137745 -0.1841869171710736
2490 0.32984436863988537 -0.2693801513980387
2491 0.22331434584945906 -0.23251229767175952
2492 0.3466827107014268 -0.2746234030267857
2493 1.9606619388686994 -1.4355731384268153
2494 0.26168998319040215 -0.24266283322029514
2495 4.925587089520298 -0.7093396781724808
2496 5.817823143097705 -0.2161431601798538
2497 5.8178032188827 -0.21552009797402516
2498 5.840444974841379 -0.20918899834997762
2499 0.699953971609949 -0.4518639803436205
2500 6.233317338980636 -0.1750120412124535
2501 6.144403586563276 -0.17071469728818978
2502 6.1127829791415165 -0.17036198840430328
2503 0.05268767474180771 -0.18546996380115166
2504 0.15415877085012653 -0.2055031129367898
2505 0.6265352805309865 -0.4037429420184828
2506 0.9362869323567028 -0.6092956596341741
2507 6.102995972252663 -0.16748225475709588
2508 2.7091650201094577 -1.793771404185755
2509 0.5899577814451236 -0.38033975305859535
2510 6.0748438192178185 -0.1667781691282305
2511 1.8229377827138085 -1.3221010296823603
2512 5.734616569747959 -0.23051249555696807
2513 5.911054003856311 -0.1846280152760582
2514 6.139478155224882 -0.16257061716583687
2515 0.03079733991355737 -0.17459902138289352
2516 0.9636253141617472 -0.6233376002899886
2517 0.6295785580166738 -0.3979834181913662
2518 0.29160172378579885 -0.23776105286704596
2519 3.407956493377656 -1.7432717547048704
2520 5.526343724867242 -0.30899387716279414
2521 5.222091170847517 -0.48096392568149215
2522 5.428013390792927 -0.3574818286436787
2523 5.692553348978659 -0.23802046824957046
2524 5.102637810418893 -0.5603743911808479
2525 6.276122468268581 -0.1635033613298934
2526 0.03975882468625074 -0.1690905893115593
2527 6.1494252083172025 -0.15454665705926207
2528 0.44361870068337184 -0.29354139099273
2529 2.923310644876605 -1.8098486120453752
2530 2.9263018882922953 -1.8093709395096544
2531 2.15780336590757 -1.542895009223093
2532 4.054142870227372 -1.37931594462488
2533 5.375954841765592 -0.37950301020510746
2534 5.833632081160235 -0.1885163068493333
2535 0.36533298022561433 -0.25517181982442116
2536 5.8938926773618805 -0.17374592888509777
2537 5.740407814436884 -0.21321939061433293
2538 6.190721827588478 -0.14882379625041753
2539 6.264740813758808 -0.15363234899421518
2540 6.174734217745167 -0.14702105371068652
2541 1.5718379131709843 -1.1023523290277435
2542 0.40797143595285085 -0.2688510802533829
2543 0.020068780247797846 -0.1557888487908422
2544 2.2542708553173165 -1.5912755150732765
2545 4.010784788146648 -1.4022991312791786
2546 5.189495251065822 -0.4871955709778776
2547 6.218985505190868 -0.1448462077525149
2548 5.92190153946994 -0.16110083183100998
2549 4.488166489900227 -1.0292146772870043
2550 5.991670262647637 -0.14940673279088523
2551 0.5375708238524846 -0.32584254679498326
2552 1.2789497259059626 -0.8516638035442857
2553 1.5160169881725847 -1.048686933318141
2554 5.470318010867762 -0.3157834912519073
2555 1.3995866740307772 -0.9502721938089209
2556 5.9604007955559695 -0.1499695671822755
2557 0.17791640031021475 -0.17876200370984452
2558 1.5621707531034774 -1.0839148064803181
2559 0.28629402395459197 -0.21065661742782837
2560 0.3307681427209255 -0.2262448481254551
2561 5.632085573696866 -0.23772129050341817
2562 3.666231088603417 -1.6050640451583345
2563 1.8382704468821853 -1.3016338419234403
2564 5.579690511137674 -0.2578680512127207
2565 0.6573779533464283 -0.3848588482861801
2566 0.9617490678676425 -0.5910660127543659
2567 0.1926759412641398 -0.17666532894242082
2568 5.826602223555914 -0.16962886078773254
2569 5.8754390439157325 -0.15755139080380698
2570 5.895276889550634 -0.15282858744733863
2571 6.161028877125091 -0.12786531325521955
2572 0.16503729218403637 -0.16635585597715075
2573 0.22862681635051074 -0.18342640215188988
2574 0.41479463679054035 -0.2523602400572804
2575 5.5484652883934205 -0.26526734053309076
2576 4.547554618982428 -0.964244217203282
2577 5.174847657512144 -0.47839918086363237
2578 6.113372603490955 -0.12375488352861586
2579 4.692914964437259 -0.8432639705056071
2580 6.0181174906487955 -0.12837388612332468
2581 5.815884875493643 -0.16461334387502002
2582 5.8055208425249205 -0.16678095256530023
2583 0.030037449003229445 -0.13296154063164822
2584 0.06291210279405568 -0.13752382026748944
2585 0.11188926266289394 -0.14624634072493703
2586 0.32373583855550897 -0.20790126356242444
2587 0.3947047851495553 -0.2358128036437629
2588 0.877973399141102 -0.5165111581911084
2589 4.890880450557493 -0.6790720878290117
2590 5.223206338549604 -0.43859867769488126
2591 5.8763959693029815 -0.1442078672428393
2592 5.987130160856756 -0.1247281274848806
2593 6.083215978326515 -0.11584262731230521
2594 6.175205987302882 -0.11445364455406792
2595 6.237580721213519 -0.11731048648957998
2596 6.282089161543203 -0.1211463336262043
2597 0.13399406339946068 -0.1439375615043441
2598 0.47774139343671895 -0.2671977575442013
2599 0.234366634962596 -0.16962601629101615
2600 0.395250010982681 -0.2282956237482957
2601 0.4743708313708199 -0.2637807332131069
2602 6.263170107041437 -0.11550986001341268
2603 0.10098134473400729 -0.13329813429483384
2604 0.28237091316899915 -0.18229999138575492
2605 0.08137945712830644 -0.1283270584664612
2606 0.20798654822365098 -0.15764738859137883
2607 0.7697791578879007 -0.43067712252532686
2608 0.8075108088427053 -0.4554260633302695
2609 0.6853010078638636 -0.37546323289315964
2610 0.55368148606851 -0.29891216556050626
2611 1.0233521992578825 -0.6108322815127052
2612 1.1872293299375432 -0.7402176306011417
2613 1.8439297370204966 -1.2759318589630648
2614 1.1225617073957608 -0.6869124981266528
2615 1.702920111947695 -1.1644707334897546
2616 4.9013668845007645 -0.6551007287796096
2617 5.2775077650744135 -0.3881189360894811
2618 5.2008886481610785 -0.43685829901869666
2619 5.434122591915868 -0.2961283865949209
2620 5.854440179638731 -0.13206515171291067
2621 5.44330374221455 -0.29009355015427785
2622 0.13269644539106518 -0.1289071039398243
2623 0.5984268562948462 -0.3158891750541507
2624 5.033245885279172 -0.5507423411179876
2625 0.3209783397645594 -0.1837930856903841
2626 5.60096463136352 -0.21209882586264583
2627 3.852000419321769 -1.4597018387521294
2628 5.516627947429102 -0.24905155711069304
2629 5.318893009075505 -0.35579810397756273
2630 5.211563343446054 -0.42285923081616034
2631 0.19241830413002564 -0.13861601876924512
2632 0.4717035667802433 -0.24424983959943325
2633 5.549113053874215 -0.23090532533849994
2634 5.82462815774473 -0.131219591599827
2635 5.481235212650295 -0.2624255515041257
2636 6.070609175365356 -0.09129715664526306
2637 6.271781077278065 -0.09593520103533437
2638 6.1934212638258686 -0.08933815078776197
2639 0.4910914196202812 -0.24964098705873639
2640 0.20782693414210013 -0.13770678195334662
2641 3.660672165746756 -1.5615041302914359
2642 4.299155151975924 -1.127571085347014
2643 4.769774826657975 -0.7436825775762234
2644 4.9639110498185435 -0.5909748814061969
2645 5.862915828572519 -0.1156487776509817
2646 5.529956530202541 -0.2323385063975134
2647 5.625626897707594 -0.18977907093371382
2648 5.654587977529228 -0.1777660256260477
2649 5.814671800447917 -0.12517188262240175
2650 6.022176113367565 -0.08697470708512722
2651 5.968075496665238 -0.09286273607920081
2652 5.960867347242869 -0.09333080085036793
2653 0.026816563184800832 -0.09147900816470467
2654 5.50142093113056 -0.2414954491181439
2655 5.634055842426035 -0.18181284343074677
2656 6.107677180826455 -0.07822695262002
2657 5.95645589124115 -0.0911283471301757
2658 1.6213226141344506 -1.0732388373915114
2659 6.245786238907648 -0.08071252091397829
2660 6.141964638360156 -0.07550777733653302
2661 6.259866491305377 -0.08088458279483535
2662 0.06138564163684374 -0.09167019696903067
2663 0.14913990234272786 -0.10903215463886073
2664 3.0888068448993478 -1.726462415727946
2665 5.328094978949393 -0.3296944230180924
2666 2.7551654450515177 -1.7087852151519702
2667 1.3150306737326418 -0.8133768413922975
2668 3.2142636224612273 -1.7066812453409428
2669 6.149428968405218 -0.07041491073180184
2670 5.3195843712819 -0.33196458041593346
2671 5.292190972196096 -0.348077719394703
2672 4.423739322285432 -1.0101622117032287
2673 1.786211166132675 -1.1966359720175848
2674 5.977253408542592 -0.07849727870478895
2675 6.1483797148944035 -0.06700317481808327
2676 0.36847605236097747 -0.1729511524465921
2677 5.407213889040401 -0.2775334275052924
2678 5.706466312016614 -0.14175277015247179
2679 5.738573510111917 -0.13044794831840856
2680 6.10677152360754 -0.06460897528910303
2681 5.992999153583082 -0.07253204085502196
2682 6.048769643013313 -0.0664757298738553
2683 6.1456877387163775 -0.06246694377294626
2684 6.2010484898573495 -0.06342672722218468
2685 6.151966789706449 -0.06138489818900983
2686 0.2913663537586059 -0.1380130732239203
2687 3.8592205622610685 -1.4210371042940415
2688 1.3008976075195582 -0.7896638337182696
2689 6.170777911048881 -0.059464601524412464
2690 5.541205315817548 -0.20217272311749723
2691 6.013946940789665 -0.06454705432671426
2692 6.164872705721237 -0.05764467289706199
2693 0.05879976345252724 -0.07367470805565901
2694 0.41856145345752993 -0.1841230984196245
2695 0.04187804144976356 -0.0698512540908629
2696 0.23944065482910812 -0.11520616580035603
2697 0.15466224200979184 -0.09111882479043443
2698 0.37440611393704337 -0.16295753068998708
2699 1.110873582736482 -0.6285550078993359
2700 1.5414328615578055 -0.9834440847946917
2701 0.9206562487153789 -0.4817527887859918
2702 5.321120170773026 -0.3131381563474632
2703 2.346537218010809 -1.5464990225617639
2704 5.704389502345932 -0.12793108503564155
2705 5.9911627786987784 -0.05931648623619057
2706 6.0381817164005485 -0.053884606924001544
2707 6.11538313420955 -0.049270426981586124
2708 6.145528034603428 -0.04846809500868021
2709 0.11971780426413177 -0.07637759155040047
2710 0.1910377194894131 -0.09325290539687292
2711 0.1757213175264628 -0.08861096233116328
2712 0.2586714837766357 -0.11237982540386493
2713 0.7982422738702101 -0.3887559715020049
2714 6.0503744048226515 -0.04847665142620117
2715 5.809471570172131 -0.08941795232254912
2716 0.8174382527907352 -0.4001525107835066
2717 5.896952945181355 -0.06785307008873942
2718 3.0033050732897784 -1.7006933544904888
2719 3.9889438034340907 -1.317192575510822
2720 5.496658667032757 -0.20689044001653945
2721 4.387586048356404 -1.0123369005634726
2722 5.841210906480866 -0.07743701065761233
2723 6.070154911938113 -0.04219363069119775
2724 5.977144585979472 -0.05060731519590511
2725 6.231378956505041 -0.04247878902156199
2726 0.19091119227438852 -0.08434651447055552
2727 0.24763556396874095 -0.10051998807480877
2728 1.4798703662431112 -0.9165652936485011
2729 0.4582838712827189 -0.1828100467165341
2730 5.983742938361203 -0.04644044218108678
2731 0.06854273243055406 -0.0542156937350986
2732 5.8723183846506375 -0.06475517328660574
2733 0.15496782485010174 -0.07120391854945529
2734 0.2594594516791224 -0.10046451282847446
2735 6.083025533134265 -0.034920903484679355
2736 0.6977064362353017 -0.3106442458629338
2737 0.2281187740321977 -0.08897748158522478
2738 6.278839634355842 -0.0398435624333755
2739 4.872857661011241 -0.6082852859408898
2740 6.133447241128355 -0.030839385286656196
2741 5.957389290458223 -0.04410979342814103
2742 0.7465247675921884 -0.3384082024215159
2743 0.30141652878556935 -0.10987926707124906
2744 0.31583384459140795 -0.11457227160056194
2745 0.1349122780529303 -0.05989501717633394
2746 4.915330359044782 -0.5714486609505426
2747 5.627114780625545 -0.13344564803449155
2748 4.203059992393632 -1.1439551951336557
2749 6.2689005018660335 -0.032740454038236
2750 2.1160196804896194 -1.3893093234148106
2751 0.3011504189284887 -0.10541368202974799
2752 0.024152108240181266 -0.035801917588348275
2753 5.39964870884719 -0.23984543674031888
2754 3.262824618765972 -1.6488561490804965
2755 5.425762414911941 -0.22447813747363932
2756 5.910766234049947 -0.04386705785158951
2757 0.6219391870072108 -0.25360578267567135
2758 5.944256705967865 -0.03693090689786549
2759 6.12604149538602 -0.02057778575524849
2760 6.017689390170421 -0.026196613449457007
2761 5.742775875433251 -0.08394121468364268
2762 5.178640028695919 -0.3713522520920113
2763 6.1074338299753235 -0.018785070949490335
2764 6.189328870735802 -0.018772967049778932
2765 0.025887084240121136 -0.028999560077476727
2766 0.48536697909407805 -0.17561079111868783
2767 5.662783458278762 -0.10867855532663129
2768 6.02046983999375 -0.02160655578674331
2769 6.121692433358303 -0.0152447156662463
2770 6.265216724723743 -0.020987686630805746
2771 0.1850414657086401 -0.05821735199552536
2772 5.947005773958224 -0.028954617879334843
2773 5.98363306977489 -0.023133314619931178
2774 6.130129828042117 -0.01245552736768607
2775 5.858954427090487 -0.044478496624408614
2776 4.924457310494205 -0.5483272390895138
2777 6.058252636620978 -0.013614330144029907
2778 6.084509343553607 -0.011572974404261416
2779 6.120269658503015 -0.009903141439483787
2780 6.27201532038316 -0.01633938971145177
2781 6.110065571456125 -0.00904956028224757
2782 6.251337881233964 -0.013197627995401917
2783 6.1267816875629455 -0.00767234622918489
2784 6.164329565939396 -0.007288868298934048
2785 6.208847897529656 -0.008447792512665364
2786 6.218147250875957 -0.0084750824167944
2787 0.6457682422426599 -0.25135276445563004
2788 6.043110269605831 -0.008870277437618479
2789 6.247099593554108 -0.009080075498658524
2790 6.2728542116296575 -0.011090384435786138
2791 6.216583030107549 -0.005711611852539211
2792 6.148808835885504 -0.0028236989751422303
2793 6.0909471485313995 -0.003293995459719423
2794 6.139062924340248 -0.0017356604391561836
2795 6.1765521877886504 -0.0017339607552072644
2796 6.194634398871679 -0.00187498794147134
2797 6.207286321113523 -0.00197558930582864
2798 6.21761851024197 -0.0020590314062863824
2799 6.226567438963099 -0.0021319450542185425
2800 6.234572611754044 -0.0021976395213677558
2801 6.241882048366011 -0.0022580889413045258
2802 6.248651677196853 -0.0023145806427991023
2803 6.254986891601877 -0.002368000777445811
2804 6.260962761849846 -0.0024189822945578365
2805 6.266634937681296 -0.002467989761520739
2806 6.2720459939543005 -0.0025153714504811964
2807 6.277229346850325 -0.002561392960793385
2808 6.2822117862930815 -0.0026062597611395955
2809 0.003829870134303614 -0.0026501327611143655
2810 0.008472332963758409 -0.0026931393315302588
2811 0.012969084038853971 -0.0027353812622404883
2812 0.01733304949988285 -0.002776940607195466
2813 0.021575321906070546 -0.0028178840409399664
2814 0.025705506363595657 -0.002858266147232391
2815 0.029731987031826487 -0.002898131929483516
2816 0.03366213524838531 -0.0029375187462713503
2817 0.03750247414348043 -0.0029764578168801625
2818 0.04125881034656553 -0.0030149754017551045
2819 0.044936340471435174 -0.0030530937347498233
2820 0.048539738035301205 -0.003090831764183899
2821 0.052073225030334326 -0.0031282057454363743
2822 0.05554063133382133 -0.0031652297174045163
2823 0.05894544439097462 -0.003201915887500517
2824 0.06229085104973832 -0.003238274944175057
2825 0.06557977301282565 -0.003274316311680403
2826 0.0688148970598072 -0.003310048358559192
2827 0.07199870095394123 -0.00334547856887768
2828 0.0751334757652781 -0.0033806136833303135
2829 0.07822134519938659 -0.003415459815873878
2830 0.08126428240975911 -0.00345002255041138
2831 0.08426412468433118 -0.0034843070211502125
2832 0.08722258632678544 -0.0035183179795554853
2833 0.0901412699976435 -0.0035520598502629674
2834 0.09302167673530552 -0.003585536777870657
2835 0.09586521484088262 -0.003618752666173841
2836 0.09867320778110737 -0.003651711211126951
2837 0.1014469012393899 -0.003684415928581264
2838 0.1041874694251424 -0.0037168701776633117
2839 0.1068960207350567 -0.003749077180512206
2840 0.10957360284627261 -0.0037810400389631793
2841 0.11222120730995247 -0.0038127617486717336
2842 0.11483977370420731 -0.0038442452110855063
2843 0.11743019339724217 -0.0038754932436043665
2844 0.11999331296474625 -0.003906508588215285
2845 0.1225299372998111 -0.003937293918837237
2846 0.12504083244869807 -0.003967851847580306
2847 0.12752672820160058 -0.003998184930081861
2848 0.1299883204639271 -0.004028295670066795
2849 0.13242627343053257 -0.004058186523246188
2850 0.13484122158266215 -0.004087859900658075
2851 0.1372337715250681 -0.004117318171533935
2852 0.13960450367873445 -0.004146563665763714
2853 0.14195397384292321 -0.004175598676018466
2854 0.1442827146387398 -0.004204425459585659
2855 0.14659123684505704 -0.004233046239956573
2856 0.1488800306365341 -0.004261463208207084
2857 0.15114956673236077 -0.004289678524200036
2858 0.15340029746355646 -0.004317694317639398
2859 0.15563265776577864 -0.004345512688995412
2860 0.15784706610394056 -0.004373135710323162
2861 0.16004392533430037 -0.004400565425989211
2862 0.16222362350915126 -0.004427803853322199
2863 0.16438653462871314 -0.004454852983196256
2864 0.16653301934444759 -0.00448171478056103
2865 0.16866342561757275 -0.004508391184924299
2866 0.1707780893362394 -0.004534884110796278
2867 0.1728773348945196 -0.004561195448099076
2868 0.17496147573605397 -0.004587327062551272
2869 0.1770308148649792 -0.004613280796027075
2870 0.17908564532651705 -0.004639058466896495
2871 0.1811262506594112 -0.004664661870349529
2872 0.18315290532219922 -0.0046900927787076885
2873 0.18516587509516608 -0.004715352941721651
2874 0.1871654174596477 -0.004740444086862583
2875 0.1891517819562373 -0.004765367919602692
2876 0.191125210523316 -0.00479012612369123
2877 0.19308593781721003 -0.004814720361424385
2878 0.19503419151519416 -0.0048391522739100745
2879 0.19697019260244666 -0.004863423481329621
2880 0.19889415564398258 -0.004887535583195768
2881 0.2008062890425341 -0.004911490158607812
2882 0.20270679528323343 -0.004935288766504842
2883 0.20459587116594327 -0.004958932945915984
2884 0.20647370802596957 -0.004982424216209536
2885 0.20834049194386922 -0.0050057640773402134
2886 0.21019640394500752 -0.005028954010094067
2887 0.2120416201894683 -0.005051995476332949
2888 0.21387631215288092 -0.005074889919237102
2889 0.21570064679870063 -0.005097638763545742
2890 0.21751478674240904 -0.005120243415796422
2891 0.21931889040812882 -0.0051427052645640625
2892 0.22111311217804064 -0.0051650256806968775
2893 0.22289760253502672 -0.005187206017550738
2894 0.22467250819891044 -0.005209247611224099
2895 0.22643797225662932 -0.005231151780788479
2896 0.22819413428668034 -0.005252919828519276
2897 0.22994113047813566 -0.005274553040123808
2898 0.23167909374452772 -0.005296052684967689
2899 0.2334081538328464 -0.0053174200162996454
2900 0.23512843742793746 -0.005338656271474229
2901 0.23684006825250598 -0.005359762672172308
2902 0.23854316716296808 -0.005380740424619557
2903 0.24023785224135485 -0.005401590719803395
2904 0.24192423888345868 -0.005422314733687594
2905 0.2436024398834192 -0.00544291362742344
2906 0.24527256551492205 -0.005463388547560788
2907 0.2469347236091588 -0.005483740626255118
2908 0.24858901962972693 -0.005503970981473483
2909 0.25023555674460385 -0.0055240807171969
2910 0.25187443589533265 -0.005544070923621969
2911 0.2535057558635537 -0.005563942677358047
2912 0.25512961333500234 -0.005583697041624425
2913 0.2567461029611004 -0.005603335066442949
2914 0.2583553174182322 -0.005622857788829649
2915 0.25995734746482624 -0.005642266232982807
2916 0.2615522819963382 -0.0056615614104700285
2917 0.2631402080982221 -0.005680744320411213
2918 0.26472121109698704 -0.00569981594966007
2919 0.2662953746094168 -0.005718777272983089
2920 0.2678627805900376 -0.005737629253236176
2921 0.26942350937690523 -0.005756372841537849
2922 0.2709776397357893 -0.005775008977441098
2923 0.27252524890281543 -0.00579353858910292
2924 0.2740664126256346 -0.005811962593450515
2925 0.27560120520318815 -0.0058302818963451575
2926 0.2771296995241058 -0.005848497392744845
2927 0.2786519671038233 -0.005866609966863723
2928 0.2801680781204409 -0.005884620492327963
2929 0.2816781014494026 -0.005902529832332304
2930 0.2831821046970159 -0.0059203388397913725
2931 0.2846801542328851 -0.005938048357489678
2932 0.28617231522128045 -0.005955659218230824
2933 0.2876586516514996 -0.005973172244981395
2934 0.2891392263672463 -0.005990588251015283
2935 0.29061410109508146 -0.006007908040055132
2936 0.29208333647197143 -0.006025132406410338
2937 0.29354699207196844 -0.006042262135114718
2938 0.2950051264320587 -0.00605929800206062
2939 0.29645779707721376 -0.006076240774131936
2940 0.297905060544667 -0.006093091209334656
2941 0.299346972407446 -0.006109850056924548
2942 0.3007835872971958 -0.006126518057534058
2943 0.30221495892630973 -0.006143095943296539
2944 0.303641140109399 -0.006159584437969157
2945 0.30506218278412434 -0.006175984257053013
2946 0.30647813803140306 -0.006192296107911055
2947 0.3078890560950378 -0.006208520689885755
2948 0.3092949864007587 -0.006224658694413243
2949 0.3106959775747165 -0.006240710805136329
2950 0.3120920774614499 -0.006256677698015856
2951 0.3134833331413277 -0.006272560041439501
2952 0.314869790947501 -0.0062883584963298045
2953 0.31625149648237866 -0.0063040737162503024
2954 0.317628494633628 -0.00631970634750878
2955 0.3190008295897432 -0.006335257029259966
2956 0.32036854485517247 -0.006350726393607453
2957 0.3217316832650256 -0.006366115065700617
2958 0.3230902869993914 -0.006381423663834651
2959 0.32444439759724664 -0.006396652799544822
2960 0.32579405597000305 -0.0064118030777011725
2961 0.3271393024146843 -0.006426875096602891
2962 0.32848017662674434 -0.00644186944806735
2963 0.32981671771255455 -0.006456786717521701
2964 0.33114896420155493 -0.006471627484090914
2965 0.3324769540580845 -0.006486392320685264
2966 0.3338007246929055 -0.006501081794084929
2967 0.3351203129744272 -0.006515696465025145
2968 0.33643575523963326 -0.006530236888278584
2969 0.3377470873047438 -0.006544703612738179
2970 0.33905434447558347 -0.00655909718149561
2971 0.34035756155770425 -0.006573418131920916
2972 0.34165677286624146 -0.006587666995741204
2973 0.34295201223552807 -0.006601844299116144
2974 0.3442433130284617 -0.006615950562712691
2975 0.34553070814565023 -0.006629986301781132
2976 0.34681423003431544 -0.006643952026225364
2977 0.3480939106969929 -0.0066578482406765005
2978 0.3493697817000084 -0.006671675444563485
2979 0.3506418741817526 -0.006685434132180368
2980 0.35191021886075813 -0.006699124792757694
2981 0.3531748460435727 -0.006712747910527339
2982 0.35443578563245454 -0.0067263039647893486
2983 0.3556930671328794 -0.006739793429978436
2984 0.35694671966086694 -0.006753216775725823
2985 0.3581967719501381 -0.006766574466923525
2986 0.35944325235910896 -0.006779866963787073
2987 0.36068618887770926 -0.006793094721915471
2988 0.36192560913405464 -0.006806258192352366
2989 0.3631615404009559 -0.006819357821644112
2990 0.36439400960228624 -0.006832394051898838
2991 0.3656230433191986 -0.00684536732084462
2992 0.3668486677961984 -0.006858278061883882
2993 0.3680709089470874 -0.006871126704150909
2994 0.36928979236076803 -0.006883913672566355
2995 0.37050534330691526 -0.006896639387889647
2996 0.3717175867415283 -0.006909304266774052
2997 0.3729265473123557 -0.006921908721817638
2998 0.3741322493641993 -0.006934453161615339
2999 0.37533471694410625 -0.006946937990809587
3000 0.37653397380643994 -0.006959363610139491
3001 0.37773004341784877 -0.006971730416491351
3002 0.3789229489621227 -0.0069840388029452916
3003 0.3801127133449442 -0.006996289158823998
3004 0.38129935919854113 -0.007008481869740235
3005 0.38248290888623676 -0.007020617317641253
3006 0.3836633845069061 -0.007032695880855977
3007 0.3848408078993338 -0.0070447179341391886
3008 0.38601520064648265 -0.00705668384871494
3009 0.3871865840796756 -0.0070685939923210706
3010 0.3883549792826854 -0.007080448729252065
3011 0.38952040709574054 -0.007092248420400349
3012 0.3906828881194505 -0.0071039934232987045
3013 0.39184244271864965 -0.007115684092160568
3014 0.39299909102616026 -0.007127320777920887
3015 0.3941528529464796 -0.0071389038282753114
3016 0.3953037481593943 -0.007150433587719829
3017 0.3964517961235204 -0.007161910397589066
3018 0.39759701607976883 -0.007173334596094483
3019 0.3987394270547476 -0.00718470651836145
3020 0.3998790478640907 -0.0071960264964664455
3021 0.40101589711572455 -0.0072072948594732456
3022 0.4021499932130677 -0.007218511933468785
3023 0.403281354358167 -0.007229678041598686
3024 0.4044099985547761 -0.007240793504101339
3025 0.40553594361136946 -0.0072518586383428785
3026 0.406659207144099 -0.007262873758851263
3027 0.40777980657969604 -0.00727383917734814
3028 0.4088977591583125 -0.007284755202783377
3029 0.41001308193631386 -0.0072956221413658096
3030 0.4111257917890125 -0.007306440296596661
3031 0.4122359054133516 -0.007317209969299632
3032 0.41334343933054135 -0.00732793145765287
3033 0.4144484098886391 -0.007338605057218506
3034 0.41555083326508646 -0.007349231060974071
3035 0.4166507254691945 -0.007359809759340474
3036 0.41774810234458937 -0.007370341440213646
3037 0.41884297957160166 -0.0073808263889904024
3038 0.41993537266962394 -0.007391264888599647
3039 0.4210252969994139 -0.007401657219528013
3040 0.42211276776536527 -0.007412003659849842
3041 0.4231978000177284 -0.00742230448525294
3042 0.4242804086547949 -0.007432559969065
3043 0.42536060842504503 -0.00744277038228236
3044 0.4264384139292482 -0.007452935993593313
3045 0.42751383962253553 -0.007463057069406198
3046 0.42858689981642983 -0.007473133873873716
3047 0.4296576086808371 -0.007483166668917907
3048 0.43072598024601 -0.007493155714255462
3049 0.4317920284044683 -0.007503101267421153
3050 0.43285576691289507 -0.007513003583794253
3051 0.4339172093939862 -0.0075228629166183
3052 0.4349763693382835 -0.007532679517028518
3053 0.43603326010596166 -0.007542453634072466
3054 0.4370878949285934 -0.007552185514733245
3055 0.4381402869108802 -0.007561875403953033
3056 0.43919044903235505 -0.0075715235446540685
3057 0.44023839414905164 -0.00758113017776052
3058 0.4412841349951522 -0.0075906955422210265
3059 0.44232768418460144 -0.007600219875029346
3060 0.4433690542126954 -0.007609703411245117
3061 0.44440825745764306 -0.007619146384015174
3062 0.4454453061821 -0.007628549024593756
3063 0.4464802125346824 -0.007637911562362265
3064 0.4475129885514473 -0.007647234224850363
3065 0.4485436461573525 -0.007656517237753957
3066 0.44957219716769475 -0.00766576082495618
3067 0.45059865328951787 -0.007674965208545381
3068 0.4516230261230045 -0.007684130608834661
3069 0.4526453271628386 -0.007693257244380414
3070 0.45366556779955103 -0.0077023453320005375
3071 0.45468375932083993 -0.007711395086792416
3072 0.45569991291287126 -0.007720406722151796
3073 0.45671403966155527 -0.007729380449788881
3074 0.457726150553809 -0.007738316479747542
3075 0.45873625647879107 -0.007747215020421527
3076 0.45974436822912157 -0.007756076278571666
3077 0.4607504965020786 -0.0077649004593425275
3078 0.46175465190078085 -0.007773687766279513
3079 0.46275684493534686 -0.007782438401344627
3080 0.4637570860240393 -0.007791152564933346
3081 0.46475538549438583 -0.0077998304558896114
3082 0.46575175358429244 -0.007808472271522815
3083 0.4667462004431276 -0.007817078207621786
3084 0.4677387361327979 -0.007825648458472223
3085 0.4687293706288044 -0.007834183216870128
3086 0.46971811382128076 -0.007842682674137014
3087 0.47070497551601853 -0.007851147020136007
3088 0.47168996543547537 -0.007859576443284944
3089 0.4726730932197645 -0.007867971130570917
3090 0.47365436842764025 -0.007876331267566816
3091 0.4746338005374496 -0.007884657038441212
3092 0.4756113989480896 -0.007892948625976448
3093 0.4765871729799367 -0.007901206211579859
3094 0.47756113187576693 -0.007909429975297977
3095 0.478533284801663 -0.007917620095830302
3096 0.47950364084790553 -0.007925776750542068
3097 0.480472209029852 -0.007933900115477788
3098 0.4814389982888044 -0.007941990365373353
3099 0.48240401749286105 -0.00795004767366947
3100 0.4833672754377564 -0.007958072212524536
3101 0.48432878084769115 -0.007966064152825969
3102 0.48528854237614777 -0.007974023664203744
3103 0.4862465686066937 -0.007981950915041613
3104 0.4872028680537741 -0.007989846072489537
3105 0.48815744916349496 -0.007997709302475675
3106 0.48911032031438917 -0.008005540769717823
3107 0.4900614898181768 -0.008013340637734956
3108 0.491010965920514 -0.008021109068859
3109 0.49195875680172746 -0.008028846224245934
3110 0.49290487057754295 -0.008036552263886887
3111 0.493849315299799 -0.008044227346619248
3112 0.49479209895715554 -0.008051871630137764
3113 0.4957332294757875 -0.008059485271004974
3114 0.49667271472007063 -0.00806706842466176
3115 0.49761056249326086 -0.008074621245438784
3116 0.4985467805381579 -0.00808214388656614
3117 0.4994813765377644 -0.00808963650018324
3118 0.5004143581159347 -0.008097099237350358
3119 0.5013457328380119 -0.00810453224805674
3120 0.5022755082114623 -0.008111935681233029
3121 0.5032036916864926 -0.008119309684757825
3122 0.5041302906566677 -0.008126654405471556
3123 0.5050553124595125 -0.008133969989181922
3124 0.5059787643771086 -0.008141256580675882
3125 0.5069006536366848 -0.00814851432372854
3126 0.5078209874111949 -0.008155743361111578
3127 0.5087397728198927 -0.008162943834604142
3128 0.5096570169288945 -0.00817011588499994
3129 0.5105727267517388 -0.008177259652117352
3130 0.5114869092499338 -0.00818437527480853
3131 0.5123995713334984 -0.008191462890966617
3132 0.5133107198615048 -0.008198522637536843
3133 0.5142203616425952 -0.008205554650521973
3134 0.515128503435512 -0.008212559064993963
3135 0.516035151949607 -0.00821953601510017
3136 0.5169403138453518 -0.008226485634072689
3137 0.517843995734834 -0.008233408054235114
3138 0.5187462041822558 -0.008240303407013094
3139 0.5196469457044186 -0.00824717182293988
3140 0.5205462267712055 -0.00825401343166543
3141 0.521444053806057 -0.008260828361964956
3142 0.5223404331864347 -0.008267616741743922
3143 0.5232353712442915 -0.008274378698049034
3144 0.5241288742665244 -0.008281114357074681
3145 0.5250209484954232 -0.008287823844168485
3146 0.5259116001291189 -0.008294507283840957
3147 0.5268008353220223 -0.008301164799772609
3148 0.5276886601852591 -0.008307796514820942
3149 0.5285750807870918 -0.008314402551025779
3150 0.5294601031533522 -0.008320983029620255
3151 0.5303437332678489 -0.008327538071033147
3152 0.531225977072789 -0.008334067794900424
3153 0.5321068404691768 -0.008340572320068573
3154 0.5329863293172206 -0.00834705176460282
3155 0.5338644494367273 -0.008353506245793896
3156 0.5347412066074972 -0.008359935880165037
3157 0.5356166065697077 -0.008366340783477644
3158 0.5364906550242944 -0.008372721070737388
3159 0.5373633576333362 -0.008379076856202983
3160 0.5382347200204175 -0.008385408253389404
3161 0.5391047477710058 -0.008391715375077657
3162 0.5399734464328085 -0.008397998333317225
3163 0.5408408215161378 -0.008404257239435275
3164 0.5417068784942599 -0.008410492204041442
3165 0.5425716228037507 -0.008416703337033593
3166 0.5434350598448384 -0.008422890747604717
3167 0.5442971949817488 -0.008429054544248249
3168 0.5451580335430408 -0.008435194834764737
3169 0.5460175808219396 -0.008441311726265388
3170 0.5468758420766704 -0.008447405325180735
3171 0.5477328225307809 -0.008453475737264626
3172 0.5485885273734631 -0.008459523067599228
3173 0.5494429617598744 -0.008465547420602126
3174 0.550296130811453 -0.008471548900032766
3175 0.5511480396162193 -0.008477527608992896
3176 0.551998693229095 -0.008483483649937895
3177 0.5528480966722011 -0.008489417124679544
3178 0.5536962549351548 -0.008495328134390134
3179 0.5545431729753707 -0.008501216779608689
3180 0.5553888557183522 -0.008507083160248285
3181 0.5562333080579784 -0.008512927375596946
3182 0.5570765348567953 -0.00851874952432674
3183 0.5579185409462915 -0.00852454970449501
3184 0.5587593311271849 -0.008530328013553135
3185 0.5595989101696943 -0.008536084548348866
3186 0.5604372828138147 -0.008541819405132434
3187 0.5612744537695856 -0.008547532679559988
3188 0.5621104277173572 -0.008553224466699594
3189 0.5629452093080577 -0.008558894861036115
3190 0.5637788031634521 -0.008564543956475101
3191 0.5646112138763951 -0.008570171846346342
3192 0.5654424460110988 -0.008575778623412966
3193 0.566272504103368 -0.008581364379869227
3194 0.5671013926608647 -0.00858692920735138
3195 0.5679291161633419 -0.0085924731969369
3196 0.5687556790628953 -0.008597996439152378
3197 0.5695810857842037 -0.008603499023977945
3198 0.5704053407247623 -0.008608981040848618
3199 0.5712284482551205 -0.00861444257866073
3200 0.5720504127191168 -0.008619883725776045
3201 0.5728712384341093 -0.008625304570026637
3202 0.5736909296911967 -0.008630705198716337
3203 0.5745094907554524 -0.008636085698627394
3204 0.5753269258661424 -0.008641446156024468
3205 0.5761432392369455 -0.008646786656656635
3206 0.5769584350561733 -0.008652107285763488
3207 0.5777725174869833 -0.008657408128077693
3208 0.5785854906675931 -0.00866268926782976
3209 0.5793973587114946 -0.008667950788752266
3210 0.5802081257076561 -0.008673192774082406
3211 0.5810177957207318 -0.00867841530656599
3212 0.5818263727912675 -0.00868361846846255
3213 0.5826338609359 -0.008688802341548119
3214 0.5834402641475568 -0.008693967007117775
3215 0.5842455863956547 -0.00869911254599176
3216 0.5850498316262968 -0.008704239038517914
3217 0.5858530037624616 -0.008709346564574227
3218 0.5866551067041967 -0.008714435203573734
3219 0.5874561443288105 -0.008719505034468944
3220 0.5882561204910534 -0.008724556135751849
3221 0.5890550390233088 -0.008729588585461023
3222 0.5898529037357727 -0.008734602461182739
3223 0.5906497184166374 -0.008739597840055957
3224 0.5914454868322714 -0.008744574798775329
3225 0.5922402127273928 -0.008749533413592636
3226 0.5930338998252503 -0.008754473760323234
3227 0.5938265518277918 -0.008759395914345935
3228 0.5946181724158427 -0.008764299950609344
3229 0.5954087652492711 -0.008769185943633628
3230 0.5961983339671583 -0.008774053967513296
3231 0.5969868821879653 -0.008778904095920859
3232 0.597774413509698 -0.008783736402110054
3233 0.5985609315100708 -0.008788550958918617
3234 0.5993464397466676 -0.00879334783877117
3235 0.6001309417571025 -0.008798127113683996
3236 0.6009144410591791 -0.008802888855265478
3237 0.6016969411510443 -0.008807633134720216
3238 0.602478445511346 -0.00881236002285224
3239 0.6032589575993866 -0.008817069590067561
3240 0.6040384808552749 -0.008821761906377845
3241 0.6048170187000754 -0.008826437041402069
3242 0.6055945745359581 -0.008831095064369632
3243 0.6063711517463469 -0.00883573604412402
3244 0.6071467536960656 -0.008840360049125251
3245 0.6079213837314804 -0.008844967147451865
3246 0.6086950451806432 -0.008849557406804265
3247 0.6094677413534383 -0.008854130894507928
3248 0.6102394755417171 -0.008858687677515853
3249 0.6110102510194366 -0.00886322782240978
3250 0.6117800710428026 -0.008867751395405299
3251 0.6125489388504001 -0.008872258462352067
3252 0.6133168576633312 -0.0088767490887387
3253 0.6140838306853486 -0.008881223339693323
3254 0.614849861102986 -0.0088856812799879
3255 0.6156149520856904 -0.008890122974038572
3256 0.6163791067859516 -0.00889454848591098
3257 0.6171423283394291 -0.008898957879319713
3258 0.6179046198650822 -0.008903351217633526
3259 0.6186659844652932 -0.008907728563875894
3260 0.6194264252259933 -0.008912089980728899
3261 0.6201859452167849 -0.00891643553053334
3262 0.6209445474910655 -0.008920765275294285
3263 0.6217022350861475 -0.008925079276680736
3264 0.6224590110233795 -0.008929377596029409
3265 0.6232148783082618 -0.008933660294346168
3266 0.623969839930569 -0.008937927432309256
3267 0.624723898864463 -0.008942179070271172
3268 0.6254770580686081 -0.008946415268260455
3269 0.6262293204862873 -0.008950636085984232
3270 0.6269806890455161 -0.00895484158283133
3271 0.6277311666591505 -0.008959031817872831
3272 0.628480756225002 -0.008963206849865069
3273 0.6292294606259481 -0.00896736673725329
3274 0.6299772827300377 -0.008971511538170773
3275 0.6307242253906022 -0.00897564131044326
3276 0.6314702914463597 -0.008979756111589743
3277 0.6322154837215238 -0.008983855998825563
3278 0.6329598050259082 -0.008987941029064306
3279 0.6337032581550293 -0.008992011258919685
3280 0.6344458458902072 -0.008996066744705877
3281 0.6351875709986754 -0.009000107542444069
3282 0.6359284362336737 -0.009004133707859352
3283 0.6366684443345514 -0.00900814529638505
3284 0.6374075980268694 -0.009012142363166165
3285 0.6381459000224943 -0.009016124963058592
3286 0.6388833530196967 -0.009020093150631237
3287 0.6396199597032513 -0.009024046980171119
3288 0.6403557227445273 -0.009027986505681151
3289 0.6410906448015885 -0.00903191178088536
3290 0.6418247285192826 -0.009035822859228215
3291 0.6425579765293383 -0.009039719793878409
3292 0.6432903914504536 -0.00904360263772963
3293 0.6440219758883906 -0.009047471443402455
3294 0.6447527324360657 -0.009051326263246895
3295 0.6454826636736366 -0.00905516714934329
3296 0.6462117721685933 -0.009058994153504307
3297 0.6469400604758487 -0.009062807327277489
3298 0.6476675311378197 -0.009066606721945591
3299 0.6483941866845213 -0.009070392388529913
3300 0.6491200296336465 -0.009074164377791183
3301 0.6498450624906525 -0.009077922740229893
3302 0.6505692877488509 -0.009081667526092074
3303 0.651292707889482 -0.009085398785366516
3304 0.6520153253818018 -0.009089116567787547
3305 0.6527371426831692 -0.009092820922839473
3306 0.6534581622391177 -0.0090965118997548
3307 0.6541783864834437 -0.00910018954751779
3308 0.6548978178382825 -0.009103853914864679
3309 0.6556164587141906 -0.009107505050287568
3310 0.6563343115102203 -0.009111143002032862
3311 0.6570513786140003 -0.009114767818105385
3312 0.657767662401814 -0.009118379546269595
3313 0.6584831652386731 -0.009121978234049921
3314 0.6591978894783938 -0.009125563928732539
3315 0.6599118374636747 -0.009129136677368921
3316 0.6606250115261687 -0.009132696526774065
3317 0.6613374139865594 -0.009136243523531484
3318 0.6620490471546302 -0.009139777713991326
3319 0.6627599133293407 -0.009143299144274253
3320 0.6634700147988997 -0.009146807860272999
3321 0.6641793538408308 -0.009150303907650814
3322 0.6648879327220504 -0.009153787331847352
3323 0.6655957536989306 -0.009157258178075889
3324 0.6663028190173769 -0.00916071649132788
3325 0.6670091309128908 -0.009164162316373736
3326 0.6677146916106395 -0.00916759569776171
3327 0.6684195033255259 -0.009171016679822785
3328 0.6691235682622548 -0.00917442530667012
3329 0.6698268886153977 -0.009177821622200266
3330 0.6705294665694626 -0.009181205670095727
3331 0.6712313042989552 -0.009184577493824841
3332 0.67193240396845 -0.009187937136645563
3333 0.6726327677326482 -0.009191284641603348
3334 0.6733323977364454 -0.009194620051535152
3335 0.6740312961149931 -0.009197943409068987
3336 0.6747294649937643 -0.00920125475662692
3337 0.6754269064886141 -0.009204554136425402
3338 0.6761236227058417 -0.009207841590476828
3339 0.6768196157422515 -0.009211117160589977
3340 0.6775148876852128 -0.009214380888371898
3341 0.678209440612725 -0.009217632815230248
3342 0.6789032765934706 -0.009220872982372175
3343 0.6795963976868796 -0.00922410143080754
3344 0.680288805943187 -0.009227318201349477
3345 0.680980503403488 -0.00923052333461405
3346 0.6816714920998038 -0.009233716871025921
3347 0.6823617740551299 -0.00923689885081358
3348 0.6830513512834986 -0.009240069314015442
3349 0.6837402257900342 -0.009243228300478079
3350 0.6844283995710085 -0.009246375849858768
3351 0.6851158746138968 -0.009249512001625826
3352 0.6858026528974339 -0.009252636795061164
3353 0.6864887363916674 -0.009255750269260066
3354 0.6871741270580111 -0.009258852463131517
3355 0.6878588268493024 -0.009261943415401985
3356 0.6885428377098528 -0.00926502316461486
3357 0.6892261615755003 -0.009268091749130791
3358 0.6899088003736649 -0.009271149207131013
3359 0.6905907560233991 -0.009274195576617017
3360 0.6912720304354386 -0.009277230895410882
3361 0.6919526255122523 -0.00928025520115694
3362 0.6926325431480994 -0.009283268531324551
3363 0.6933117852290753 -0.009286270923207773
3364 0.6939903536331598 -0.009289262413925026
3365 0.6946682502302703 -0.009292243040422421
3366 0.6953454768823114 -0.009295212839473765
3367 0.6960220354432204 -0.009298171847681336
3368 0.6966979277590188 -0.009301120101477545
3369 0.6973731556678601 -0.009304057637125829
3370 0.698047721000076 -0.009306984490721426
3371 0.698721625578225 -0.00930990069819182
3372 0.699394871217139 -0.009312806295298515
3373 0.7000674597239716 -0.009315701317639369
3374 0.7007393928982398 -0.00931858580064493
3375 0.7014106725318769 -0.009321459779585872
3376 0.7020813004092716 -0.009324323289568226
3377 0.7027512783073162 -0.009327176365537704
3378 0.703420607995452 -0.009330019042279258
3379 0.7040892912357131 -0.009332851354418636
3380 0.7047573297827688 -0.009335673336422823
3381 0.7054247253839706 -0.00933848502260115
3382 0.7060914797793951 -0.009341286447107189
3383 0.7067575947018826 -0.00934407764393641
3384 0.7074230718770884 -0.009346858646932854
3385 0.7080879130235187 -0.00934962948978424
3386 0.7087521198525725 -0.009352390206024852
3387 0.7094156940685891 -0.009355140829038655
3388 0.7100786373688837 -0.009357881392056622
3389 0.7107409514437932 -0.009360611928160512
3390 0.7114026379767142 -0.009363332470281871
3391 0.7120636986441438 -0.009366043051203365
3392 0.7127241351157202 -0.009368743703559446
3393 0.7133839490542673 -0.009371434459839567
3394 0.7140431421158275 -0.009374115352385748
3395 0.7147017159497008 -0.009376786413392901
3396 0.7153596721984924 -0.009379447674914498
3397 0.7160170124981439 -0.00938209916885846
3398 0.7166737384779744 -0.009384740926991042
3399 0.7173298517607168 -0.009387372980934283
3400 0.7179853539625599 -0.009389995362171444
3401 0.7186402466931836 -0.009392608102044342
3402 0.7192945315557951 -0.009395211231755463
3403 0.7199482101471686 -0.009397804782368402
3404 0.720601284057678 -0.009400388784807312
3405 0.7212537548713391 -0.009402963269860454
3406 0.7219056241658439 -0.009405528268180308
3407 0.7225568935125938 -0.009408083810282242
3408 0.7232075644767376 -0.009410629926546399
3409 0.7238576386172088 -0.009413166647220361
3410 0.7245071174867566 -0.009415694002416486
3411 0.725156002631986 -0.00941821202211579
3412 0.7258042955933883 -0.009420720736166621
3413 0.7264519979053764 -0.00942322017428554
3414 0.7270991110963206 -0.00942571036605977
3415 0.7277456366885835 -0.00942819134094608
3416 0.7283915761985504 -0.009430663128272787
3417 0.7290369311366635 -0.009433125757238425
3418 0.7296817030074584 -0.009435579256915627
3419 0.7303258933095945 -0.009438023656249683
3420 0.730969503535886 -0.009440458984058209
3421 0.73161253517334 -0.009442885269035362
3422 0.7322549897031831 -0.009445302539749623
3423 0.7328968686008963 -0.00944771082464424
3424 0.7335381733362469 -0.009450110152040891
3425 0.7341789053733202 -0.009452500550137577
3426 0.7348190661705482 -0.009454882047009616
3427 0.735458657180746 -0.009457254670612314
3428 0.7360976798511379 -0.009459618448779294
3429 0.7367361356233895 -0.00946197340922339
3430 0.7373740259336402 -0.009464319579539304
3431 0.7380113522125301 -0.009466656987201949
3432 0.7386481158852355 -0.009468985659569551
3433 0.7392843183714918 -0.009471305623881099
3434 0.7399199610856282 -0.009473616907259674
3435 0.7405550454365952 -0.009475919536711563
3436 0.741189572827995 -0.009478213539128144
3437 0.7418235446581091 -0.009480498941284998
3438 0.7424569623199284 -0.009482775769844132
3439 0.7430898272011813 -0.00948504405135342
3440 0.7437221406843639 -0.009487303812248271
3441 0.7443539041467621 -0.009489555078849632
3442 0.7449851189604879 -0.009491797877368535
3443 0.7456157864925036 -0.009494032233904104
3444 0.7462459081046484 -0.009496258174444994
3445 0.746875485153666 -0.009498475724868949
3446 0.7475045189912337 -0.009500684910944468
3447 0.7481330109639895 -0.009502885758332136
3448 0.7487609624135565 -0.009505078292582625
3449 0.7493883746765706 -0.009507262539139028
3450 0.7500152490847118 -0.00950943852333952
3451 0.7506415869647215 -0.009511606270412698
3452 0.7512673896384359 -0.00951376580548191
3453 0.7518926584228094 -0.009515917153566034
3454 0.7525173946299416 -0.009518060339578138
3455 0.7531415995671004 -0.009520195388326824
3456 0.7537652745367504 -0.009522322324517107
3457 0.7543884208365771 -0.009524441172750864
3458 0.7550110397595113 -0.009526551957527163
3459 0.7556331325937551 -0.009528654703242267
3460 0.7562547006228048 -0.009530749434191077
3461 0.7568757451254803 -0.00953283617456857
3462 0.757496267375943 -0.009534914948466922
3463 0.7581162686437253 -0.009536985779880047
3464 0.7587357501937521 -0.009539048692701502
3465 0.7593547132863658 -0.009541103710725918
3466 0.759973159177349 -0.00954315085764934
3467 0.7605910891179506 -0.009545190157070227
3468 0.7612085043549067 -0.009547221632489333
3469 0.7618254061304618 -0.009549245307308718
3470 0.7624417956824008 -0.009551261204836736
3471 0.7630576742440646 -0.009553269348285487
3472 0.7636730430443714 -0.009555269760769591
3473 0.7642879033078459 -0.009557262465309635
3474 0.7649022562546387 -0.009559247484832833
3475 0.7655161031005459 -0.009561224842170257
3476 0.7661294450570374 -0.009563194560061161
3477 0.7667422833312738 -0.009565156661150986
3478 0.7673546191261323 -0.009567111167993358
3479 0.767966453640224 -0.0095690581030482
3480 0.768577788067921 -0.009570997488686062
3481 0.769188623599374 -0.009572929347185122
3482 0.7697989614205342 -0.009574853700731967
3483 0.7704088027131759 -0.009576770571424809
3484 0.7710181486549182 -0.009578679981270932
3485 0.7716270004192426 -0.009580581952188694
3486 0.7722353591755184 -0.009582476506007964
3487 0.7728432260890195 -0.009584363664469131
3488 0.773450602320947 -0.009586243449225651
3489 0.7740574890284493 -0.009588115881843051
3490 0.7746638873646441 -0.009589980983800706
3491 0.7752697984786342 -0.009591838776489947
3492 0.7758752235155313 -0.009593689281216511
3493 0.776480163616476 -0.009595532519200978
3494 0.777084619918655 -0.009597368511577997
3495 0.7776885935553234 -0.009599197279397287
3496 0.7782920856558226 -0.009601018843624742
3497 0.7788950973456005 -0.00960283322514166
3498 0.7794976297462307 -0.009604640444745849
3499 0.7800996839754314 -0.009606440523152404
3500 0.7807012611470852 -0.009608233480992934
3501 0.781302362371257 -0.009610019338817721
3502 0.781902988754213 -0.009611798117093673
3503 0.7825031413984408 -0.009613569836207592
3504 0.7831028214026661 -0.009615334516464458
3505 0.7837020298618728 -0.009617092178089093
3506 0.7843007678673182 -0.009618842841224329
3507 0.7848990365065569 -0.009620586525935393
3508 0.7854968368634536 -0.00962232325220691
3509 0.786094170018203 -0.009624053039943847
3510 0.7866910370473483 -0.0096257759089734
3511 0.7872874390238004 -0.009627491879044658
3512 0.7878833770168483 -0.009629200969826834
3513 0.7884788520921889 -0.009630903200914587
3514 0.7890738653119321 -0.00963259859182275
3515 0.7896684177346263 -0.009634287161990718
3516 0.7902625104152705 -0.009635968930780225
3517 0.7908561444053376 -0.009637643917478955
3518 0.791449320752785 -0.009639312141297596
3519 0.7920420405020745 -0.009640973621371673
3520 0.7926343046941893 -0.00964262837676183
3521 0.7932261143666497 -0.009644276426454212
3522 0.7938174705535307 -0.009645917789360692
3523 0.7944083742854778 -0.009647552484319533
3524 0.7949988265897238 -0.009649180530095447
3525 0.7955888284901039 -0.009650801945379595
3526 0.7961783810070755 -0.009652416748791692
3527 0.7967674851577264 -0.00965402495887624
3528 0.7973561419558032 -0.009655626594109401
3529 0.7979443524117148 -0.009657221672893068
3530 0.7985321175325556 -0.0096588102135588
3531 0.7991194383221184 -0.009660392234366322
3532 0.7997063157809112 -0.009661967753505807
3533 0.800292750906171 -0.009663536789095484
3534 0.8008787446918839 -0.009665099359186191
3535 0.8014642981287919 -0.009666655481755992
3536 0.8020494122044185 -0.00966820517471667
3537 0.8026340879030741 -0.009669748455908289
3538 0.8032183262058784 -0.009671285343104352
3539 0.8038021280907709 -0.009672815854008587
3540 0.8043854945325292 -0.009674340006258053
3541 0.8049684265027798 -0.009675857817421196
3542 0.8055509249700167 -0.009677369304999406
3543 0.8061329908996128 -0.009678874486426903
3544 0.8067146252538372 -0.009680373379071294
3545 0.8072958289918684 -0.00968186600023474
3546 0.8078766030698061 -0.00968335236715101
3547 0.8084569484406913 -0.009684832496990592
3548 0.8090368660545152 -0.009686306406857637
3549 0.8096163568582346 -0.009687774113789904
3550 0.8101954217957887 -0.00968923563476265
3551 0.8107740618081096 -0.009690690986685235
3552 0.8113522778331368 -0.009692140186402798
3553 0.8119300708058315 -0.009693583250696303
3554 0.8125074416581918 -0.009695020196284598
3555 0.8130843913192639 -0.009696451039821696
3556 0.813660920715157 -0.009697875797899602
3557 0.8142370307690542 -0.00969929448704615
3558 0.814812722401231 -0.009700707123728891
3559 0.8153879965290641 -0.009702113724351813
3560 0.8159628540670456 -0.009703514305257455
3561 0.8165372959267965 -0.009704908882726293
3562 0.8171113230170814 -0.009706297472978909
3563 0.817684936243818 -0.009707680092173376
3564 0.8182581365100919 -0.009709056756407486
3565 0.8188309247161721 -0.009710427481720185
3566 0.8194033017595175 -0.009711792284087861
3567 0.8199752685347949 -0.009713151179428448
3568 0.8205468259338904 -0.009714504183600814
3569 0.8211179748459208 -0.009715851312403767
3570 0.8216887161572453 -0.009717192581576495
3571 0.8222590507514803 -0.009718528006800453
3572 0.8228289795095121 -0.009719857603699034
3573 0.8233985033095033 -0.009721181387834954
3574 0.8239676230269153 -0.009722499374717142
3575 0.8245363395345101 -0.009723811579793407
3576 0.8251046537023674 -0.009725118018455325
3577 0.8256725663978972 -0.009726418706037632
3578 0.826240078485848 -0.009727713657817105
3579 0.8268071908283235 -0.009729002889015737
3580 0.8273739042847912 -0.009730286414798173
3581 0.8279402197120929 -0.009731564250272495
3582 0.8285061379644603 -0.009732836410492052
3583 0.829071659893523 -0.009734102910453513
3584 0.8296367863483223 -0.009735363765099092
3585 0.8302015181753213 -0.009736618989315993
3586 0.8307658562184153 -0.009737868597935018
3587 0.8313298013189475 -0.009739112605735067
3588 0.8318933543157153 -0.009740351027438754
3589 0.8324565160449828 -0.009741583877714954
3590 0.8330192873404938 -0.00974281117117931
3591 0.8335816690334811 -0.009744032922393453
3592 0.834143661952678 -0.009745249145865775
3593 0.8347052669243283 -0.009746459856051437
3594 0.8352664847722002 -0.009747665067353584
3595 0.8358273163175928 -0.009748864794121681
3596 0.8363877623793493 -0.009750059050653292
3597 0.836947823773868 -0.009751247851193467
3598 0.8375075013151114 -0.009752431209935741
3599 0.8380667958146192 -0.009753609141022579
3600 0.8386257080815154 -0.009754781658543599
3601 0.8391842389225214 -0.009755948776538181
3602 0.8397423891419659 -0.009757110508994749
3603 0.840300159541795 -0.00975826686985104
3604 0.8408575509215809 -0.009759417872993392
3605 0.8414145640785357 -0.00976056353225907
3606 0.8419711998075173 -0.009761703861434157
3607 0.8425274589010433 -0.009762838874255775
3608 0.8430833421492985 -0.00976396858441081
3609 0.8436388503401467 -0.009765093005537517
3610 0.8441939842591389 -0.009766212151224307
3611 0.844748744689524 -0.00976732603501046
3612 0.8453031324122597 -0.009768434670387849
3613 0.8458571482060178 -0.009769538070796557
3614 0.8464107928472032 -0.009770636249633258
3615 0.8469640671099525 -0.009771729220242387
3616 0.847516971766152 -0.009772816995923028
3617 0.8480695075854425 -0.009773899589925084
3618 0.8486216753352305 -0.009774977015451436
3619 0.8491734757806979 -0.009776049285658062
3620 0.8497249096848115 -0.00977711641365342
3621 0.8502759778083302 -0.009778178412499006
3622 0.8508266809098194 -0.009779235295211075
3623 0.8513770197456533 -0.009780287074757754
3624 0.85192699507003 -0.009781333764061817
3625 0.8524766076349768 -0.009782375375999464
3626 0.8530258581903625 -0.00978341192340193
3627 0.8535747474839043 -0.00978444341905449
3628 0.854123276261176 -0.00978546987569634
3629 0.8546714452656198 -0.00978649130602216
3630 0.8552192552385535 -0.009787507722681443
3631 0.8557667069191793 -0.009788519138279161
3632 0.8563138010445936 -0.009789525565375434
3633 0.8568605383497928 -0.009790527016484918
3634 0.8574069195676883 -0.009791523504080524
3635 0.8579529454291078 -0.009792515040588812
3636 0.8584986166628075 -0.009793501638392543
3637 0.8590439339954833 -0.009794483309833124
3638 0.8595888981517732 -0.009795460067205608
3639 0.8601335098542718 -0.00979643192276386
3640 0.8606777698235342 -0.009797398888717557
3641 0.8612216787780862 -0.009798360977232967
3642 0.8617652374344359 -0.009799318200436058
3643 0.8623084465070747 -0.009800270570407277
3644 0.8628513067084925 -0.009801218099186548
3645 0.8633938187491826 -0.009802160798771553
3646 0.8639359833376499 -0.009803098681116895
3647 0.8644778011804196 -0.009804031758135878
3648 0.8650192729820462 -0.009804960041700728
3649 0.8655603994451206 -0.00980588354364198
3650 0.8661011812702774 -0.009806802275748316
3651 0.8666416191562039 -0.009807716249767728
3652 0.8671817137996478 -0.009808625477406852
3653 0.8677214658954261 -0.009809529970332742
3654 0.8682608761364315 -0.009810429740171045
3655 0.8687999452136397 -0.009811324798506549
3656 0.8693386738161184 -0.009812215156884352
3657 0.8698770626310364 -0.009813100826809695
3658 0.8704151123436679 -0.00981398181974763
3659 0.8709528236374023 -0.009814858147123628
3660 0.8714901971937521 -0.009815729820323249
3661 0.8720272336923581 -0.009816596850692416
3662 0.8725639338110018 -0.009817459249539584
3663 0.8731002982256069 -0.009818317028132073
3664 0.8736363276102505 -0.0098191701976994
3665 0.8741720226371688 -0.009820018769431726
3666 0.8747073839767673 -0.009820862754481519
3667 0.8752424122976239 -0.009821702163961887
3668 0.875777108266501 -0.009822537008948973
3669 0.8763114725483466 -0.009823367300478836
3670 0.8768455058063084 -0.009824193049551788
3671 0.8773792087017369 -0.00982501426712945
3672 0.8779125818941913 -0.009825830964134918
3673 0.8784456260414505 -0.009826643151454872
3674 0.87897834179952 -0.009827450839939578
3675 0.8795107298226331 -0.00982825404039972
3676 0.8800427907632661 -0.009829052763611457
3677 0.8805745252721394 -0.009829847020312865
3678 0.8811059339982271 -0.00983063682120594
3679 0.8816370175887615 -0.009831422176954874
3680 0.8821677766892437 -0.009832203098189163
3681 0.8826982119434473 -0.009832979595501057
3682 0.8832283239934275 -0.009833751679447833
3683 0.8837581134795238 -0.009834519360548799
3684 0.8842875810403724 -0.009835282649289512
3685 0.8848167273129092 -0.00983604155611928
3686 0.8853455529323767 -0.009836796091451716
3687 0.885874058532332 -0.009837546265665131
3688 0.8864022447446523 -0.009838292089102973
3689 0.8869301121995417 -0.009839033572072886
3690 0.8874576615255387 -0.00983977072484915
3691 0.8879848933495207 -0.009840503557669578
3692 0.8885118082967122 -0.009841232080738616
3693 0.8890384069906919 -0.009841956304226185
3694 0.8895646900533949 -0.009842676238266512
3695 0.8900906581051241 -0.009843391892960907
3696 0.8906163117645555 -0.009844103278377148
3697 0.8911416516487402 -0.00984481040454721
3698 0.8916666783731184 -0.009845513281472151
3699 0.8921913925515162 -0.009846211919115555
3700 0.8927157947961611 -0.009846906327411253
3701 0.8932398857176826 -0.009847596516258161
3702 0.8937636659251185 -0.009848282495521499
3703 0.8942871360259221 -0.009848964275033179
3704 0.8948102966259719 -0.00984964186459475
3705 0.8953331483295702 -0.00985031527397201
3706 0.8958556917394538 -0.00985098451289873
3707 0.8963779274568027 -0.00985164959107826
3708 0.8968998560812376 -0.009852310518178253
3709 0.8974214782108348 -0.009852967303836724
3710 0.8979427944421271 -0.0098536199576586
3711 0.8984638053701092 -0.009854268489215556
3712 0.8989845115882484 -0.009854912908050129
3713 0.8995049136884848 -0.00985555322367071
3714 0.9000250122612407 -0.009856189445555108
3715 0.9005448078954241 -0.0098568215831491
3716 0.9010643011784374 -0.0098574496458681
3717 0.9015834926961799 -0.009858073643095211
3718 0.9021023830330558 -0.009858693584183398
3719 0.9026209727719765 -0.009859309478452538
3720 0.9031392624943734 -0.009859921335195088
3721 0.9036572527801935 -0.009860529163668974
3722 0.9041749442079151 -0.00986113297310498
3723 0.9046923373545449 -0.009861732772700804
3724 0.9052094327956294 -0.009862328571624945
3725 0.9057262311052563 -0.009862920379014872
3726 0.9062427328560644 -0.00986350820397941
3727 0.9067589386192447 -0.00986409205559613
3728 0.9072748489645479 -0.009864671942912684
3729 0.9077904644602893 -0.00986524787494708
3730 0.908305785673356 -0.009865819860688518
3731 0.9088208131692076 -0.009866387909094942
3732 0.9093355475118887 -0.009866952029096931
3733 0.9098499892640268 -0.0098675122295942
3734 0.9103641389868424 -0.00986806851945815
3735 0.9108779972401524 -0.009868620907530545
3736 0.9113915645823764 -0.009869169402625055
3737 0.9119048415705377 -0.009869714013524156
3738 0.912417828760276 -0.00987025474898423
3739 0.9129305267058481 -0.009870791617732688
3740 0.9134429359601309 -0.009871324628467126
3741 0.9139550570746309 -0.009871853789857554
3742 0.9144668905994863 -0.009872379110545504
3743 0.914978437083475 -0.00987290059914514
3744 0.9154896970740152 -0.009873418264240985
3745 0.9160006711171749 -0.009873932114391137
3746 0.916511359757673 -0.00987444215812433
3747 0.917021763538889 -0.009874948403943373
3748 0.9175318830028626 -0.0098754508603221
3749 0.9180417186903024 -0.009875949535707196
3750 0.9185512711405898 -0.009876444438518539
3751 0.9190605408917815 -0.009876935577146972
3752 0.9195695284806197 -0.009877422959958693
3753 0.9200782344425299 -0.009877906595289698
3754 0.9205866593116344 -0.009878386491453062
3755 0.9210948036207472 -0.009878862656731047
3756 0.9216026679013862 -0.009879335099380993
3757 0.9221102526837753 -0.009879803827633649
3758 0.9226175584968489 -0.00988026884969262
3759 0.923124585868257 -0.009880730173735586
3760 0.92363133532437 -0.009881187807913527
3761 0.9241378073902828 -0.009881641760351167
3762 0.9246440025898198 -0.009882092039146917
3763 0.9251499214455402 -0.009882538652373984
3764 0.9256555644787405 -0.0098829816080781
3765 0.9261609322094623 -0.009883420914281071
3766 0.9266660251564929 -0.009883856578976946
3767 0.9271708438373737 -0.009884288610135905
3768 0.9276753887684016 -0.009884717015701094
3769 0.9281796604646355 -0.009885141803591346
3770 0.9286836594398991 -0.009885562981698848
3771 0.9291873862067876 -0.009885980557892082
3772 0.9296908412766708 -0.009886394540013832
3773 0.9301940251596958 -0.009886804935880955
3774 0.9306969383647938 -0.009887211753285774
3775 0.9311995813996854 -0.009887614999996908
3776 0.9317019547708801 -0.009888014683755997
3777 0.9322040589836872 -0.009888410812282256
3778 0.932705894542214 -0.009888803393268641
3779 0.9332074619493742 -0.00988919243438452
3780 0.9337087617068893 -0.009889577943273942
3781 0.9342097943152964 -0.009889959927558034
3782 0.9347105602739482 -0.009890338394832221
3783 0.9352110600810213 -0.009890713352669334
3784 0.9357112942335151 -0.009891084808615835
3785 0.9362112632272636 -0.009891452770197318
3786 0.936710967556932 -0.009891817244913392
3787 0.9372104077160248 -0.009892178240240024
3788 0.9377095841968892 -0.009892535763630195
3789 0.9382084974907194 -0.009892889822513129
3790 0.9387071480875598 -0.00989324042429407
3791 0.9392055364763097 -0.009893587576354945
3792 0.9397036631447288 -0.009893931286056035
3793 0.9402015285794372 -0.009894271560731749
3794 0.9406991332659234 -0.00989460840769496
3795 0.9411964776885456 -0.009894941834234394
3796 0.9416935623305394 -0.009895271847617848
3797 0.9421903876740163 -0.009895598455087862
3798 0.9426869541999724 -0.009895921663865992
3799 0.9431832623882884 -0.00989624148114926
3800 0.9436793127177383 -0.009896557914114201
3801 0.9441751056659878 -0.009896870969912708
3802 0.9446706417096027 -0.009897180655675741
3803 0.945165921324051 -0.009897486978511894
3804 0.945660944983704 -0.009897789945505442
3805 0.9461557131618463 -0.009898089563721069
3806 0.9466502263306742 -0.009898385840200197
3807 0.9471444849613011 -0.009898678781961934
3808 0.9476384895237616 -0.009898968396003238
3809 0.9481322404870165 -0.009899254689300696
3810 0.9486257383189526 -0.009899537668806746
3811 0.949118983486391 -0.00989981734145401
3812 0.9496119764550892 -0.009900093714153457
3813 0.9501047176897423 -0.009900366793793247
3814 0.9505972076539888 -0.009900636587240108
3815 0.9510894468104163 -0.009900903101340897
3816 0.9515814356205623 -0.009901166342920431
3817 0.9520731745449166 -0.009901426318781437
3818 0.9525646640429285 -0.009901683035706377
3819 0.9530559045730078 -0.009901936500455899
3820 0.9535468965925308 -0.009902186719770834
3821 0.95403764055784 -0.00990243370036964
3822 0.9545281369242519 -0.009902677448951236
3823 0.9550183861460573 -0.009902917972192837
3824 0.9555083886765271 -0.009903155276751618
3825 0.9559981449679132 -0.009903389369263105
3826 0.9564876554714563 -0.00990362025634417
3827 0.9569769206373833 -0.009903847944588817
3828 0.9574659409149162 -0.009904072440572731
3829 0.9579547167522724 -0.009904293750849613
3830 0.9584432485966686 -0.009904511881953515
3831 0.958931536894328 -0.009904726840399836
3832 0.9594195820904764 -0.009904938632681881
3833 0.9599073846293509 -0.009905147265273029
3834 0.9603949449542017 -0.009905352744627227
3835 0.9608822635072972 -0.009905555077179218
3836 0.9613693407299247 -0.009905754269343425
3837 0.9618561770623937 -0.009905950327513235
3838 0.9623427729440432 -0.009906143258065214
3839 0.9628291288132377 -0.009906333067352502
3840 0.9633152451073804 -0.009906519761713084
3841 0.9638011222629057 -0.009906703347461354
3842 0.964286760715291 -0.009906883830895108
3843 0.9647721608990554 -0.009907061218291546
3844 0.9652573232477655 -0.009907235515909996
3845 0.9657422481940344 -0.00990740672998841
3846 0.9662269361695309 -0.009907574866747482
3847 0.966711387604977 -0.009907739932387749
3848 0.967195602930156 -0.00990790193309199
3849 0.9676795825739105 -0.00990806087502244
3850 0.968163326964151 -0.00990821676432424
3851 0.9686468365278544 -0.009908369607122547
3852 0.9691301116910708 -0.009908519409524974
3853 0.9696131528789216 -0.009908666177618153
3854 0.9700959605156092 -0.009908809917472894
3855 0.9705785350244157 -0.009908950635140468
3856 0.971060876827706 -0.009909088336652938
3857 0.9715429863469329 -0.009909223028025438
3858 0.9720248640026382 -0.009909354715253338
3859 0.9725065102144568 -0.00990948340431469
3860 0.9729879254011203 -0.009909609101169559
3861 0.9734691099804578 -0.009909731811758915
3862 0.9739500643694013 -0.009909851542006798
3863 0.9744307889839868 -0.00990996829781815
3864 0.9749112842393585 -0.009910082085080762
3865 0.9753915505497717 -0.009910192909664717
3866 0.9758715883285963 -0.009910300777422887
3867 0.9763513979883146 -0.009910405694187274
3868 0.9768309799405334 -0.00991050766577628
3869 0.9773103345959797 -0.0099106066979886
3870 0.9777894623645051 -0.009910702796605275
3871 0.9782683636550912 -0.009910795967390695
3872 0.978747038875849 -0.00991088621609143
3873 0.9792254884340241 -0.009910973548436508
3874 0.9797037127359995 -0.009911057970138526
3875 0.9801817121872962 -0.009911139486891318
3876 0.9806594871925786 -0.009911218104372899
3877 0.9811370381556562 -0.009911293828243739
3878 0.9816143654794871 -0.009911366664147603
3879 0.9820914695661787 -0.009911436617710323
3880 0.9825683508169922 -0.009911503694541357
3881 0.9830450096323471 -0.009911567900233953
3882 0.9835214464118197 -0.009911629240363595
3883 0.9839976615541491 -0.00991168772048956
3884 0.9844736554572385 -0.009911743346153967
3885 0.9849494285181587 -0.009911796122882677
3886 0.9854249811331502 -0.009911846056184892
3887 0.9859003136976261 -0.009911893151553108
3888 0.9863754266061757 -0.009911937414464222
3889 0.9868503202525645 -0.009911978850376923
3890 0.9873249950297404 -0.009912017464735523
3891 0.9877994513298335 -0.009912053262966791
3892 0.988273689544161 -0.009912086250482177
3893 0.9887477100632271 -0.009912116432675755
3894 0.9892215132767289 -0.009912143814926777
3895 0.9896950995735558 -0.009912168402597454
3896 0.9901684693417949 -0.00991219020103462
3897 0.9906416229687314 -0.009912209215568735
3898 0.9911145608408516 -0.009912225451514212
3899 0.9915872833438484 -0.009912238914171034
3900 0.9920597908626178 -0.009912249608820756
3901 0.9925320837812683 -0.009912257540731995
3902 0.9930041624831192 -0.009912262715156439
3903 0.9934760273507022 -0.00991226513732929
3904 0.9939476787657684 -0.009912264812471538
3905 0.9944191171092875 -0.00991226174578863
3906 0.9948903427614494 -0.009912255942468695
3907 0.995361356101671 -0.009912247407687258
3908 0.9958321575085942 -0.009912236146602305
3909 0.9963027473600913 -0.00991222216435822
3910 0.9967731260332647 -0.009912205466082125
3911 0.9972432939044528 -0.00991218605688765
3912 0.9977132513492294 -0.00991216394187261
3913 0.9981829987424068 -0.009912139126119046
3914 0.9986525364580408 -0.009912111614695296
3915 0.9991218648694306 -0.009912081412654872
3916 0.999590984349118 -0.00991204852503319
3917 1.0000598952688995 -0.00991201295685551
3918 1.0005285979998186 -0.00991197471312888
3919 1.0009970929121732 -0.009911933798846861
3920 1.0014653803755171 -0.00991189021898814
3921 1.0019334607586607 -0.009911843978515134
3922 1.002401334429678 -0.009911795082378605
3923 1.0028690017559028 -0.009911743535512052
3924 1.0033364631039372 -0.009911689342837038
3925 1.0038037188396471 -0.009911632509257862
3926 1.004270769328171 -0.009911573039666444
3927 1.004737614933917 -0.009911510938938273
3928 1.0052042560205703 -0.009911446211937402
3929 1.0056706929510895 -0.009911378863509845
3930 1.006136926087717 -0.009911308898492233
3931 1.006602955791971 -0.009911236321701988
3932 1.0070687824246556 -0.009911161137945323
3933 1.007534406345861 -0.009911083352013794
3934 1.007999827914963 -0.009911002968683413
3935 1.008465047490632 -0.009910919992719869
3936 1.0089300654308264 -0.00991083442887114
3937 1.0093948820927998 -0.009910746281872163
3938 1.0098594978331046 -0.009910655556445158
3939 1.010323913007592 -0.009910562257298916
3940 1.0107881279714113 -0.00991046638912535
3941 1.0112521430790182 -0.009910367956606103
3942 1.0117159586841733 -0.009910266964407666
3943 1.0121795751399438 -0.00991016341718265
3944 1.0126429927987088 -0.009910057319571286
3945 1.013106212012153 -0.00990994867619599
3946 1.013569233131286 -0.009909837491673401
3947 1.0140320565064254 -0.009909723770600676
3948 1.0144946824872083 -0.009909607517562202
3949 1.014957111422595 -0.0099094887371316
3950 1.0154193436608658 -0.009909367433866556
3951 1.0158813795496262 -0.009909243612312657
3952 1.0163432194358104 -0.009909117277002943
3953 1.016804863665678 -0.009908988432455468
3954 1.0172663125848218 -0.009908857083176403
3955 1.0177275665381667 -0.009908723233658157
3956 1.0181886258699753 -0.00990858688838242
3957 1.0186494909238406 -0.009908448051812624
3958 1.0191101620427028 -0.00990830672840537
3959 1.0195706395688369 -0.00990816292259944
3960 1.0200309238438656 -0.009908016638824457
3961 1.0204910152087514 -0.009907867881493171
3962 1.0209509140038104 -0.009907716655009724
3963 1.021410620568705 -0.009907562963764216
3964 1.0218701352424453 -0.009907406812130704
3965 1.0223294583634022 -0.009907248204476637
3966 1.022788590269293 -0.009907087145150373
3967 1.0232475312971991 -0.009906923638492549
3968 1.0237062817835558 -0.009906757688827705
3969 1.0241648420641658 -0.00990658930047239
3970 1.024623212474189 -0.009906418477726386
3971 1.0250813933481508 -0.009906245224877874
3972 1.0255393850199463 -0.009906069546204044
3973 1.0259971878228396 -0.00990589144597015
3974 1.0264548020894606 -0.00990571092842607
3975 1.0269122281518184 -0.009905527997813413
3976 1.027369466341291 -0.00990534265835774
3977 1.0278265169886358 -0.009905154914274794
3978 1.0282833804239881 -0.009904964769767655
3979 1.0287400569768643 -0.009904772229027747
3980 1.0291965469761595 -0.009904577296232286
3981 1.0296528507501572 -0.009904379975549382
3982 1.030108968626525 -0.009904180271134266
3983 1.0305649009323168 -0.009903978187128848
3984 1.0310206479939776 -0.009903773727664267
3985 1.0314762101373416 -0.009903566896858451
3986 1.0319315876876418 -0.009903357698821114
3987 1.032386780969499 -0.009903146137645535
3988 1.0328417903069358 -0.009902932217415672
3989 1.0332966160233734 -0.009902715942205265
3990 1.03375125844163 -0.009902497316072345
3991 1.034205717883929 -0.00990227634306623
3992 1.0346599946718982 -0.009902053027224189
3993 1.0351140891265689 -0.009901827372571226
3994 1.035568001568383 -0.00990159938312174
3995 1.0360217323171896 -0.00990136906287764
3996 1.0364752816922493 -0.009901136415829126
3997 1.0369286500122383 -0.00990090144595751
3998 1.037381837595244 -0.009900664157229178
3999 1.037834844758772 -0.009900424553601184
4000 1.0382876718197476 -0.00990018263902015
4001 1.0387403190945137 -0.009899938417419596
4002 1.0391927868988347 -0.009899691892720941
4003 1.0396450755479016 -0.009899443068837777
4004 1.0400971853563281 -0.009899191949670039
4005 1.040549116638155 -0.009898938539107005
4006 1.0410008697068527 -0.009898682841026962
4007 1.0414524448753202 -0.009898424859296429
4008 1.0419038424558924 -0.009898164597773929
4009 1.0423550627603324 -0.009897902060302222
4010 1.0428061060998417 -0.00989763725071563
4011 1.04325697278506 -0.00989737017283876
4012 1.043707663126064 -0.00989710083048334
4013 1.0441581774323712 -0.00989682922745111
4014 1.0446085160129404 -0.009896555367531978
4015 1.045058679176175 -0.009896279254506146
4016 1.0455086672299259 -0.00989600089214454
4017 1.0459584804814865 -0.009895720284203269
4018 1.046408119237602 -0.009895437434431387
4019 1.046857583804468 -0.009895152346566183
4020 1.0473068744877296 -0.009894865024333455
4021 1.0477559915924877 -0.009894575471449174
4022 1.0482049354232994 -0.009894283691620376
4023 1.0486537062841725 -0.009893989688538718
4024 1.04910230447858 -0.009893693465890585
4025 1.0495507303094527 -0.009893395027349539
4026 1.0499989840791821 -0.009893094376579703
4027 1.0504470660896226 -0.009892791517233157
4028 1.0508949766420943 -0.009892486452952931
4029 1.0513427160373847 -0.009892179187372674
4030 1.0517902845757459 -0.009891869724113045
4031 1.052237682556902 -0.009891558066786488
4032 1.0526849102800453 -0.009891244218993345
4033 1.0531319680438451 -0.009890928184326686
4034 1.053578856146443 -0.009890609966368369
4035 1.0540255748854535 -0.009890289568688315
4036 1.0544721245579707 -0.009889966994847565
4037 1.0549185054605663 -0.009889642248397001
4038 1.0553647178892942 -0.009889315332878346
4039 1.0558107621396866 -0.009888986251821108
4040 1.0562566385067649 -0.009888655008749136
4041 1.056702347285026 -0.009888321607169515
4042 1.0571478887684638 -0.009887986050587216
4043 1.0575932632505507 -0.009887648342491007
4044 1.0580384710242536 -0.009887308486363211
4045 1.0584835123820284 -0.009886966485674886
4046 1.0589283876158255 -0.009886622343889595
4047 1.0593730970170825 -0.009886276064455635
4048 1.0598176408767408 -0.009885927650818804
4049 1.060262019485233 -0.009885577106410581
4050 1.060706233132492 -0.009885224434654227
4051 1.0611502821079473 -0.00988486963896218
4052 1.0615941667005322 -0.009884512722737882
4053 1.0620378871986833 -0.009884153689377284
4054 1.0624814438903378 -0.009883792542263181
4055 1.062924837062939 -0.009883429284769985
4056 1.0633680670034396 -0.009883063920264556
4057 1.0638111339983 -0.009882696452104267
4058 1.0642540383334862 -0.009882326883633052
4059 1.0646967802944796 -0.009881955218189353
4060 1.0651393601662718 -0.009881581459101008
4061 1.065581778233369 -0.00988120560968625
4062 1.0660240347797934 -0.009880827673254877
4063 1.0664661300890832 -0.009880447653107027
4064 1.066908064444293 -0.00988006555253218
4065 1.0673498381279976 -0.009879681374810989
4066 1.0677914514222946 -0.009879295123217058
4067 1.0682329046088044 -0.009878906801014498
4068 1.068674197968666 -0.009878516411454819
4069 1.0691153317825486 -0.009878123957784535
4070 1.0695563063306424 -0.009877729443236949
4071 1.0699971218926732 -0.009877332871042144
4072 1.0704377787478865 -0.009876934244414215
4073 1.0708782771750658 -0.009876533566564205
4074 1.0713186174525209 -0.009876130840689668
4075 1.0717587998580982 -0.009875726069982271
4076 1.072198824669178 -0.009875319257624249
4077 1.0726386921626736 -0.009874910406786563
4078 1.0730784026150388 -0.00987449952063435
4079 1.0735179563022643 -0.00987408660232253
4080 1.0739573534998796 -0.00987367165499653
4081 1.0743965944829565 -0.00987325468179412
4082 1.0748356795261105 -0.009872835685845016
4083 1.0752746089034968 -0.009872414670267393
4084 1.0757133828888195 -0.009871991638173816
4085 1.0761520017553259 -0.009871566592665693
4086 1.0765904657758127 -0.009871139536837159
4087 1.0770287752226255 -0.009870710473773747
4088 1.0774669303676587 -0.009870279406551552
4089 1.0779049314823568 -0.00986984633823712
4090 1.0783427788377227 -0.00986941127189267
4091 1.078780472704306 -0.009868974210566261
4092 1.0792180133522198 -0.009868535157304015
4093 1.0796554010511237 -0.00986809411513595
4094 1.080092636070244 -0.009867651087090201
4095 1.0805297186783593 -0.009867206076181634
4096 1.080966649143812 -0.009866759085419119
4097 1.0814034277345062 -0.009866310117803978
4098 1.081840054717908 -0.009865859176327874
4099 1.0822765303610449 -0.009865406263972532
4100 1.082712854930515 -0.009864951383715459
4101 1.083149028692478 -0.009864494538522395
4102 1.083585051912663 -0.009864035731351695
4103 1.0840209248563688 -0.00986357496515411
4104 1.0844566477884623 -0.009863112242871341
4105 1.0848922209733842 -0.009862647567438154
4106 1.0853276446751452 -0.009862180941779486
4107 1.0857629191573306 -0.009861712368812892
4108 1.0861980446831034 -0.00986124185144982
4109 1.0866330215151991 -0.009860769392590285
4110 1.0870678499159296 -0.009860294995126972
4111 1.0875025301471901 -0.009859818661946573
4112 1.0879370624704514 -0.00985934039592562
4113 1.0883714471467671 -0.009858860199933928
4114 1.0888056844367722 -0.009858378076832652
4115 1.0892397746006848 -0.009857894029475234
4116 1.0896737178983078 -0.009857408060707007
4117 1.0901075145890298 -0.009856920173365868
4118 1.0905411649318248 -0.009856430370280778
4119 1.0909746691852564 -0.009855938654273921
4120 1.0914080276074771 -0.009855445028159882
4121 1.0918412404562279 -0.009854949494743692
4122 1.0922743079888448 -0.009854452056826113
4123 1.0927072304622507 -0.009853952717194803
4124 1.0931400081329667 -0.009853451478634145
4125 1.0935726412571076 -0.009852948343919421
4126 1.0940051300903832 -0.009852443315817694
4127 1.0944374748880998 -0.009851936397088201
4128 1.0948696759051664 -0.009851427590485184
4129 1.095301733396084 -0.009850916898750783
4130 1.0957336476149597 -0.009850404324623141
4131 1.0961654188155001 -0.009849889870831408
4132 1.0965970472510147 -0.009849373540097295
4133 1.097028533174417 -0.009848855335135576
4134 1.0974598768382235 -0.009848335258651641
4135 1.097891078494559 -0.009847813313345555
4136 1.098322138395155 -0.009847289501908996
4137 1.098753056791349 -0.00984676382702554
4138 1.099183833934091 -0.009846236291372545
4139 1.0996144700739408 -0.009845706897621154
4140 1.1000449654610631 -0.009845175648428739
4141 1.1004753203452455 -0.009844642546454063
4142 1.1009055349758847 -0.009844107594344564
4143 1.1013356096019864 -0.009843570794736523
4144 1.1017655444721817 -0.009843032150266273
4145 1.1021953398347126 -0.009842491663558162
4146 1.10262499593744 -0.009841949337230094
4147 1.1030545130278435 -0.009841405173893036
4148 1.1034838913530214 -0.009840859176148797
4149 1.1039131311596972 -0.009840311346596464
4150 1.1043422326942127 -0.009839761687823856
4151 1.1047711962025346 -0.00983921020241385
4152 1.1052000219302534 -0.009838656892941389
4153 1.1056287101225828 -0.009838101761973417
4154 1.1060572610243657 -0.009837544812071386
4155 1.10648567488007 -0.009836986045788032
4156 1.1069139519337952 -0.00983642546567215
4157 1.1073420924292656 -0.009835863074261375
4158 1.1077700966098376 -0.00983529887408785
4159 1.1081979647185005 -0.00983473286767822
4160 1.1086256969978754 -0.009834165057551136
4161 1.1090532936902144 -0.009833595446217147
4162 1.1094807550374077 -0.009833024036182192
4163 1.1099080812809778 -0.00983245082994294
4164 1.1103352726620854 -0.009831875829990566
4165 1.1107623294215283 -0.009831299038809471
4166 1.1111892517997426 -0.009830720458876618
4167 1.1116160400368036 -0.009830140092661976
4168 1.1120426943724244 -0.009829557942627298
4169 1.1124692150459667 -0.00982897401123245
4170 1.1128956022964274 -0.009828388300925028
4171 1.1133218563624512 -0.009827800814149745
4172 1.1137479774823233 -0.009827211553341098
4173 1.1141739658939767 -0.009826620520928975
4174 1.1145998218349917 -0.009826027719337216
4175 1.1150255455425937 -0.009825433150981722
4176 1.1154511372536566 -0.009824836818271343
4177 1.1158765972047053 -0.009824238723610101
4178 1.1163019256319116 -0.009823638869392248
4179 1.1167271227711029 -0.009823037258009981
4180 1.117152188857754 -0.009822433891844173
4181 1.1175771241269956 -0.009821828773271923
4182 1.118001928813613 -0.009821221904664168
4183 1.118426603152043 -0.009820613288382574
4184 1.1188511473763827 -0.009820002926785532
4185 1.1192755617203816 -0.009819390822222052
4186 1.1196998464174492 -0.00981877697703587
4187 1.120124001700654 -0.009818161393564395
4188 1.1205480278027264 -0.009817544074140983
4189 1.1209719249560492 -0.009816925021085776
4190 1.121395693392678 -0.00981630423672114
4191 1.1218193333443192 -0.009815681723354563
4192 1.1222428450423523 -0.009815057483294393
4193 1.1226662287178164 -0.009814431518838873
4194 1.1230894846014157 -0.009813803832280005
4195 1.1235126129235211 -0.009813174425904125
4196 1.1239356139141712 -0.009812543301991605
4197 1.1243584878030708 -0.009811910462815265
4198 1.1247812348195967 -0.00981127591064393
4199 1.125203855192791 -0.00981063964773718
4200 1.1256263491513687 -0.0098100016763496
4201 1.1260487169237174 -0.009809361998730753
4202 1.126470958737897 -0.009808720617124067
4203 1.1268930748216388 -0.009808077533764697
4204 1.1273150654023456 -0.009807432750880335
4205 1.1277369307071043 -0.009806786270698892
4206 1.1281586709626699 -0.009806138095436207
4207 1.1285802863954757 -0.0098054882273034
4208 1.1290017772316352 -0.009804836668507177
4209 1.129423143696939 -0.009804183421246948
4210 1.129844386016855 -0.009803528487714513
4211 1.1302655044165355 -0.009802871870098762
4212 1.1306864991208116 -0.009802213570580809
4213 1.1311073703541974 -0.009801553591335832
4214 1.131528118340888 -0.009800891934532568
4215 1.1319487433047646 -0.009800228602334565
4216 1.1323692454693912 -0.009799563596898708
4217 1.1327896250580214 -0.009798896920378358
4218 1.1332098822935872 -0.00979822857491558
4219 1.133630017398715 -0.009797558562651437
4220 1.1340500305957193 -0.009796886885721445
4221 1.1344699221065968 -0.00979621354624996
4222 1.1348896921530403 -0.009795538546360366
4223 1.135309340956432 -0.009794861888169526
4224 1.1357288687378424 -0.009794183573785309
4225 1.1361482757180386 -0.009793503605314058
4226 1.1365675621174773 -0.009792821984852818
4227 1.136986728156311 -0.009792138714494969
4228 1.1374057740543861 -0.009791453796326871
4229 1.1378247000312458 -0.009790767232430303
4230 1.1382435063061285 -0.009790079024880494
4231 1.1386621930979692 -0.00978938917574615
4232 1.1390807606254023 -0.009788697687091785
4233 1.1394992091067617 -0.00978800456097606
4234 1.1399175387600777 -0.009787309799449972
4235 1.1403357498030868 -0.009786613404563022
4236 1.14075384245322 -0.009785915378353854
4237 1.1411718169276146 -0.009785215722858787
4238 1.1415896734431097 -0.009784514440107472
4239 1.1420074122162498 -0.009783811532125236
4240 1.1424250334632806 -0.009783107000929797
4241 1.1428425374001547 -0.009782400848533657
4242 1.143259924242532 -0.009781693076945541
4243 1.1436771942057788 -0.00978098368816771
4244 1.1440943475049679 -0.009780272684195734
4245 1.1445113843548804 -0.009779560067020548
4246 1.1449283049700079 -0.009778845838627481
4247 1.1453451095645522 -0.009778130000996976
4248 1.1457617983524253 -0.00977741255610362
4249 1.1461783715472507 -0.009776693505916173
4250 1.1465948293623625 -0.009775972852396508
4251 1.1470111720108132 -0.009775250597505503
4252 1.1474273997053628 -0.009774526743193623
4253 1.14784351265849 -0.00977380129140848
4254 1.148259511082389 -0.009773074244092905
4255 1.1486753951889686 -0.009772345603182686
4256 1.149091165189855 -0.009771615370609082
4257 1.1495068212963921 -0.009770883548297332
4258 1.1499223637196436 -0.009770150138168787
4259 1.1503377926703913 -0.009769415142138277
4260 1.150753108359138 -0.00976867856211655
4261 1.1511683109961026 -0.009767940400004671
4262 1.1515834007912327 -0.009767200657704478
4263 1.1519983779541942 -0.009766459337109734
4264 1.1524132426943765 -0.009765716440108513
4265 1.152827995220894 -0.009764971968585334
4266 1.1532426357425825 -0.009764225924416725
4267 1.153657164468008 -0.009763478309478185
4268 1.1540715816054565 -0.009762729125634806
4269 1.154485887362946 -0.009761978374750735
4270 1.1549000819482191 -0.009761226058683264
4271 1.1553141655687476 -0.009760472179284718
4272 1.1557281384317317 -0.009759716738402008
4273 1.1561420007441001 -0.00975895973787616
4274 1.1565557527125148 -0.00975820117954529
4275 1.1569693945433677 -0.009757441065241568
4276 1.1573829264427804 -0.009756679396790258
4277 1.157796348616611 -0.009755916176014512
4278 1.1582096612704482 -0.009755151404730572
4279 1.1586228646096124 -0.009754385084747852
4280 1.1590359588391645 -0.009753617217875182
4281 1.1594489441638973 -0.009752847805913789
4282 1.1598618207883387 -0.009752076850658598
4283 1.160274588916757 -0.009751304353903062
4284 1.1606872487531543 -0.009750530317432032
4285 1.1610998005012738 -0.009749754743028305
4286 1.1615122443645938 -0.009748977632466072
4287 1.1619245805463383 -0.00974819898751969
4288 1.1623368092494661 -0.009747418809954195
4289 1.1627489306766794 -0.009746637101531619
4290 1.1631609450304219 -0.009745853864008669
4291 1.1635728525128783 -0.009745069099136444
4292 1.1639846533259806 -0.009744282808663823
4293 1.1643963476713979 -0.009743494994330137
4294 1.16480793575055 -0.009742705657874717
4295 1.1652194177646011 -0.009741914801030899
4296 1.1656307939144566 -0.009741122425523968
4297 1.1660420644007727 -0.009740328533078102
4298 1.16645322942395 -0.00973953312540951
4299 1.1668642891841412 -0.009738736204233434
4300 1.1672752438812435 -0.009737937771257366
4301 1.1676860937149052 -0.009737137828185166
4302 1.1680968388845223 -0.009736336376714227
4303 1.168507479589246 -0.009735533418541081
4304 1.1689180160279742 -0.009734728955353211
4305 1.1693284483993576 -0.009733922988834992
4306 1.1697387769018017 -0.00973311552066733
4307 1.1701490017334635 -0.009732306552525216
4308 1.1705591230922539 -0.009731496086078595
4309 1.1709691411758385 -0.009730684122993577
4310 1.17137905618164 -0.009729870664932083
4311 1.1717888683068352 -0.009729055713550927
4312 1.172198577748355 -0.0097282392704999
4313 1.172608184702891 -0.009727421337426823
4314 1.173017689366891 -0.009726601915973854
4315 1.1734270919365661 -0.009725781007782208
4316 1.1738363926078768 -0.009724958614480916
4317 1.1742455915765526 -0.009724134737701756
4318 1.174654689038078 -0.009723309379067485
4319 1.1750636851877019 -0.009722482540198862
4320 1.1754725802204318 -0.009721654222709875
4321 1.1758813743310397 -0.00972082442821165
4322 1.1762900677140609 -0.009719993158310902
4323 1.1766986605637906 -0.00971916041460702
4324 1.1771071530742943 -0.009718326198699473
4325 1.1775155454393968 -0.009717490512179044
4326 1.1779238378526922 -0.009716653356634908
4327 1.1783320305075387 -0.009715814733650435
4328 1.178740123597062 -0.009714974644804475
4329 1.1791481173141551 -0.0097141330916721
4330 1.1795560118514774 -0.009713290075822195
4331 1.17996380740146 -0.009712445598821534
4332 1.1803715041563025 -0.009711599662232479
4333 1.1807791023079723 -0.00971075226761059
4334 1.1811866020482076 -0.009709903416507987
4335 1.181594003568521 -0.009709053110474708
4336 1.182001307060193 -0.009708201351052825
4337 1.1824085127142794 -0.009707348139783606
4338 1.1828156207216052 -0.009706493478199768
4339 1.1832226312727736 -0.00970563736783428
4340 1.183629544558158 -0.009704779810212227
4341 1.184036360767909 -0.009703920806856337
4342 1.1844430800919512 -0.00970306035928381
4343 1.1848497027199867 -0.009702198469009077
4344 1.1852562288414932 -0.009701335137541206
4345 1.1856626586457242 -0.009700470366384162
4346 1.1860689923217131 -0.00969960415703916
4347 1.186475230058271 -0.009698736511002642
4348 1.1868813720439886 -0.00969786742976722
4349 1.1872874184672348 -0.009696996914820538
4350 1.1876933695161587 -0.009696124967645575
4351 1.188099225378692 -0.009695251589722842
4352 1.1885049862425459 -0.009694376782527353
4353 1.1889106522952129 -0.009693500547529044
4354 1.189316223723972 -0.009692622886197155
4355 1.18972170071588 -0.00969174379999227
4356 1.1901270834577802 -0.009690863290373442
4357 1.1905323721363013 -0.00968998135879598
4358 1.1909375669378555 -0.009689098006710528
4359 1.1913426680486363 -0.009688213235559934
4360 1.1917476756546324 -0.009687327046790262
4361 1.1921525899416097 -0.00968643944183653
4362 1.1925574110951276 -0.009685550422133898
4363 1.1929621393005305 -0.009684659989112082
4364 1.1933667747429513 -0.009683768144195914
4365 1.193771317607314 -0.00968287488880909
4366 1.1941757680783271 -0.009681980224366615
4367 1.1945801263404932 -0.009681084152282693
4368 1.1949843925781019 -0.009680186673964947
4369 1.1953885669752413 -0.009679287790822805
4370 1.195792649715783 -0.009678387504254898
4371 1.1961966409833942 -0.009677485815658804
4372 1.1966005409615343 -0.009676582726427546
4373 1.1970043498334568 -0.009675678237950458
4374 1.1974080677822097 -0.009674772351613875
4375 1.1978116949906328 -0.009673865068797638
4376 1.198215231641364 -0.009672956390880172
4377 1.1986186779168349 -0.009672046319234379
4378 1.199022033999274 -0.009671134855230135
4379 1.199425300070706 -0.009670222000232626
4380 1.1998284763129532 -0.009669307755603235
4381 1.2002315629076354 -0.009668392122700098
4382 1.2006345600361708 -0.00966747510287655
4383 1.2010374678797768 -0.009666556697482731
4384 1.2014402866194698 -0.009665636907864456
4385 1.2018430164360658 -0.009664715735363566
4386 1.2022456575101828 -0.00966379318131877
4387 1.202648210022238 -0.009662869247064138
4388 1.2030506741524514 -0.00966194393393005
4389 1.203453050080844 -0.00966101724324303
4390 1.2038553379872405 -0.009660089176325937
4391 1.204257538051269 -0.009659159734498046
4392 1.2046596504523586 -0.009658228919073197
4393 1.2050616753697476 -0.009657296731364867
4394 1.2054636129824734 -0.009656363172678206
4395 1.2058654634693824 -0.009655428244317726
4396 1.2062672270091281 -0.009654491947585275
4397 1.2066689037801666 -0.009653554283775428
4398 1.207070493960761 -0.00965261525417982
4399 1.2074719977289854 -0.009651674860088416
4400 1.2078734152627189 -0.009650733102785886
4401 1.208274746739648 -0.009649789983551704
4402 1.2086759923372723 -0.009648845503665293
4403 1.2090771522328974 -0.009647899664399162
4404 1.209478226603641 -0.009646952467024433
4405 1.2098792156264286 -0.009646003912805873
4406 1.2102801194780004 -0.009645054003007303
4407 1.2106809383349049 -0.00964410273888669
4408 1.2110816723735047 -0.009643150121700111
4409 1.211482321769974 -0.009642196152698429
4410 1.2118828867002993 -0.009641240833129228
4411 1.2122833673402844 -0.00964028416423826
4412 1.2126837638655423 -0.00963932614726501
4413 1.2130840764515018 -0.009638366783444985
4414 1.2134843052734103 -0.009637406074013949
4415 1.2138844505063269 -0.00963644402020028
4416 1.2142845123251282 -0.00963548062322997
4417 1.2146844909045074 -0.009634515884325512
4418 1.2150843864189749 -0.009633549804705988
4419 1.2154841990428604 -0.009632582385587951
4420 1.215883928950307 -0.009631613628180713
4421 1.21628357631528 -0.009630643533692806
4422 1.2166831413115642 -0.009629672103329906
4423 1.2170826241127628 -0.009628699338292829
4424 1.217482024892298 -0.009627725239777868
4425 1.2178813438234146 -0.00962674980897979
4426 1.2182805810791777 -0.00962577304708867
4427 1.2186797368324749 -0.009624794955292615
4428 1.2190788112560138 -0.009623815534773678
4429 1.2194778045223251 -0.009622834786711665
4430 1.2198767168037643 -0.009621852712283524
4431 1.2202755482725065 -0.009620869312660124
4432 1.220674299100557 -0.009619884589013639
4433 1.2210729694597402 -0.009618898542508747
4434 1.2214715595217063 -0.009617911174306853
4435 1.2218700694579336 -0.009616922485568224
4436 1.2222684994397253 -0.009615932477449074
4437 1.2226668496382058 -0.009614941151097955
4438 1.223065120224338 -0.009613948507668835
4439 1.2234633113688984 -0.009612954548301716
4440 1.2238614232425011 -0.009611959274141046
4441 1.2242594560155853 -0.009610962686324886
4442 1.2246574098584178 -0.009609964785987496
4443 1.2250552849410956 -0.009608965574260053
4444 1.2254530814335491 -0.009607965052273404
4445 1.2258507995055314 -0.009606963221149206
4446 1.2262484393266324 -0.00960596008201034
4447 1.2266460010662694 -0.009604955635973716
4448 1.2270434848936964 -0.009603949884156776
4449 1.2274408909779915 -0.009602942827667077
4450 1.227838219488074 -0.009601934467616174
4451 1.228235470592687 -0.009600924805104771
4452 1.2286326444604172 -0.009599913841238067
4453 1.2290297412596758 -0.009598901577110852
4454 1.229426761158715 -0.009597888013819805
4455 1.2298237043256186 -0.009596873152455415
4456 1.2302205709283056 -0.00959585699410534
4457 1.2306173611345337 -0.00959483953985582
4458 1.2310140751118943 -0.009593820790787994
4459 1.2314107130278138 -0.009592800747978608
4460 1.2318072750495588 -0.00959177941250322
4461 1.2322037613442332 -0.009590756785434279
4462 1.2326001720787774 -0.009589732867839484
4463 1.2329965074199702 -0.009588707660783569
4464 1.2333927675344307 -0.009587681165328626
4465 1.2337889525886196 -0.009586653382535837
4466 1.234185062748829 -0.00958562431345622
4467 1.2345810981812009 -0.009584593959145044
4468 1.2349770590517117 -0.00958356232065008
4469 1.2353729455261822 -0.009582529399017298
4470 1.235768757770273 -0.009581495195289336
4471 1.2361644959494884 -0.00958045971050614
4472 1.2365601602291734 -0.009579422945702937
4473 1.236955750774517 -0.009578384901913456
4474 1.2373512677505514 -0.009577345580167429
4475 1.2377467113221525 -0.009576304981491507
4476 1.2381420816540407 -0.009575263106909676
4477 1.23853737891078 -0.009574219957441538
4478 1.2389326032567791 -0.009573175534103334
4479 1.239327754856295 -0.009572129837910587
4480 1.23972283387343 -0.009571082869874875
4481 1.240117840472131 -0.009570034631003255
4482 1.24051277481619 -0.009568985122298673
4483 1.2409076370692531 -0.009567934344765688
4484 1.2413024273948072 -0.009566882299400836
4485 1.2416971459561912 -0.009565828987200375
4486 1.2420917929165904 -0.009564774409155985
4487 1.2424863684390421 -0.009563718566258067
4488 1.2428808726864282 -0.009562661459491001
4489 1.2432753058214836 -0.009561603089838028
4490 1.2436696680067962 -0.009560543458281612
4491 1.2440639594047986 -0.009559482565796112
4492 1.2444581801777772 -0.009558420413355584
4493 1.2448523304878722 -0.009557357001932665
4494 1.2452464104970729 -0.009556292332494054
4495 1.2456404203672196 -0.009555226406002953
4496 1.2460343602600092 -0.009554159223422731
4497 1.2464282303369902 -0.009553090785711565
4498 1.2468220307595657 -0.009552021093826524
4499 1.2472157616889903 -0.009550950148718679
4500 1.2476094232863761 -0.009549877951338992
4501 1.248003015712686 -0.009548804502632097
4502 1.2483965391287446 -0.009547729803544902
4503 1.2487899936952243 -0.009546653855014547
4504 1.2491833795726592 -0.009545576657980198
4505 1.2495766969214406 -0.009544498213378189
4506 1.2499699459018123 -0.009543418522138553
4507 1.2503631266738775 -0.009542337585189936
4508 1.2507562393975993 -0.009541255403459764
4509 1.2511492842327965 -0.00954017197787052
4510 1.251542261339145 -0.0095390873093405
4511 1.2519351708761832 -0.009538001398788049
4512 1.2523280130033085 -0.009536914247128186
4513 1.2527207878797766 -0.009535825855271601
4514 1.253113495664703 -0.009534736224126095
4515 1.2535061365170646 -0.009533645354597026
4516 1.2538987105957 -0.009532553247587394
4517 1.2542912180593087 -0.009531459903996925
4518 1.2546836590664492 -0.009530365324720264
4519 1.2550760337755495 -0.009529269510655025
4520 1.2554683423448925 -0.00952817246268936
4521 1.2558605849326285 -0.009527074181712808
4522 1.2562527616967678 -0.009525974668608661
4523 1.2566448727951893 -0.009524873924261684
4524 1.257036918385632 -0.009523771949550064
4525 1.2574288986257 -0.009522668745349822
4526 1.257820813672865 -0.009521564312536174
4527 1.2582126636844615 -0.009520458651979397
4528 1.2586044488176902 -0.00951935176454724
4529 1.2589961692296192 -0.009518243651105845
4530 1.2593878250771822 -0.009517134312517633
4531 1.2597794165171785 -0.009516023749640945
4532 1.2601709437062796 -0.009514911963335426
4533 1.260562406801018 -0.009513798954452535
4534 1.2609538059577974 -0.009512684723843395
4535 1.261345141332893 -0.00951156927235855
4536 1.261736413082445 -0.009510452600842934
4537 1.2621276213624624 -0.009509334710138206
4538 1.2625187663288282 -0.009508215601086722
4539 1.262909848137291 -0.009507095274524174
4540 1.2633008669434707 -0.009505973731285311
4541 1.2636918229028598 -0.009504850972201967
4542 1.2640827161708224 -0.009503726998104922
4543 1.2644735469025903 -0.009502601809818323
4544 1.2648643152532701 -0.009501475408166177
4545 1.2652550213778417 -0.009500347793970243
4546 1.2656456654311554 -0.00949921896804834
4547 1.2660362475679359 -0.009498088931215953
4548 1.266426767942779 -0.00949695768428413
4549 1.266817226710161 -0.009495825228066773
4550 1.2672076240244223 -0.009494691563366797
4551 1.2675979600397862 -0.009493556690990973
4552 1.2679882349103493 -0.00949242061174252
4553 1.2683784487900795 -0.00949128332641791
4554 1.268768601832824 -0.009490144835814257
4555 1.2691586941923054 -0.009489005140726009
4556 1.2695487260221232 -0.009487864241944338
4557 1.2699386974757538 -0.009486722140258308
4558 1.270328608706549 -0.00948557883645279
4559 1.27071845986774 -0.009484434331311214
4560 1.2711082511124336 -0.009483288625613262
4561 1.2714979825936183 -0.009482141720137782
4562 1.2718876544641595 -0.00948099361565996
4563 1.2722772668768012 -0.009479844312952096
4564 1.2726668199841673 -0.009478693812784267
4565 1.2730563139387592 -0.009477542115921639
4566 1.2734457488929656 -0.009476389223133153
4567 1.2738351249990472 -0.009475235135177729
4568 1.274224442409151 -0.009474079852816536
4569 1.2746137012753005 -0.009472923376804249
4570 1.2750029017494062 -0.0094717657078969
4571 1.2753920439832573 -0.009470606846845975
4572 1.2757811281285254 -0.009469446794399483
4573 1.2761701543367654 -0.009468285551304356
4574 1.2765591227594169 -0.00946712311830597
4575 1.2769480335477974 -0.009465959496142373
4576 1.2773368868531154 -0.009464794685555361
4577 1.2777256828264594 -0.009463628687280276
4578 1.2781144216188005 -0.009462461502049282
4579 1.2785031033809995 -0.00946129313059503
4580 1.2788917282637993 -0.00946012357364584
4581 1.2792802964178263 -0.009458952831925327
4582 1.2796688079936003 -0.00945778090616102
4583 1.2800572631415177 -0.00945660779706986
4584 1.2804456620118692 -0.00945543350537284
4585 1.2808340047548272 -0.00945425803178386
4586 1.2812222915204543 -0.00945308137701692
4587 1.2816105224587016 -0.009451903541783754
4588 1.2819986977194042 -0.00945072452679123
4589 1.282386817452288 -0.009449544332744766
4590 1.2827748818069695 -0.009448362960349274
4591 1.2831628909329504 -0.009447180410304165
4592 1.2835508449796231 -0.009445996683307076
4593 1.283938744096272 -0.009444811780055629
4594 1.2843265884320691 -0.009443625701242325
4595 1.284714378136077 -0.009442438447557405
4596 1.2851021133572496 -0.009441250019689457
4597 1.2854897942444306 -0.00944006041832339
4598 1.285877420946358 -0.00943886964414381
4599 1.2862649936116595 -0.00943767769783134
4600 1.2866525123888537 -0.009436484580063048
4601 1.287039977426356 -0.009435290291517004
4602 1.2874273888724705 -0.009434094832865697
4603 1.287814746875396 -0.009432898204780313
4604 1.2882020515832244 -0.009431700407929303
4605 1.2885893031439433 -0.009430501442979869
4606 1.28897650170543 -0.009429301310594065
4607 1.28936364741546 -0.009428100011433307
4608 1.2897507404217037 -0.009426897546157859
4609 1.290137780871726 -0.00942569391542386
4610 1.2905247689129853 -0.009424489119884347
4611 1.290911704692841 -0.009423283160193599
4612 1.2912985883585422 -0.009422076036997906
4613 1.291685420057238 -0.009420867750945278
4614 1.2920721999359748 -0.009419658302680184
4615 1.2924589281416967 -0.009418447692846069
4616 1.2928456048212416 -0.009417235922080366
4617 1.2932322301213484 -0.00941602299102133
4618 1.2936188041886538 -0.009414808900303967
4619 1.2940053271696916 -0.009413593650560062
4620 1.2943917992108989 -0.009412377242422248
4621 1.2947782204586051 -0.009411159676516082
4622 1.2951645910590428 -0.009409940953466686
4623 1.2955509111583463 -0.009408721073899007
4624 1.2959371809025484 -0.009407500038434116
4625 1.2963234004375794 -0.009406277847688368
4626 1.2967095699092739 -0.009405054502278312
4627 1.2970956894633685 -0.009403830002819039
4628 1.297481759245498 -0.009402604349920907
4629 1.2978677794012 -0.009401377544192513
4630 1.2982537500759164 -0.009400149586241927
4631 1.29863967141499 -0.009398920476673178
4632 1.299025543563664 -0.009397690216087037
4633 1.2994113666670903 -0.009396458805085578
4634 1.2997971408703186 -0.009395226244264601
4635 1.3001828663183055 -0.009393992534219561
4636 1.3005685431559122 -0.009392757675544858
4637 1.3009541715279005 -0.009391521668828964
4638 1.3013397515789418 -0.009390284514662048
4639 1.3017252834536062 -0.009389046213626892
4640 1.3021107672963785 -0.009387806766311846
4641 1.3024962032516394 -0.009386566173294503
4642 1.3028815914636813 -0.009385324435155412
4643 1.3032669320767019 -0.009384081552471765
4644 1.3036522252348055 -0.009382837525818574
4645 1.3040374710820024 -0.009381592355767535
4646 1.3044226697622103 -0.009380346042888274
4647 1.3048078214192558 -0.009379098587749546
4648 1.3051929261968722 -0.009377849990916814
4649 1.3055779842387008 -0.009376600252952672
4650 1.3059629956882912 -0.009375349374417863
4651 1.306347960689106 -0.00937409735587394
4652 1.30673287938451 -0.00937284419787475
4653 1.3071177519177821 -0.009371589900975419
4654 1.3075025784321097 -0.009370334465728075
4655 1.3078873590705897 -0.00936907789268207
4656 1.3082720939762338 -0.009367820182388104
4657 1.3086567832919576 -0.009366561335389031
4658 1.3090414271605895 -0.009365301352226962
4659 1.309426025724875 -0.009364040233446946
4660 1.309810579127462 -0.009362777979583223
4661 1.310195087510918 -0.009361514591175388
4662 1.3105795510177203 -0.009360250068757764
4663 1.3109639697902564 -0.009358984412861163
4664 1.3113483439708316 -0.009357717624017992
4665 1.3117326737016581 -0.00935644970275333
4666 1.3121169591248671 -0.00935518064959466
4667 1.3125012003825023 -0.009353910465066242
4668 1.3128853976165173 -0.009352639149686579
4669 1.3132695509687875 -0.009351366703978264
4670 1.313653660581095 -0.009350093128454806
4671 1.3140377265951446 -0.009348818423634456
4672 1.3144217491525507 -0.009347542590027763
4673 1.3148057283948456 -0.009346265628145639
4674 1.3151896644634768 -0.009344987538496316
4675 1.3155735574998093 -0.009343708321586389
4676 1.3159574076451253 -0.009342427977920911
4677 1.3163412150406189 -0.009341146507999429
4678 1.3167249798274083 -0.009339863912324164
4679 1.3171087021465233 -0.009338580191391138
4680 1.3174923821389148 -0.009337295345696536
4681 1.3178760199454498 -0.009336009375732826
4682 1.3182596157069175 -0.009334722281993751
4683 1.3186431695640197 -0.009333434064966173
4684 1.3190266816573804 -0.009332144725136785
4685 1.319410152127545 -0.009330854262992586
4686 1.3197935811149746 -0.009329562679015205
4687 1.3201769687600513 -0.009328269973684772
4688 1.3205603152030791 -0.009326976147481417
4689 1.3209436205842795 -0.009325681200879857
4690 1.3213268850437978 -0.009324385134356142
4691 1.321710108721696 -0.009323087948380007
4692 1.322093291757965 -0.009321789643425962
4693 1.3224764342925084 -0.009320490219958191
4694 1.322859536465156 -0.009319189678443557
4695 1.3232425984156628 -0.009317888019348172
4696 1.3236256202837002 -0.009316585243131906
4697 1.3240086022088655 -0.009315281350254348
4698 1.3243915443306806 -0.00931397634117477
4699 1.3247744467885867 -0.009312670216347144
4700 1.3251573097219527 -0.009311362976226228
4701 1.3255401332700691 -0.009310054621263206
4702 1.3259229175721527 -0.009308745151908701
4703 1.326305662767341 -0.009307434568608039
4704 1.3266883689947 -0.009306122871807612
4705 1.3270710363932212 -0.009304810061952107
4706 1.327453665101816 -0.00930349613947977
4707 1.3278362552593284 -0.00930218110483215
4708 1.3282188070045247 -0.009300864958446037
4709 1.3286013204760991 -0.009299547700757596
4710 1.3289837958126693 -0.00929822933219783
4711 1.3293662331527845 -0.009296909853200017
4712 1.3297486326349157 -0.009295589264191093
4713 1.3301309943974655 -0.009294267565599368
4714 1.3305133185787643 -0.009292944757850974
4715 1.330895605317066 -0.009291620841366408
4716 1.3312778547505588 -0.009290295816569233
4717 1.3316600670173544 -0.009288969683876797
4718 1.3320422422554972 -0.009287642443707514
4719 1.332424380602957 -0.009286314096474985
4720 1.332806482197636 -0.009284984642592711
4721 1.3331885471773652 -0.00928365408247192
4722 1.3335705756799057 -0.00928232241652191
4723 1.3339525678429487 -0.00928098964514952
4724 1.3343345238041147 -0.009279655768759096
4725 1.334716443700959 -0.009278320787755964
4726 1.3350983276709614 -0.009276984702537572
4727 1.3354801758515413 -0.009275647513506943
4728 1.335861988380043 -0.009274309221059221
4729 1.3362437653937447 -0.00927296982558877
4730 1.3366255070298596 -0.00927162932749094
4731 1.3370072134255293 -0.009270287727155255
4732 1.337388884717831 -0.009268945024971623
4733 1.3377705210437747 -0.009267601221328053
4734 1.3381521225403017 -0.009266256316608448
4735 1.3385336893442883 -0.009264910311196403
4736 1.338915221592547 -0.009263563205474945
4737 1.3392967194218235 -0.009262214999824325
4738 1.3396781829687907 -0.009260865694617565
4739 1.3400596123700692 -0.009259515290235387
4740 1.3404410077622033 -0.009258163787047982
4741 1.3408223692816799 -0.009256811185429328
4742 1.3412036970649168 -0.009255457485747659
4743 1.3415849912482705 -0.009254102688371624
4744 1.3419662519680327 -0.009252746793667013
4745 1.3423474793604324 -0.00925138980199898
4746 1.342728673561633 -0.009250031713727944
4747 1.343109834707739 -0.00924867252921642
4748 1.343490962934785 -0.009247312248819237
4749 1.3438720583787518 -0.009245950872896203
4750 1.3442531211755524 -0.009244588401800494
4751 1.3446341514610378 -0.009243224835883551
4752 1.345015149371001 -0.009241860175497857
4753 1.3453961150411695 -0.009240494420990883
4754 1.3457770486072134 -0.009239127572710601
4755 1.346157950204739 -0.009237759631001152
4756 1.3465388199692925 -0.00923639059620536
4757 1.346919658036362 -0.009235020468665422
4758 1.3473004645413733 -0.009233649248719986
4759 1.347681239619694 -0.009232276936707584
4760 1.3480619834066292 -0.00923090353296134
4761 1.3484426960374294 -0.009229529037817416
4762 1.3488233776472822 -0.0092281534516062
4763 1.3492040283713183 -0.009226776774657844
4764 1.3495846483446106 -0.009225399007300919
4765 1.3499652377021725 -0.009224020149861512
4766 1.3503457965789583 -0.009222640202662141
4767 1.3507263251098702 -0.009221259166028936
4768 1.3511068234297452 -0.009219877040278435
4769 1.3514872916733704 -0.009218493825732518
4770 1.351867729975471 -0.009217109522706032
4771 1.3522481384707197 -0.009215724131515474
4772 1.3526285172937296 -0.009214337652473453
4773 1.3530088665790585 -0.009212950085890466
4774 1.35338918646121 -0.009211561432076673
4775 1.3537694770746322 -0.009210171691340654
4776 1.354149738553715 -0.00920878086398623
4777 1.3545299710327972 -0.00920738895031873
4778 1.354910174646161 -0.009205995950640443
4779 1.355290349528033 -0.009204601865250177
4780 1.3556704958125898 -0.009203206694448567
4781 1.35605061363395 -0.009201810438531223
4782 1.3564307031261795 -0.00920041309779239
4783 1.3568107644232916 -0.009199014672525527
4784 1.3571907976592472 -0.009197615163022234
4785 1.357570802967953 -0.009196214569571405
4786 1.3579507804832625 -0.009194812892460033
4787 1.3583307303389807 -0.009193410131975804
4788 1.3587106526688564 -0.009192006288401389
4789 1.3590905476065867 -0.009190601362017874
4790 1.3594704152858212 -0.009189195353107436
4791 1.3598502558401546 -0.00918778826194773
4792 1.3602300694031313 -0.00918638008881524
4793 1.3606098561082454 -0.009184970833984764
4794 1.3609896160889423 -0.009183560497730794
4795 1.3613693494786145 -0.009182149080324102
4796 1.3617490564106052 -0.009180736582033805
4797 1.3621287370182071 -0.009179323003126648
4798 1.3625083914346672 -0.009177908343870639
4799 1.3628880197931805 -0.009176492604530087
4800 1.363267622226891 -0.009175075785364986
4801 1.363647198868898 -0.009173657886637807
4802 1.364026749852251 -0.009172238908606661
4803 1.364406275309952 -0.009170818851530031
4804 1.3647857753749522 -0.009169397715661096
4805 1.3651652501801594 -0.009167975501255206
4806 1.3655446998584324 -0.009166552208563952
4807 1.3659241245425824 -0.009165127837837767
4808 1.3663035243653705 -0.009163702389321807
4809 1.3666828994595213 -0.009162275863267864
4810 1.3670622499576988 -0.009160848259914589
4811 1.367441575992535 -0.00915941957951031
4812 1.3678208776966059 -0.009157989822293017
4813 1.3682001552024483 -0.009156558988504149
4814 1.3685794086425505 -0.009155127078380842
4815 1.368958638149356 -0.009153694092159
4816 1.3693378438552632 -0.009152260030072162
4817 1.3697170258926286 -0.009150824892354109
4818 1.370096184393762 -0.009149388679235294
4819 1.3704753194909285 -0.009147951390943536
4820 1.3708544313163518 -0.00914651302770736
4821 1.3712335200022123 -0.009145073589753028
4822 1.3716125856806447 -0.009143633077303523
4823 1.3719916284837406 -0.009142191490579883
4824 1.3723706485435527 -0.009140748829804632
4825 1.372749645992088 -0.009139305095195727
4826 1.3731286209613116 -0.009137860286969786
4827 1.3735075735831455 -0.009136414405341034
4828 1.3738865039894745 -0.00913496745052543
4829 1.3742654123121372 -0.009133519422733175
4830 1.3746442986829344 -0.009132070322175986
4831 1.3750231632336196 -0.009130620149058494
4832 1.3754020060959158 -0.009129168903591743
4833 1.375780827401498 -0.009127716585979093
4834 1.3761596272820014 -0.00912626319642277
4835 1.3765384058690249 -0.009124808735125868
4836 1.3769171632941242 -0.009123353202287195
4837 1.3772958996888174 -0.009121896598105472
4838 1.3776746151845827 -0.009120438922776739
4839 1.378053309912862 -0.009118980176497822
4840 1.3784319840050514 -0.009117520359458037
4841 1.3788106375925184 -0.009116059471852962
4842 1.379189270806584 -0.009114597513869713
4843 1.3795678837785352 -0.0091131344856972
4844 1.3799464766396201 -0.009111670387521337
4845 1.3803250495210508 -0.009110205219527621
4846 1.3807036025539987 -0.009108738981897006
4847 1.3810821358696037 -0.009107271674813303
4848 1.3814606495989643 -0.009105803298455006
4849 1.3818391438731457 -0.009104333853001016
4850 1.382217618823173 -0.009102863338625665
4851 1.3825960745800403 -0.00910139175550602
4852 1.382974511274703 -0.009099919103814129
4853 1.3833529290380806 -0.009098445383720892
4854 1.3837313280010575 -0.00909697059539532
4855 1.3841097082944873 -0.009095494739007962
4856 1.3844880700491815 -0.009094017814722098
4857 1.3848664133959234 -0.009092539822703832
4858 1.385244738465461 -0.009091060763117428
4859 1.3856230453885037 -0.009089580636121496
4860 1.3860013342957331 -0.009088099441877745
4861 1.386379605317796 -0.009086617180544765
4862 1.3867578585853018 -0.009085133852276855
4863 1.3871360942288309 -0.009083649457229552
4864 1.3875143123789315 -0.009082163995557217
4865 1.3878925131661157 -0.009080677467409481
4866 1.3882706967208682 -0.009079189872938674
4867 1.3886488631736364 -0.009077701212290547
4868 1.3890270126548396 -0.009076211485612884
4869 1.3894051452948655 -0.009074720693051291
4870 1.3897832612240668 -0.009073228834746962
4871 1.39016136057277 -0.009071735910843107
4872 1.3905394434712692 -0.009070241921480322
4873 1.3909175100498254 -0.00906874686679509
4874 1.391295560438674 -0.009067250746926787
4875 1.391673594768016 -0.009065753562008626
4876 1.3920516131680232 -0.009064255312173176
4877 1.392429615768843 -0.009062755997555991
4878 1.3928076027005847 -0.009061255618283325
4879 1.3931855740933385 -0.009059754174488243
4880 1.3935635300771558 -0.009058251666293357
4881 1.3939414707820672 -0.009056748093826984
4882 1.3943193963380722 -0.009055243457212796
4883 1.3946973068751414 -0.009053737756572828
4884 1.3950752025232172 -0.009052230992026813
4885 1.3954530834122147 -0.009050723163693344
4886 1.3958309496720258 -0.009049214271692387
4887 1.39620880143251 -0.009047704316138334
4888 1.3965866388235004 -0.009046193297144678
4889 1.3969644619748078 -0.009044681214826093
4890 1.3973422710162104 -0.009043168069291257
4891 1.3977200660774647 -0.009041653860650308
4892 1.3980978472883 -0.00904013858901137
4893 1.3984756147784223 -0.009038622254482431
4894 1.3988533686775075 -0.009037104857166085
4895 1.3992311091152094 -0.00903558639716618
4896 1.399608836221154 -0.009034066874582487
4897 1.3999865501249473 -0.009032546289516549
4898 1.4003642509561693 -0.009031024642067825
4899 1.4007419388443727 -0.009029501932331253
4900 1.4011196139190887 -0.009027978160402406
4901 1.401497276309824 -0.009026453326374348
4902 1.4018749261460646 -0.009024927430341109
4903 1.4022525635572676 -0.009023400472390343
4904 1.4026301886728727 -0.009021872452613013
4905 1.4030078016222942 -0.009020343371096057
4906 1.4033854025349222 -0.009018813227923458
4907 1.40376299154013 -0.009017282023182503
4908 1.4041405687672623 -0.009015749756953077
4909 1.4045181343456463 -0.009014216429317073
4910 1.4048956884045865 -0.009012682040354266
4911 1.4052732310733647 -0.00901114659014144
4912 1.4056507624812455 -0.009009610078757314
4913 1.4060282827574668 -0.009008072506273699
4914 1.406405792031252 -0.009006533872766353
4915 1.4067832904317992 -0.0090049941783052
4916 1.40716077808829 -0.009003453422961497
4917 1.407538255129882 -0.00900191160680195
4918 1.407915721685718 -0.009000368729895476
4919 1.4082931778849186 -0.008998824792306608
4920 1.4086706238565863 -0.008997279794100414
4921 1.409048059729802 -0.008995733735337172
4922 1.409425485633633 -0.008994186616080247
4923 1.4098029016971223 -0.008992638436386357
4924 1.4101803080492983 -0.008991089196314372
4925 1.4105577048191715 -0.008989538895920683
4926 1.4109350921357326 -0.008987987535259253
4927 1.4113124701279574 -0.008986435114383923
4928 1.411689838924801 -0.008984881633345135
4929 1.4120671986552067 -0.008983327092195242
4930 1.4124445494480948 -0.008981771490980036
4931 1.4128218914323718 -0.00898021482974663
4932 1.4131992247369323 -0.008978657108543666
4933 1.413576549490646 -0.008977098327411143
4934 1.4139538658223745 -0.008975538486393866
4935 1.414331173860959 -0.008973977585531492
4936 1.4147084737352282 -0.008972415624863842
4937 1.4150857655739923 -0.008970852604427227
4938 1.4154630495060532 -0.008969288524261048
4939 1.41584032566019 -0.008967723384397122
4940 1.4162175941651731 -0.008966157184870144
4941 1.4165948551497554 -0.00896458992571052
4942 1.4169721087426799 -0.008963021606950602
4943 1.4173493550726706 -0.008961452228616749
4944 1.4177265942684423 -0.008959881790737447
4945 1.418103826458695 -0.008958310293338295
4946 1.4184810517721145 -0.008956737736442196
4947 1.4188582703373767 -0.008955164120073219
4948 1.4192354822831443 -0.008953589444253066
4949 1.4196126877380624 -0.008952013708997762
4950 1.419989886830773 -0.008950436914329073
4951 1.4203670796899 -0.008948859060261938
4952 1.4207442664440575 -0.00894728014681186
4953 1.421121447221849 -0.008945700173992484
4954 1.421498622151866 -0.008944119141815955
4955 1.4218757913626898 -0.008942537050293284
4956 1.4222529549828888 -0.008940953899431933
4957 1.4226301131410237 -0.00893936968924004
4958 1.4230072659656456 -0.008937784419725134
4959 1.4233844135852924 -0.008936198090889877
4960 1.4237615561284949 -0.008934610702738124
4961 1.4241386937237737 -0.008933022255271435
4962 1.4245158264996411 -0.008931432748490701
4963 1.4248929545845992 -0.008929842182393748
4964 1.4252700781071403 -0.00892825055697699
4965 1.425647197195752 -0.0089266578722378
4966 1.426024311978909 -0.008925064128168248
4967 1.4264014225850838 -0.008923469324763933
4968 1.4267785291427324 -0.00892187346201199
4969 1.4271556317803138 -0.008920276539906189
4970 1.42753273062627 -0.008918678558431458
4971 1.4279098258090426 -0.008917079517576204
4972 1.4282869174570643 -0.008915479417326233
4973 1.428664005698759 -0.008913878257663264
4974 1.4290410906625486 -0.008912276038572099
4975 1.4294181724768438 -0.008910672760031222
4976 1.4297952512700551 -0.008909068422022545
4977 1.4301723271705802 -0.008907463024520551
4978 1.4305494003068184 -0.008905856567504226
4979 1.43092647080716 -0.008904249050947869
4980 1.4313035387999908 -0.008902640474824556
4981 1.4316806044136927 -0.008901030839106705
4982 1.4320576677766417 -0.008899420143764025
4983 1.4324347290172115 -0.008897808388766637
4984 1.4328117882637708 -0.008896195574082135
4985 1.4331888456446835 -0.008894581699675736
4986 1.4335659012883122 -0.008892966765513047
4987 1.4339429553230136 -0.008891350771556377
4988 1.4343200078771414 -0.008889733717766368
4989 1.4346970590790504 -0.008888115604105675
4990 1.4350741090570893 -0.008886496430532523
4991 1.435451157939606 -0.008884876197004732
4992 1.4358282058549425 -0.008883254903475845
4993 1.4362052529314444 -0.008881632549902489
4994 1.4365822992974526 -0.008880009136236999
4995 1.4369593450813047 -0.00887838466242942
4996 1.4373363904113436 -0.008876759128432858
4997 1.4377134354159045 -0.008875132534194067
4998 1.4380904802233243 -0.008873504879659884
4999 1.4384675249619414 -0.00887187616477777
5000 1.4388445697600896 -0.008870246389489739
5001 1.4392216147461068 -0.008868615553740243
5002 1.4395986600483304 -0.008866983657471022
5003 1.4399757057950937 -0.008865350700619251
5004 1.4403527521147377 -0.008863716683126183
5005 1.4407297991356003 -0.00886208160492829
5006 1.4411068469860193 -0.00886044546595967
5007 1.4414838957943388 -0.008858808266156802
5008 1.4418609456888987 -0.008857170005450265
5009 1.4422379967980459 -0.008855530683773372
5010 1.4426150492501255 -0.008853890301054622
5011 1.4429921031734856 -0.008852248857221363
5012 1.4433691586964814 -0.008850606352203833
5013 1.443746215947463 -0.008848962785924112
5014 1.44412327505479 -0.008847318158308255
5015 1.4445003361468227 -0.008845672469278181
5016 1.4448773993519255 -0.00884402571875554
5017 1.4452544647984655 -0.00884237790665966
5018 1.4456315326148166 -0.008840729032910501
5019 1.4460086029293517 -0.00883907909742219
5020 1.4463856758704527 -0.008837428100111485
5021 1.4467627515665065 -0.008835776040893702
5022 1.4471398301459004 -0.008834122919679596
5023 1.4475169117370315 -0.008832468736381422
5024 1.4478939964682995 -0.00883081349090848
5025 1.4482710844681126 -0.008829157183170459
5026 1.4486481758648808 -0.008827499813072787
5027 1.4490252707870208 -0.008825841380519603
5028 1.4494023693629623 -0.008824181885419414
5029 1.4497794717211325 -0.008822521327671492
5030 1.450156577989969 -0.008820859707176717
5031 1.4505336882979185 -0.008819197023836638
5032 1.4509108027734334 -0.008817533277549609
5033 1.4512879215449725 -0.00881586846821206
5034 1.4516650447410027 -0.008814202595718669
5035 1.4520421724900006 -0.008812535659965112
5036 1.4524193049204503 -0.008810867660844197
5037 1.4527964421608415 -0.008809198598245298
5038 1.4531735843396782 -0.008807528472060955
5039 1.453550731585466 -0.008805857282176395
5040 1.4539278840267276 -0.008804185028481652
5041 1.4543050417919905 -0.008802511710861998
5042 1.4546822050097907 -0.008800837329199939
5043 1.4550593738086772 -0.00879916188337965
5044 1.4554365483172094 -0.008797485373283436
5045 1.455813728663953 -0.008795807798789714
5046 1.4561909149774863 -0.008794129159776318
5047 1.4565681073864016 -0.008792449456123055
5048 1.4569453060192976 -0.008790768687703954
5049 1.4573225110047865 -0.008789086854393917
5050 1.4576997224714927 -0.008787403956066456
5051 1.4580769405480503 -0.008785719992592433
5052 1.4584541653631045 -0.008784034963840382
5053 1.4588313970453204 -0.008782348869683869
5054 1.4592086357233651 -0.008780661709986419
5055 1.4595858815259235 -0.00877897348461417
5056 1.459963134581693 -0.008777284193431798
5057 1.460340395019388 -0.008775593836305325
5058 1.4607176629677276 -0.008773902413092678
5059 1.4610949385554535 -0.008772209923657286
5060 1.4614722219113143 -0.008770516367855953
5061 1.4618495131640767 -0.008768821745546943
5062 1.462226812442522 -0.008767126056587363
5063 1.4626041198754425 -0.008765429300830234
5064 1.462981435591649 -0.008763731478129973
5065 1.4633587597199678 -0.008762032588339665
5066 1.4637360923892357 -0.008760332631307866
5067 1.4641134337283104 -0.008758631606885461
5068 1.4644907838660624 -0.008756929514919687
5069 1.4648681429313772 -0.0087552263552555
5070 1.4652455110531628 -0.008753522127741737
5071 1.4656228883603344 -0.008751816832217894
5072 1.4660002749818315 -0.00875011046852885
5073 1.4663776710466065 -0.008748403036514325
5074 1.4667550766836301 -0.00874669453601331
5075 1.4671324920218924 -0.00874498496686571
5076 1.467509917190398 -0.0087432743289068
5077 1.4678873523181721 -0.008741562621973096
5078 1.4682647975342547 -0.008739849845896677
5079 1.4686422529677101 -0.008738136000513194
5080 1.4690197187476122 -0.00873642108564943
5081 1.469397195003063 -0.00873470510113869
5082 1.4697746818631785 -0.00873298804680792
5083 1.4701521794570958 -0.008731269922484852
5084 1.4705296879139702 -0.008729550727994535
5085 1.4709072073629779 -0.00872783046316132
5086 1.4712847379333165 -0.008726109127809207
5087 1.4716622797541992 -0.008724386721757429
5088 1.4720398329548652 -0.008722663244827802
5089 1.4724173976645714 -0.008720938696838258
5090 1.4727949740125978 -0.00871921307760743
5091 1.4731725621282432 -0.008717486386950055
5092 1.4735501621408293 -0.008715758624680998
5093 1.4739277741796992 -0.008714029790613396
5094 1.4743053983742174 -0.00871229988455845
5095 1.4746830348537738 -0.008710568906328757
5096 1.4750606837477767 -0.008708836855731428
5097 1.475438345185659 -0.00870710373257514
5098 1.4758160192968748 -0.008705369536664544
5099 1.4761937062109065 -0.008703634267807632
5100 1.4765714060572528 -0.00870189792580503
5101 1.4769491189654427 -0.00870016051046145
5102 1.4773268450650234 -0.00869842202157585
5103 1.4777045844855705 -0.0086966824589488
5104 1.4780823373566818 -0.008694941822377726
5105 1.4784601038079799 -0.008693200111659222
5106 1.478837883969114 -0.008691457326589998
5107 1.479215677969756 -0.00868971346696245
5108 1.4795934859396056 -0.008687968532570686
5109 1.479971308008384 -0.008686222523203536
5110 1.4803491443058447 -0.008684475438654082
5111 1.4807269949617596 -0.008682727278707204
5112 1.4811048601059356 -0.008680978043154
5113 1.481482739868197 -0.008679227731776554
5114 1.481860634378403 -0.008677476344362278
5115 1.4822385437664347 -0.00867572388069264
5116 1.482616468162202 -0.008673970340549397
5117 1.4829944076956425 -0.008672215723712809
5118 1.4833723624967239 -0.008670460029963745
5119 1.4837503326954347 -0.008668703259075816
5120 1.4841283184218006 -0.008666945410828714
5121 1.4845063198058708 -0.00866518648499636
5122 1.484884336977723 -0.008663426481351155
5123 1.4852623700674665 -0.008661665399666646
5124 1.4856404192052375 -0.008659903239712503
5125 1.4860184845212032 -0.008658140001258738
5126 1.4863965661455592 -0.008656375684072543
5127 1.4867746642085342 -0.008654610287922887
5128 1.487152778840382 -0.008652843812572239
5129 1.4875309101713905 -0.008651076257785696
5130 1.487909058331878 -0.008649307623326233
5131 1.4882872234521933 -0.00864753790895502
5132 1.4886654056627155 -0.008645767114431234
5133 1.4890436050938562 -0.008643995239513709
5134 1.4894218218760593 -0.008642222283959944
5135 1.4898000561397973 -0.008640448247524142
5136 1.4901783080155833 -0.008638673129965198
5137 1.4905565776339493 -0.008636896931030383
5138 1.4909348651254721 -0.008635119650474601
5139 1.4913131706207554 -0.008633341288047297
5140 1.4916914942504382 -0.00863156184349799
5141 1.4920698361451925 -0.008629781316574194
5142 1.4924481964357226 -0.008627999707021619
5143 1.4928265752527694 -0.008626217014586178
5144 1.4932049727271046 -0.008624433239010403
5145 1.4935833889895376 -0.008622648380037172
5146 1.4939618241709105 -0.008620862437407284
5147 1.4943402784021 -0.008619075410859788
5148 1.4947187518140206 -0.008617287300133981
5149 1.4950972445376176 -0.008615498104964675
5150 1.4954757567038766 -0.008613707825089044
5151 1.4958542884438164 -0.008611916460240635
5152 1.4962328398884919 -0.008610124010151307
5153 1.4966114111689952 -0.008608330474552728
5154 1.4969900024164577 -0.008606535853177083
5155 1.497368613762041 -0.008604740145749662
5156 1.4977472453369498 -0.008602943351999862
5157 1.498125897272424 -0.008601145471653332
5158 1.4985045696997406 -0.008599346504433905
5159 1.4988832627502153 -0.00859754645006526
5160 1.4992619765552018 -0.008595745308269426
5161 1.4996407112460926 -0.008593943078766902
5162 1.500019466954319 -0.008592139761278018
5163 1.5003982438113486 -0.008590335355518376
5164 1.5007770419486914 -0.008588529861206104
5165 1.5011558614978946 -0.00858672327805534
5166 1.5015347025905454 -0.008584915605779522
5167 1.5019135653582731 -0.008583106844092657
5168 1.5022924499327448 -0.008581296992705274
5169 1.5026713564456677 -0.008579486051326371
5170 1.5030502850287906 -0.008577674019664389
5171 1.5034292358139043 -0.00857586089742747
5172 1.5038082089328377 -0.008574046684319783
5173 1.5041872045174636 -0.008572231380046168
5174 1.5045662226996956 -0.008570414984309403
5175 1.50494526361149 -0.008568597496811763
5176 1.505324327384845 -0.008566778917254013
5177 1.5057034141517995 -0.008564959245333757
5178 1.5060825240444358 -0.008563138480748175
5179 1.5064616571948821 -0.008561316623195779
5180 1.5068408137353053 -0.008559493672369307
5181 1.5072199937979183 -0.008557669627962984
5182 1.5075991975149774 -0.00855584448966936
5183 1.5079784250187824 -0.008554018257179018
5184 1.5083576764416766 -0.008552190930180788
5185 1.5087369519160485 -0.008550362508362858
5186 1.5091162515743322 -0.008548532991412415
5187 1.5094955755490058 -0.008546702379015288
5188 1.5098749239725937 -0.008544870670855971
5189 1.510254296977662 -0.008543037866615304
5190 1.5106336946968266 -0.008541203965975422
5191 1.5110131172627481 -0.008539368968616894
5192 1.5113925648081337 -0.008537532874218177
5193 1.5117720374657364 -0.008535695682457108
5194 1.512151535368355 -0.008533857393008243
5195 1.5125310586488376 -0.008532018005547232
5196 1.5129106074400782 -0.008530177519747537
5197 1.5132901818750188 -0.008528335935280872
5198 1.5136697820866478 -0.008526493251817084
5199 1.5140494082080032 -0.008524649469025918
5200 1.514429060372172 -0.008522804586576366
5201 1.5148087387122877 -0.008520958604134043
5202 1.5151884433615317 -0.008519111521362824
5203 1.5155681744531382 -0.008517263337928238
5204 1.5159479321203893 -0.00851541405349314
5205 1.5163277164966142 -0.00851356366771737
5206 1.5167075277151947 -0.008511712180261172
5207 1.517087365909561 -0.008509859590782376
5208 1.517467231213196 -0.008508005898939408
5209 1.5178471237596307 -0.008506151104386975
5210 1.51822704368245 -0.008504295206781476
5211 1.518606991115284 -0.008502438205772261
5212 1.5189869661918216 -0.008500580101014427
5213 1.5193669690457987 -0.008498720892156975
5214 1.5197469998110038 -0.008496860578848353
5215 1.520127058621279 -0.008494999160737315
5216 1.5205071456105177 -0.008493136637469645
5217 1.5208872609126656 -0.008491273008689931
5218 1.5212674046617236 -0.00848940827404289
5219 1.521647576991744 -0.008487542433170472
5220 1.5220277780368314 -0.008485675485712524
5221 1.522408007931148 -0.008483807431310317
5222 1.5227882668089054 -0.008481938269600392
5223 1.5231685548043725 -0.00848006800022004
5224 1.5235488720518737 -0.008478196622805856
5225 1.5239292186857851 -0.008476324136991217
5226 1.5243095948405392 -0.008474450542408446
5227 1.524690000650624 -0.008472575838689045
5228 1.525070436250585 -0.008470700025464684
5229 1.5254509017750213 -0.008468823102363618
5230 1.5258313973585869 -0.008466945069011952
5231 1.5262119231359959 -0.00846506592503736
5232 1.526592479242015 -0.008463185670062753
5233 1.5269730658114722 -0.008461304303713335
5234 1.5273536829792482 -0.008459421825609159
5235 1.5277343308802873 -0.00845753823537393
5236 1.528115009649584 -0.008455653532623855
5237 1.5284957194221962 -0.00845376771697863
5238 1.5288764603332394 -0.008451880788055088
5239 1.5292572325178844 -0.00844999274546672
5240 1.5296380361113653 -0.008448103588829234
5241 1.5300188712489726 -0.008446213317754608
5242 1.530399738066058 -0.008444321931854876
5243 1.5307806366980274 -0.008442429430736989
5244 1.5311615672803554 -0.00844053581401255
5245 1.5315425299485708 -0.00843864108128789
5246 1.5319235248382639 -0.008436745232168391
5247 1.5323045520850864 -0.008434848266259024
5248 1.53268561182475 -0.008432950183161744
5249 1.5330667041930308 -0.008431050982480662
5250 1.5334478293257616 -0.008429150663813972
5251 1.5338289873588393 -0.008427249226760802
5252 1.5342101784282252 -0.008425346670920514
5253 1.5345914026699403 -0.008423442995888875
5254 1.5349726602200653 -0.008421538201258169
5255 1.5353539512147527 -0.00841963228662676
5256 1.5357352757902094 -0.008417725251583685
5257 1.5361166340827093 -0.00841581709572016
5258 1.5364980262285892 -0.008413907818625527
5259 1.5368794523642544 -0.008411997419890807
5260 1.5372609126261665 -0.008410085899099529
5261 1.537642407150857 -0.008408173255838411
5262 1.5380239360749217 -0.008406259489691953
5263 1.538405499535021 -0.008404344600242988
5264 1.5387870976678772 -0.008402428587070382
5265 1.5391687306102875 -0.00840051144975891
5266 1.5395503984991044 -0.008398593187883482
5267 1.5399321014712537 -0.008396673801023463
5268 1.5403138396637255 -0.00839475328875458
5269 1.5406956132135745 -0.008392831650650148
5270 1.541077422257925 -0.008390908886283799
5271 1.5414592669339717 -0.008388984995229942
5272 1.5418411473789684 -0.00838705997705573
5273 1.5422230637302452 -0.008385133831332797
5274 1.5426050161251965 -0.008383206557628545
5275 1.5429870047012837 -0.008381278155508029
5276 1.54336902959604 -0.008379348624537611
5277 1.5437510909470682 -0.008377417964281764
5278 1.5441331888920344 -0.00837548617430009
5279 1.5445153235686826 -0.008373553254156535
5280 1.5448974951148204 -0.008371619203409078
5281 1.5452797036683308 -0.008369684021618432
5282 1.5456619493671615 -0.008367747708339368
5283 1.5460442323493337 -0.008365810263127535
5284 1.5464265527529402 -0.008363871685537719
5285 1.5468089107161442 -0.008361931975122708
5286 1.547191306377181 -0.00835999113143411
5287 1.5475737398743568 -0.008358049154021538
5288 1.547956211346052 -0.008356106042435044
5289 1.548338720930717 -0.008354161796220949
5290 1.5487212687668777 -0.008352216414926894
5291 1.5491038549931266 -0.008350269898094023
5292 1.5494864797481414 -0.008348322245271003
5293 1.5498691431706577 -0.008346373455993442
5294 1.550251845399499 -0.0083444235298063
5295 1.5506345865735571 -0.008342472466248654
5296 1.5510173668317968 -0.008340520264856918
5297 1.55140018631326 -0.008338566925168323
5298 1.551783045157063 -0.00833661244671774
5299 1.552165943502397 -0.00833465682903907
5300 1.5525488814885275 -0.008332700071663368
5301 1.5529318592547994 -0.008330742174122704
5302 1.5533148769406353 -0.008328783135949855
5303 1.5536979346855249 -0.008326822956668173
5304 1.554081032629043 -0.008324861635806646
5305 1.55446417091084 -0.008322899172891071
5306 1.5548473496706412 -0.008320935567444912
5307 1.5552305690482522 -0.008318970818991592
5308 1.5556138291835533 -0.008317004927051008
5309 1.5559971302165092 -0.00831503789114621
5310 1.5563804722871544 -0.008313069710792334
5311 1.5567638555356103 -0.008311100385509432
5312 1.5571472801020718 -0.008309129914811503
5313 1.5575307461268175 -0.00830715829821499
5314 1.5579142537502015 -0.008305185535231435
5315 1.558297803112661 -0.008303211625373008
5316 1.5586813943547126 -0.008301236568150586
5317 1.559065027616953 -0.008299260363072963
5318 1.5594487030400612 -0.00829728300964841
5319 1.5598324207647947 -0.008295304507381862
5320 1.5602161809319948 -0.008293324855778939
5321 1.5605999836825846 -0.008291344054343674
5322 1.5609838291575675 -0.00828936210257726
5323 1.5613677174980314 -0.008287378999981193
5324 1.5617516488451444 -0.0082853947460539
5325 1.5621356233401604 -0.008283409340294104
5326 1.562519641124416 -0.00828142278219933
5327 1.5629037023393284 -0.008279435071262775
5328 1.563287807126402 -0.008277446206979344
5329 1.5636719556272263 -0.008275456188843094
5330 1.564056147983468 -0.008273465016340631
5331 1.5644403843368884 -0.008271472688965512
5332 1.56482466482933 -0.008269479206206368
5333 1.5652089896027175 -0.008267484567548014
5334 1.5655933587990658 -0.00826548877247757
5335 1.565977772560472 -0.008263491820477475
5336 1.5663622310291208 -0.008261493711030063
5337 1.5667467343472876 -0.008259494443619578
5338 1.5671312826573294 -0.00825749401772402
5339 1.5675158761016932 -0.008255492432823211
5340 1.5679005148229104 -0.008253489688392096
5341 1.5682851989636049 -0.00825148578390833
5342 1.5686699286664862 -0.008249480718846555
5343 1.5690547040743517 -0.008247474492678764
5344 1.569439525330089 -0.00824546710487703
5345 1.569824392576673 -0.00824345855491107
5346 1.5702093059571707 -0.00824144884225042
5347 1.570594265614736 -0.008239437966361729
5348 1.5709792716926159 -0.00823742592671256
5349 1.5713643243341442 -0.008235412722765859
5350 1.5717494236827485 -0.008233398353986426
5351 1.5721345698819431 -0.008231382819833488
5352 1.5725197630753422 -0.008229366119772263
5353 1.572905003406639 -0.008227348253256148
5354 1.5732902910196296 -0.008225329219746294
5355 1.5736756260581983 -0.008223309018699082
5356 1.5740610086663194 -0.008221287649567366
5357 1.5744464389880635 -0.00821926511180561
5358 1.5748319171675946 -0.008217241404866724
5359 1.5752174433491661 -0.008215216528199093
5360 1.575603017677132 -0.008213190481255475
5361 1.575988640295932 -0.008211163263479954
5362 1.5763743113501085 -0.008209134874322094
5363 1.5767600309842913 -0.008207105313224092
5364 1.5771457993432105 -0.008205074579631155
5365 1.5775316165716908 -0.008203042672986119
5366 1.57791748281465 -0.00820100959272839
5367 1.578303398217103 -0.008198975338296846
5368 1.5786893629241645 -0.008196939909132006
5369 1.5790753770810417 -0.008194903304669099
5370 1.5794614408330383 -0.008192865524342077
5371 1.5798475543255595 -0.008190826567586379
5372 1.5802337177041046 -0.008188786433833486
5373 1.5806199311142715 -0.008186745122513772
5374 1.5810061947017593 -0.008184702633058746
5375 1.5813925086123608 -0.008182658964894368
5376 1.5817788729919717 -0.008180614117448567
5377 1.5821652879865853 -0.008178568090145888
5378 1.582551753742294 -0.008176520882409957
5379 1.5829382704052912 -0.008174472493663501
5380 1.5833248381218725 -0.008172422923328967
5381 1.5837114570384299 -0.008170372170824461
5382 1.584098127301456 -0.008168320235566573
5383 1.5844848490575527 -0.00816626711697653
5384 1.5848716224534123 -0.008164212814465097
5385 1.5852584476358347 -0.008162157327446837
5386 1.5856453247517255 -0.008160100655337024
5387 1.586032253948086 -0.008158042797544326
5388 1.5864192353720246 -0.008155983753479076
5389 1.586806269170751 -0.00815392352254908
5390 1.5871933554915787 -0.008151862104160537
5391 1.5875804944819287 -0.008149799497721155
5392 1.5879676862893188 -0.008147735702631512
5393 1.5883549310613791 -0.008145670718296666
5394 1.58874222894584 -0.008143604544116459
5395 1.5891295800905385 -0.008141537179490954
5396 1.5895169846434158 -0.008139468623817148
5397 1.5899044427525226 -0.008137398876493479
5398 1.5902919545660128 -0.008135327936914821
5399 1.5906795202321442 -0.008133255804472411
5400 1.5910671398992904 -0.00813118247856287
5401 1.591454813715923 -0.008129107958574106
5402 1.5918425418306272 -0.008127032243897797
5403 1.5922303243920926 -0.008124955333920353
5404 1.5926181615491168 -0.008122877228027625
5405 1.5930060534506123 -0.008120797925608464
5406 1.593394000245591 -0.008118717426042421
5407 1.5937820020831814 -0.008116635728713961
5408 1.5941700591126193 -0.008114552833003635
5409 1.5945581714832509 -0.008112468738291467
5410 1.5949463393445322 -0.00811038344395526
5411 1.5953345628460283 -0.00810829694937007
5412 1.5957228421374192 -0.008106209253912505
5413 1.5961111773684926 -0.008104120356955014
5414 1.5964995686891514 -0.008102030257871345
5415 1.5968880162494077 -0.0080999389560312
5416 1.5972765201993855 -0.00809784645080272
5417 1.5976650806893264 -0.008095752741556411
5418 1.59805369786958 -0.008093657827656808
5419 1.5984423718906111 -0.008091561708468864
5420 1.598831102902999 -0.008089464383356365
5421 1.5992198910574358 -0.008087365851680545
5422 1.5996087365047318 -0.00808526611280419
5423 1.599997639395807 -0.008083165166084372
5424 1.6003865998816993 -0.008081063010878714
5425 1.6007756181135626 -0.008078959646543926
5426 1.6011646942426652 -0.008076855072433886
5427 1.6015538284203943 -0.008074749287902944
5428 1.6019430207982528 -0.008072642292303561
5429 1.602332271527857 -0.008070534084983455
5430 1.602721580760946 -0.008068424665293394
5431 1.6031109486493733 -0.008066314032579847
5432 1.6035003753451111 -0.008064202186188502
5433 1.6038898610002514 -0.008062089125464467
5434 1.6042794057670036 -0.008059974849750323
5435 1.6046690097976966 -0.00805785935838746
5436 1.6050586732447802 -0.00805574265071668
5437 1.6054483962608217 -0.008053624726075431
5438 1.6058381789985092 -0.008051505583800272
5439 1.6062280216106546 -0.008049385223228789
5440 1.6066179242501861 -0.008047263643692987
5441 1.6070078870701572 -0.008045140844526927
5442 1.6073979102237383 -0.00804301682505909
5443 1.6077879938642308 -0.008040891584623705
5444 1.6081781381450477 -0.008038765122544644
5445 1.6085683432197329 -0.008036637438150945
5446 1.6089586092419474 -0.008034508530765372
5447 1.609348936365483 -0.008032378399714352
5448 1.6097393247442493 -0.008030247044318761
5449 1.6101297745322838 -0.008028114463900116
5450 1.6105202858837449 -0.008025980657775655
5451 1.610910858952921 -0.008023845625265591
5452 1.6113014938942214 -0.008021709365683888
5453 1.6116921908621842 -0.00801957187834651
5454 1.6120829500114744 -0.008017433162567728
5455 1.6124737714968778 -0.008015293217656122
5456 1.612864655473315 -0.008013152042924937
5457 1.6132556020958297 -0.008011009637682559
5458 1.613646611519589 -0.008008866001232517
5459 1.6140376838999004 -0.00800672113288603
5460 1.6144288193921874 -0.008004575031944045
5461 1.6148200181520087 -0.008002427697710257
5462 1.6152112803350491 -0.008000279129484533
5463 1.615602606097127 -0.007998129326568154
5464 1.6159939955941873 -0.007995978288258931
5465 1.6163854489823066 -0.007993826013853428
5466 1.6167769664176923 -0.007991672502646985
5467 1.6171685480566824 -0.007989517753933167
5468 1.6175601940557471 -0.007987361767004264
5469 1.6179519045714854 -0.007985204541148982
5470 1.6183436797606352 -0.007983046075659334
5471 1.6187355197800617 -0.007980886369821694
5472 1.6191274247867629 -0.00797872542292094
5473 1.6195193949378761 -0.007976563234245115
5474 1.6199114303906645 -0.007974399803073684
5475 1.62030353130253 -0.007972235128688887
5476 1.6206956978310105 -0.00797006921037241
5477 1.6210879301337753 -0.007967902047401249
5478 1.6214802283686305 -0.007965733639052092
5479 1.6218725926935194 -0.007963563984601407
5480 1.6222650232665197 -0.007961393083322471
5481 1.6226575202458458 -0.007959220934487171
5482 1.6230500837898505 -0.007957047537366979
5483 1.623442714057024 -0.007954872891231979
5484 1.623835411205991 -0.007952696995347758
5485 1.6242281753955188 -0.007950519848982401
5486 1.6246210067845108 -0.007948341451399804
5487 1.625013905532011 -0.00794616180186436
5488 1.6254068717971988 -0.007943980899634967
5489 1.6257999057393977 -0.007941798743973022
5490 1.626193007518072 -0.007939615334138561
5491 1.6265861772928212 -0.00793743066938607
5492 1.6269794152233914 -0.007935244748972392
5493 1.6273727214696676 -0.007933057572151347
5494 1.6277660961916764 -0.007930869138174701
5495 1.6281595395495865 -0.00792867944629283
5496 1.6285530517037112 -0.00792648849575614
5497 1.6289466328145044 -0.007924296285811067
5498 1.6293402830425658 -0.007922102815705101
5499 1.6297340025486367 -0.007919908084681737
5500 1.6301277914936025 -0.007917712091983109
5501 1.6305216500384987 -0.007915514836853932
5502 1.6309155783444964 -0.007913316318530123
5503 1.6313095765729213 -0.007911116536252677
5504 1.6317036448852387 -0.00790891548925679
5505 1.6320977834430639 -0.00790671317677813
5506 1.6324919924081565 -0.007904509598049614
5507 1.6328862719424257 -0.007902304752304273
5508 1.63328062220793 -0.007900098638774333
5509 1.6336750433668665 -0.007897891256684081
5510 1.634069535581592 -0.007895682605264076
5511 1.6344640990146062 -0.007893472683739383
5512 1.634858733828559 -0.007891261491333706
5513 1.6352534401862506 -0.007889049027270167
5514 1.6356482182506304 -0.007886835290769029
5515 1.6360430681848006 -0.007884620281051163
5516 1.6364379901520112 -0.00788240399733306
5517 1.6368329843156655 -0.007880186438831371
5518 1.6372280508393164 -0.007877967604759284
5519 1.637623189886675 -0.00787574749433298
5520 1.6380184016215977 -0.007873526106761397
5521 1.638413686208098 -0.007871303441255167
5522 1.6388090438103438 -0.007869079497023618
5523 1.6392044745926522 -0.007866854273271051
5524 1.6395999787195017 -0.007864627769205434
5525 1.6399955563555184 -0.007862399984027546
5526 1.6403912076654892 -0.007860170916941217
5527 1.6407869328143525 -0.0078579405671447
5528 1.641182731967208 -0.007855708933839245
5529 1.6415786052893089 -0.007853476016221772
5530 1.641974552946062 -0.007851241813485316
5531 1.6423705751030375 -0.007849006324825158
5532 1.6427666719259608 -0.007846769549433946
5533 1.6431628435807153 -0.007844531486501383
5534 1.6435590902333443 -0.0078422921352172
5535 1.6439554120500506 -0.007840051494769212
5536 1.644351809197194 -0.007837809564342019
5537 1.644748281841298 -0.007835566343120909
5538 1.6451448301490446 -0.007833321830288176
5539 1.6455414542872757 -0.007831076025023587
5540 1.6459381544229983 -0.007828828926508241
5541 1.6463349307233779 -0.007826580533918603
5542 1.6467317833557442 -0.007824330846431499
5543 1.6471287124875889 -0.007822079863220838
5544 1.6475257182865677 -0.007819827583459948
5545 1.6479228009204983 -0.007817574006319022
5546 1.648319960557365 -0.007815319130968584
5547 1.6487171973653147 -0.007813062956575717
5548 1.6491145115126609 -0.007810805482307254
5549 1.6495119031678829 -0.007808546707328667
5550 1.6499093724996217 -0.00780628663080013
5551 1.6503069196766915 -0.007804025251885921
5552 1.6507045448680697 -0.0078017625697449355
5553 1.6511022482428992 -0.007799498583533654
5554 1.6515000299704956 -0.0077972332924105825
5555 1.6518978902203385 -0.007794966695529315
5556 1.6522958291620786 -0.007792698792042918
5557 1.6526938469655355 -0.007790429581103403
5558 1.6530919438006975 -0.007788159061859978
5559 1.6534901198377252 -0.007785887233461686
5560 1.653888375246947 -0.0077836140950540145
5561 1.6542867101988636 -0.007781339645781288
5562 1.6546851248641499 -0.0077790638847885785
5563 1.6550836194136465 -0.007776786811214215
5564 1.6554821940183755 -0.007774508424201909
5565 1.6558808488495216 -0.007772228722885383
5566 1.6562795840784543 -0.007769947706405905
5567 1.6566783998767076 -0.007767665373895283
5568 1.6570772964159937 -0.007765381724486653
5569 1.6574762738681992 -0.007763096757311239
5570 1.6578753324053896 -0.0077608104715014
5571 1.6582744721998004 -0.007758522866182838
5572 1.6586736934238455 -0.007756233940481361
5573 1.6590729962501176 -0.007753943693522836
5574 1.6594723808513858 -0.007751652124430575
5575 1.659871847400596 -0.007749359232325004
5576 1.6602713960708726 -0.0077470650163257715
5577 1.6606710270355223 -0.007744769475553165
5578 1.6610707404680236 -0.007742472609119588
5579 1.6614705365420412 -0.0077401744161416375
5580 1.6618704154314186 -0.0077378748957319665
5581 1.6622703773101797 -0.007735574047002508
5582 1.662670422352528 -0.007733271869060976
5583 1.6630705507328503 -0.007730968361015583
5584 1.663470762625717 -0.007728663521973406
5585 1.6638710582058789 -0.007726357351037827
5586 1.6642714376482695 -0.007724049847310788
5587 1.66467190112801 -0.007721741009894867
5588 1.6650724488204034 -0.007719430837889396
5589 1.6654730809009328 -0.007717119330388322
5590 1.6658737975452764 -0.007714806486491893
5591 1.6662745989292904 -0.0077124923052917516
5592 1.6666754852290184 -0.007710176785879569
5593 1.6670764566206933 -0.007707859927346794
5594 1.667477513280734 -0.007705541728782461
5595 1.6678786553857468 -0.0077032221892733566
5596 1.6682798831125276 -0.007700901307905711
5597 1.668681196638057 -0.007698579083760704
5598 1.6690825961395108 -0.00769625551592254
5599 1.6694840817942502 -0.007693930603470012
5600 1.6698856537798301 -0.007691604345483105
5601 1.670287312273992 -0.00768927674103656
5602 1.6706890574546738 -0.007686947789207144
5603 1.6710908895000003 -0.007684617489066264
5604 1.6714928085882919 -0.007682285839685776
5605 1.6718948148980626 -0.007679952840136867
5606 1.6722969086080144 -0.0076776184894842
5607 1.672699089897052 -0.007675282786797605
5608 1.6731013589442667 -0.007672945731138886
5609 1.673503715928949 -0.007670607321571682
5610 1.6739061610305837 -0.0076682675571564385
5611 1.6743086944288514 -0.0076659264369522695
5612 1.6747113163036302 -0.00766358396001654
5613 1.6751140268349962 -0.007661240125405699
5614 1.6755168262032192 -0.007658894932171534
5615 1.6759197145887708 -0.007656548379366607
5616 1.6763226921723233 -0.007654200466043676
5617 1.6767257591347402 -0.0076518511912467
5618 1.6771289156570952 -0.007649500554026523
5619 1.677532161920654 -0.007647148553425548
5620 1.677935498106889 -0.007644795188488651
5621 1.6783389243974678 -0.0076424404582543515
5622 1.6787424409742666 -0.007640084361764554
5623 1.6791460480193605 -0.007637726898056391
5624 1.6795497457150261 -0.007635368066163911
5625 1.6799535342437504 -0.007633007865124719
5626 1.6803574137882156 -0.007630646293967702
5627 1.6807613845313163 -0.007628283351725856
5628 1.681165446656148 -0.007625919037427237
5629 1.6815696003460114 -0.007623553350096679
5630 1.681973845784418 -0.007621186288761739
5631 1.6823781831550821 -0.007618817852444365
5632 1.6827826126419267 -0.007616448040166035
5633 1.683187134429085 -0.0076140768509471435
5634 1.6835917487008951 -0.007611704283804838
5635 1.6839964556419078 -0.007609330337755904
5636 1.6844012554368792 -0.0076069550118123275
5637 1.684806148270782 -0.007604578304989007
5638 1.6852111343287928 -0.007602200216294014
5639 1.6856162137963058 -0.007599820744738084
5640 1.686021386858922 -0.007597439889326096
5641 1.6864266537024615 -0.007595057649065984
5642 1.686832014512949 -0.007592674022957324
5643 1.6872374694766294 -0.0075902890100031095
5644 1.6876430187799605 -0.007587902609202862
5645 1.6880486626096132 -0.007585514819553857
5646 1.688454401152477 -0.007583125640052785
5647 1.688860234595651 -0.007580735069690203
5648 1.6892661631264603 -0.007578343107462193
5649 1.6896721869324407 -0.007575949752357397
5650 1.690078306201346 -0.007573555003363264
5651 1.6904845211211508 -0.0075711588594668255
5652 1.690890831880047 -0.007568761319652589
5653 1.6912972386664464 -0.007566362382902786
5654 1.6917037416689815 -0.00756396204819898
5655 1.6921103410765053 -0.007561560314519877
5656 1.6925170370780915 -0.007559157180842491
5657 1.692923829863037 -0.007556752646142695
5658 1.693330719620858 -0.007554346709392007
5659 1.6937377065412973 -0.0075519393695628045
5660 1.6941447908143201 -0.00754953062562469
5661 1.694551972630117 -0.007547120476545988
5662 1.6949592521791006 -0.007544708921290999
5663 1.6953666296519112 -0.007542295958824191
5664 1.6957741052394146 -0.007539881588107006
5665 1.696181679132704 -0.007537465808100274
5666 1.6965893515230992 -0.007535048617761636
5667 1.6969971226021487 -0.007532630016048064
5668 1.6974049925616286 -0.007530210001913451
5669 1.6978129615935422 -0.007527788574308414
5670 1.6982210298901275 -0.007525365732185513
5671 1.6986291976438486 -0.007522941474492312
5672 1.6990374650474052 -0.007520515800177652
5673 1.6994458322937211 -0.007518088708182824
5674 1.6998542995759585 -0.0075156601974518955
5675 1.7002628670875117 -0.007513230266926574
5676 1.700671535022006 -0.007510798915544459
5677 1.701080303573303 -0.007508366142243039
5678 1.7014891729355 -0.007505931945958694
5679 1.7018981433029237 -0.007503496325621445
5680 1.702307214870146 -0.0075010592801662
5681 1.7027163878319658 -0.007498620808518208
5682 1.7031256623834286 -0.007496180909608963
5683 1.7035350387198085 -0.007493739582359604
5684 1.7039445170366254 -0.0074912968256959644
5685 1.7043540975296343 -0.007488852638538074
5686 1.7047637803948335 -0.007486407019807212
5687 1.7051735658284557 -0.007483959968417581
5688 1.705583454026982 -0.007481511483287684
5689 1.7059934451871308 -0.0074790615633298085
5690 1.706403539505864 -0.007476610207456019
5691 1.7068137371803855 -0.007474157414574689
5692 1.707224038408145 -0.007471703183594358
5693 1.7076344433868351 -0.007469247513420929
5694 1.7080449523143935 -0.007466790402957502
5695 1.708455565389002 -0.007464331851104455
5696 1.708866282809092 -0.007461871856762697
5697 1.7092771047733393 -0.007459410418829471
5698 1.7096880314806706 -0.007456947536201908
5699 1.7100990631302537 -0.007454483207769758
5700 1.7105101999215149 -0.007452017432428654
5701 1.7109214420541226 -0.007449550209065764
5702 1.7113327897279997 -0.007447081536570199
5703 1.7117442431433172 -0.007444611413826074
5704 1.7121558025004997 -0.007442139839717643
5705 1.7125674680002247 -0.007439666813127355
5706 1.7129792398434187 -0.00743719233293233
5707 1.7133911182312669 -0.007434716398012076
5708 1.7138031033652061 -0.007432239007241437
5709 1.714215195446927 -0.007429760159492732
5710 1.71462739467838 -0.007427279853639612
5711 1.7150397012617682 -0.007424798088549678
5712 1.7154521153995526 -0.007422314863090418
5713 1.715864637294453 -0.007419830176127573
5714 1.7162772671494464 -0.0074173440265236645
5715 1.7166900051677692 -0.007414856413139603
5716 1.7171028515529196 -0.00741236733483594
5717 1.7175158065086529 -0.007409876790467951
5718 1.717928870238989 -0.0074073847788919955
5719 1.7183420429482057 -0.0074048912989590765
5720 1.7187553248408485 -0.007402396349522
5721 1.7191687161217222 -0.0073998999294284384
5722 1.719582216995897 -0.007397402037525147
5723 1.7199958276687095 -0.0073949026726576605
5724 1.7204095483457567 -0.0073924018336659625
5725 1.7208233792329095 -0.007389899519393728
5726 1.7212373205362983 -0.007387395728676915
5727 1.7216513724623237 -0.0073848904603513454
5728 1.7220655352176581 -0.007382383713253421
5729 1.7224798090092384 -0.007379875486213966
5730 1.7228941940442724 -0.007377365778062639
5731 1.7233086905302384 -0.007374854587627155
5732 1.723723298674888 -0.007372341913734065
5733 1.724138018686242 -0.007369827755206365
5734 1.7245528507725945 -0.007367312110865332
5735 1.7249677951425135 -0.007364794979530409
5736 1.725382852004842 -0.007362276360019349
5737 1.7257980215686946 -0.007359756251145683
5738 1.726213304043466 -0.007357234651723971
5739 1.7266286996388238 -0.007354711560563998
5740 1.7270442085647166 -0.007352186976476854
5741 1.7274598310313642 -0.007349660898265553
5742 1.72787556724927 -0.0073471333247356885
5743 1.7282914174292185 -0.007344604254691439
5744 1.7287073817822678 -0.007342073686930239
5745 1.7291234605197612 -0.007339541620250661
5746 1.7295396538533248 -0.007337008053449695
5747 1.7299559619948628 -0.007334472985319446
5748 1.7303723851565658 -0.007331936414651935
5749 1.7307889235509075 -0.007329398340236881
5750 1.731205577390647 -0.007326858760861671
5751 1.7316223468888239 -0.00732431767530875
5752 1.7320392322587719 -0.007321775082363757
5753 1.7324562337141052 -0.007319230980805391
5754 1.7328733514687302 -0.007316685369413517
5755 1.733290585736837 -0.007314138246962643
5756 1.7337079367329096 -0.0073115896122278035
5757 1.7341254046717185 -0.0073090394639800105
5758 1.7345429897683278 -0.007306487800989497
5759 1.7349606922380914 -0.007303934622023195
5760 1.7353785122966556 -0.00730137992584598
5761 1.7357964501599616 -0.007298823711221675
5762 1.736214506044243 -0.007296265976910604
5763 1.7366326801660255 -0.007293706721668652
5764 1.7370509727421377 -0.007291145944256061
5765 1.7374693839896977 -0.007288583643424468
5766 1.7378879141261243 -0.007286019817926398
5767 1.7383065633691333 -0.007283454466511657
5768 1.738725331936738 -0.00728088758792686
5769 1.739144220047254 -0.007278319180917814
5770 1.7395632279192925 -0.007275749244225194
5771 1.7399823557717722 -0.007273177776591727
5772 1.740401603823908 -0.007270604776754008
5773 1.7408209722952248 -0.007268030243451157
5774 1.741240461405541 -0.00726545417541305
5775 1.7416600713749868 -0.007262876571372201
5776 1.7420798024239972 -0.0072602974300588485
5777 1.742499654773312 -0.007257716750200427
5778 1.7429196286439754 -0.0072551345305191806
5779 1.7433397242573438 -0.007252550769739241
5780 1.7437599418350789 -0.007249965466579272
5781 1.7441802815991545 -0.007247378619758438
5782 1.7446007437718514 -0.007244790227990794
5783 1.745021328575765 -0.0072422002899905635
5784 1.7454420362338021 -0.0072396088044697215
5785 1.7458628669691765 -0.007237015770132804
5786 1.7462838210054252 -0.007234421185690065
5787 1.7467048985663898 -0.007231825049841378
5788 1.7471260998762386 -0.007229227361293611
5789 1.747547425159444 -0.007226628118741085
5790 1.7479688746408029 -0.0072240273208824535
5791 1.748390448545429 -0.007221424966412593
5792 1.7488121470987534 -0.007218821054023439
5793 1.7492339705265287 -0.007216215582405483
5794 1.7496559190548249 -0.007213608550244999
5795 1.7500779929100347 -0.007210999956226594
5796 1.7505001923188757 -0.007208389799034709
5797 1.7509225175083871 -0.007205778077350233
5798 1.7513449687059288 -0.007203164789848893
5799 1.7517675461391897 -0.007200549935208023
5800 1.7521902500361817 -0.007197933512099464
5801 1.7526130806252482 -0.007195315519196888
5802 1.7530360381350516 -0.007192695955165251
5803 1.753459122794592 -0.007190074818673564
5804 1.7538823348331913 -0.007187452108383674
5805 1.7543056744805068 -0.007184827822958206
5806 1.754729141966525 -0.00718220196105579
5807 1.755152737521562 -0.007179574521331777
5808 1.755576461376273 -0.007176945502442744
5809 1.756000313761639 -0.0071743149030371045
5810 1.7564242949089828 -0.0071716827217668255
5811 1.7568484050499575 -0.007169048957276658
5812 1.7572726444165583 -0.007166413608213351
5813 1.7576970132411132 -0.00716377667321777
5814 1.75812151175629 -0.007161138150929225
5815 1.758546140195095 -0.007158498039983807
5816 1.7589708987908792 -0.007155856339019273
5817 1.7593957877773285 -0.00715321304666533
5818 1.7598208073884725 -0.0071505681615505745
5819 1.760245957858688 -0.007147921682304825
5820 1.7606712394226918 -0.00714527360755185
5821 1.7610966523155465 -0.007142623935913972
5822 1.7615221967726633 -0.007139972666013017
5823 1.7619478730297933 -0.007137319796462704
5824 1.7623736813230422 -0.007134665325879974
5825 1.7627996218888613 -0.007132009252876659
5826 1.7632256949640532 -0.007129351576063259
5827 1.763651900785769 -0.007126692294046277
5828 1.7640782395915133 -0.007124031405431219
5829 1.764504711619143 -0.00712136890882098
5830 1.764931317106868 -0.007118704802814846
5831 1.7653580562932512 -0.007116039086009551
5832 1.7657849294172134 -0.007113371757000275
5833 1.7662119367180327 -0.007110702814380698
5834 1.7666390784353394 -0.0071080322567378396
5835 1.7670663548091294 -0.00710536008266166
5836 1.7674937660797514 -0.007102686290734739
5837 1.7679213124879185 -0.007100010879540042
5838 1.7683489942747048 -0.00709733384765765
5839 1.7687768116815457 -0.007094655193664312
5840 1.7692047649502383 -0.007091974916133281
5841 1.7696328543229474 -0.0070892930136370325
5842 1.770061080042202 -0.00708660948474521
5843 1.7704894423508974 -0.007083924328024682
5844 1.770917941492295 -0.007081237542038654
5845 1.7713465777100272 -0.00707854912534972
5846 1.771775351248095 -0.007075859076517255
5847 1.772204262350866 -0.007073167394095414
5848 1.7726333112630839 -0.007070474076638855
5849 1.7730624982298648 -0.007067779122700013
5850 1.7734918234966954 -0.0070650825308257725
5851 1.7739212873094392 -0.007062384299563018
5852 1.7743508899143334 -0.007059684427454194
5853 1.7747806315579937 -0.007056982913040022
5854 1.775210512487413 -0.007054279754859116
5855 1.7756405329499603 -0.007051574951445039
5856 1.7760706931933905 -0.007048868501333516
5857 1.7765009934658333 -0.007046160403052559
5858 1.7769314340158027 -0.007043450655130401
5859 1.7773620150921934 -0.0070407392560896676
5860 1.777792736944288 -0.007038026204454373
5861 1.778223599821753 -0.007035311498744534
5862 1.7786546039746376 -0.007032595137474729
5863 1.7790857496533818 -0.007029877119160088
5864 1.779517037108814 -0.007027157442312526
5865 1.7799484665921483 -0.007024436105439069
5866 1.7803800383549921 -0.007021713107045968
5867 1.7808117526493459 -0.007018988445638086
5868 1.7812436097275972 -0.007016262119713124
5869 1.7816756098425344 -0.00701353412777167
5870 1.7821077532473346 -0.007010804468307208
5871 1.7825400401955735 -0.00700807313981211
5872 1.7829724709412242 -0.007005340140776806
5873 1.7834050457386545 -0.007002605469685841
5874 1.7838377648426385 -0.006999869125026814
5875 1.7842706285083427 -0.00699713110527872
5876 1.784703636991339 -0.006994391408920442
5877 1.7851367905476019 -0.006991650034427976
5878 1.7855700894335067 -0.006988906980272935
5879 1.7860035339058393 -0.006986162244928484
5880 1.786437124221787 -0.006983415826860795
5881 1.7868708606389425 -0.006980667724533041
5882 1.7873047434153129 -0.006977917936409506
5883 1.787738772809309 -0.006975166460947979
5884 1.7881729490797547 -0.006972413296604751
5885 1.7886072724858844 -0.006969658441833171
5886 1.7890417432873467 -0.006966901895084254
5887 1.789476361744204 -0.0069641436548064095
5888 1.789911128116931 -0.006961383719442993
5889 1.7903460426664237 -0.006958622087437971
5890 1.7907811056539917 -0.006955858757230149
5891 1.7912163173413629 -0.006953093727255055
5892 1.791651677990689 -0.0069503269959482195
5893 1.7920871878645388 -0.00694755856173912
5894 1.7925228472259038 -0.006944788423055681
5895 1.7929586563381996 -0.006942016578322663
5896 1.793394615465266 -0.00693924302596205
5897 1.7938307248713723 -0.006936467764395493
5898 1.7942669848212065 -0.00693369079203604
5899 1.7947033955798928 -0.006930912107299292
5900 1.7951399574129816 -0.006928131708596297
5901 1.795576670586452 -0.006925349594333163
5902 1.7960135353667173 -0.006922565762914945
5903 1.796450552020624 -0.006919780212744697
5904 1.7968877208154503 -0.006916992942219591
5905 1.7973250420189129 -0.006914203949736686
5906 1.7977625158991637 -0.0069114132336891565
5907 1.7982001427247924 -0.006908620792466902
5908 1.7986379227648284 -0.00690582662445699
5909 1.7990758562887403 -0.0069030307280433245
5910 1.799513943566441 -0.006900233101608144
5911 1.7999521848682822 -0.006897433743528247
5912 1.8003905804650637 -0.006894632652179822
5913 1.8008291306280295 -0.006891829825935558
5914 1.801267835628868 -0.006889025263163373
5915 1.8017066957397199 -0.006886218962231239
5916 1.8021457112331707 -0.006883410921501187
5917 1.8025848823822586 -0.00688060113933342
5918 1.803024209460476 -0.006877789614087526
5919 1.803463692741762 -0.006874976344114547
5920 1.8039033325005158 -0.006872161327767412
5921 1.8043431290115897 -0.006869344563393831
5922 1.8047830825502953 -0.0068665260493402935
5923 1.805223193392398 -0.006863705783946683
5924 1.8056634618141265 -0.006860883765553216
5925 1.8061038880921718 -0.006858059992497445
5926 1.8065444725036794 -0.006855234463108206
5927 1.806985215326267 -0.006852407175718334
5928 1.807426116838015 -0.006849578128655054
5929 1.8078671773174648 -0.006846747320239488
5930 1.8083083970436318 -0.006843914748794033
5931 1.8087497762959965 -0.006841080412635425
5932 1.809191315354513 -0.0068382443100795665
5933 1.8096330144995998 -0.0068354064394339775
5934 1.810074874012158 -0.006832566799010675
5935 1.8105168941735565 -0.006829725387113239
5936 1.8109590752656406 -0.0068268822020431386
5937 1.8114014175707323 -0.00682403724209768
5938 1.8118439213716353 -0.006821190505574837
5939 1.8122865869516287 -0.006818341990765142
5940 1.8127294145944775 -0.006815491695959797
5941 1.813172404584423 -0.0068126396194425065
5942 1.813615557206197 -0.00680978575949831
5943 1.8140588727450089 -0.00680693011440342
5944 1.8145023514865644 -0.006804072682438489
5945 1.8149459937170467 -0.006801213461872624
5946 1.8153897997231387 -0.0067983524509792614
5947 1.8158337697920068 -0.006795489648023567
5948 1.816277904211313 -0.00679262505126943
5949 1.8167222032692116 -0.006789758658977019
5950 1.8171666672543518 -0.006786890469402229
5951 1.8176112964558837 -0.006784020480802011
5952 1.818056091163448 -0.006781148691423322
5953 1.818501051667192 -0.006778275099516173
5954 1.8189461782577592 -0.006775399703322971
5955 1.819391471226298 -0.006772522501085676
5956 1.819836930864458 -0.006769643491039645
5957 1.820282557464397 -0.0067667626714205675
5958 1.8207283513187809 -0.006763880040460912
5959 1.8211743127207771 -0.006760995596385044
5960 1.8216204419640698 -0.006758109337419049
5961 1.8220667393428513 -0.006755221261783961
5962 1.8225132051518267 -0.006752331367696984
5963 1.8229598396862128 -0.0067494396533704926
5964 1.823406643241749 -0.00674654611701847
5965 1.8238536161146852 -0.00674365075684652
5966 1.8243007586017934 -0.006740753571059521
5967 1.8247480710003645 -0.006737854557858136
5968 1.8251955536082094 -0.006734953715437864
5969 1.8256432067236694 -0.006732051041997089
5970 1.826091030645601 -0.0067291465357223745
5971 1.826539025673392 -0.006726240194801558
5972 1.8269871921069607 -0.006723332017420813
5973 1.8274355302467478 -0.006720422001757265
5974 1.827884040393732 -0.006717510145990424
5975 1.8283327228494197 -0.00671459644829242
5976 1.8287815779158538 -0.006711680906833717
5977 1.8292306058956125 -0.006708763519781169
5978 1.8296798070918108 -0.006705844285297913
5979 1.8301291818081031 -0.006702923201544031
5980 1.830578730348681 -0.006700000266673445
5981 1.8310284530182828 -0.006697075478840353
5982 1.83147835012219 -0.006694148836195513
5983 1.8319284219662242 -0.00669122033688152
5984 1.8323786688567603 -0.006688289979043249
5985 1.832829091100716 -0.006685357760817079
5986 1.833279689005563 -0.0066824236803395
5987 1.8337304628793247 -0.0066794877357429505
5988 1.8341814130305736 -0.006676549925153374
5989 1.8346325397684424 -0.006673610246697437
5990 1.835083843402616 -0.006670668698494364
5991 1.8355353242433394 -0.006667725278661607
5992 1.8359869826014181 -0.0066647799853135625
5993 1.8364388187882184 -0.0066618328165602425
5994 1.83689083311567 -0.006658883770508384
5995 1.8373430258962669 -0.006655932845260837
5996 1.8377953974430699 -0.006652980038916401
5997 1.8382479480697085 -0.006650025349571598
5998 1.838700678090382 -0.006647068775318121
5999 1.83915358781986 -0.0066441103142436675
6000 1.8396066775734885 -0.006641149964434823
6001 1.8400599476671866 -0.006638187723972511
6002 1.8405133984174464 -0.006635223590931438
6003 1.8409670301413463 -0.006632257563388255
6004 1.8414208431565393 -0.0066292896394120615
6005 1.8418748377812613 -0.00662631981706896
6006 1.8423290143343338 -0.006623348094422887
6007 1.8427833731351608 -0.006620374469531287
6008 1.8432379145037359 -0.006617398940449937
6009 1.8436926387606407 -0.006614421505231116
6010 1.8441475462270462 -0.0066114421619211106
6011 1.8446026372247188 -0.006608460908565095
6012 1.8450579120760155 -0.006605477743202026
6013 1.8455133711038936 -0.006602492663870141
6014 1.8459690146319065 -0.006599505668602401
6015 1.8464248429842023 -0.006596516755424386
6016 1.8468808564855388 -0.0065935259223643405
6017 1.8473370554612711 -0.00659053316744207
6018 1.847793440237364 -0.006587538488676659
6019 1.8482500111403821 -0.0065845418840789205
6020 1.8487067684975063 -0.006581543351660835
6021 1.849163712636525 -0.006578542889428218
6022 1.8496208438858386 -0.006575540495383503
6023 1.850078162574459 -0.006572536167522014
6024 1.8505356690320216 -0.006569529903841964
6025 1.8509933635887728 -0.006566521702331463
6026 1.851451246575582 -0.006563511560977786
6027 1.851909318323939 -0.006560499477763104
6028 1.8523675791659588 -0.0065574854506667
6029 1.8528260294343801 -0.006554469477662528
6030 1.8532846694625726 -0.00655145155672382
6031 1.8537434995845277 -0.006548431685813538
6032 1.854202520134876 -0.006545409862897311
6033 1.8546617314488794 -0.0065423860859347704
6034 1.8551211338624303 -0.006539360352878665
6035 1.8555807277120628 -0.006536332661680855
6036 1.8560405133349491 -0.006533303010288982
6037 1.8565004910689 -0.006530271396644749
6038 1.856960661252373 -0.0065272378186886915
6039 1.8574210242244669 -0.0065242022743545736
6040 1.8578815803249298 -0.006521164761574494
6041 1.8583423298941544 -0.0065181252782731125
6042 1.8588032732731905 -0.006515083822375367
6043 1.8592644108037368 -0.0065120403917999226
6044 1.8597257428281453 -0.006508994984459615
6045 1.8601872696894277 -0.006505947598266115
6046 1.8606489917312539 -0.00650289823112582
6047 1.8611109092979539 -0.006499846880941296
6048 1.8615730227345204 -0.006496793545610058
6049 1.8620353323866123 -0.00649373822302729
6050 1.8624978386005528 -0.006490680911081181
6051 1.8629605417233361 -0.006487621607658145
6052 1.8634234421026286 -0.006484560310640541
6053 1.8638865400867661 -0.006481497017904625
6054 1.8643498360247637 -0.006478431727324596
6055 1.8648133302663104 -0.006475364436768771
6056 1.865277023161776 -0.006472295144101803
6057 1.865740915062212 -0.006469223847184569
6058 1.8662050063193527 -0.0064661505438727285
6059 1.8666692972856205 -0.00646307523202011
6060 1.867133788314121 -0.006459997909472326
6061 1.8675984797586538 -0.006456918574073989
6062 1.8680633719737103 -0.00645383722366516
6063 1.8685284653144714 -0.0064507538560779065
6064 1.8689937601368223 -0.006447668469146184
6065 1.8694592567973407 -0.006444581060694898
6066 1.8699249556533053 -0.006441491628544904
6067 1.870390857062702 -0.006438400170515668
6068 1.8708569613842176 -0.006435306684419606
6069 1.8713232689772477 -0.00643221116806536
6070 1.871789780201899 -0.006429113619258631
6071 1.872256495418987 -0.006426014035798677
6072 1.8727234149900436 -0.0064229124154819295
6073 1.8731905392773147 -0.006419808756098544
6074 1.8736578686437666 -0.00641670305543629
6075 1.8741254034530848 -0.006413595311277165
6076 1.8745931440696801 -0.0064104855214
6077 1.8750610908586862 -0.0064073736835780215
6078 1.8755292441859648 -0.006404259795579903
6079 1.8759976044181075 -0.006401143855170377
6080 1.8764661719224398 -0.006398025860110401
6081 1.8769349470670178 -0.0063949058081542165
6082 1.877403930220639 -0.006391783697054676
6083 1.8778731217528355 -0.006388659524556806
6084 1.878342522033884 -0.006385533288403522
6085 1.8788121314348027 -0.006382404986331469
6086 1.8792819503273575 -0.0063792746160741265
6087 1.8797519790840613 -0.006376142175359145
6088 1.8802222180781798 -0.006373007661911179
6089 1.8806926676837308 -0.006369871073449329
6090 1.8811633282754852 -0.006366732407686315
6091 1.8816342002289772 -0.0063635916623343
6092 1.8821052839204955 -0.0063604488350963995
6093 1.8825765797270966 -0.006357303923674618
6094 1.8830480880266005 -0.006354156925765186
6095 1.8835198091975927 -0.006351007839057898
6096 1.8839917436194307 -0.006347856661239548
6097 1.8844638916722443 -0.006344703389991824
6098 1.8849362537369387 -0.006341548022991916
6099 1.8854088301951963 -0.006338390557912299
6100 1.8858816214294805 -0.006335230992420948
6101 1.8863546278230334 -0.006332069324179401
6102 1.8868278497598865 -0.006328905550846087
6103 1.8873012876248552 -0.006325739670073549
6104 1.8877749418035503 -0.006322571679512612
6105 1.8882488126823684 -0.00631940157680444
6106 1.888722900648506 -0.006316229359589198
6107 1.8891972060899527 -0.006313055025498615
6108 1.8896717293955039 -0.006309878572163641
6109 1.8901464709547562 -0.006306699997209397
6110 1.8906214311581069 -0.0063035192982526245
6111 1.8910966103967655 -0.00630033647290823
6112 1.891572009062753 -0.006297151518787125
6113 1.8920476275488984 -0.006293964433491006
6114 1.8925234662488546 -0.006290775214623012
6115 1.892999525557085 -0.006287583859775292
6116 1.8934758058688779 -0.006284390366537995
6117 1.8939523075803448 -0.006281194732495665
6118 1.894429031088424 -0.006277996955228515
6119 1.8949059767908814 -0.006274797032310098
6120 1.895383145086317 -0.006271594961311189
6121 1.895860536374162 -0.0062683907397946825
6122 1.8963381510546893 -0.006265184365321752
6123 1.896815989529009 -0.00626197583544702
6124 1.897294052199071 -0.006258765147717338
6125 1.897772339467676 -0.006255552299678502
6126 1.8982508517384717 -0.006252337288870813
6127 1.8987295894159526 -0.006249120112825857
6128 1.8992085529054714 -0.0062459007690735535
6129 1.8996877426132364 -0.006242679255138439
6130 1.9001671589463127 -0.006239455568537333
6131 1.9006468023126293 -0.006236229706783392
6132 1.901126673120982 -0.006233001667386273
6133 1.9016067717810314 -0.006229771447848087
6134 1.902087098703309 -0.006226539045665613
6135 1.902567654299222 -0.006223304458332468
6136 1.9030484389810507 -0.006220067683334329
6137 1.9035294531619575 -0.006216828718153655
6138 1.904010697255986 -0.006213587560266853
6139 1.9044921716780647 -0.006210344207145557
6140 1.9049738768440099 -0.006207098656255128
6141 1.9054558131705277 -0.00620385090505543
6142 1.9059379810752197 -0.006200600951001778
6143 1.9064203809765858 -0.00619734879154521
6144 1.9069030132940217 -0.006194094424128771
6145 1.9073858784478273 -0.006190837846191177
6146 1.90786897685921 -0.006187579055166592
6147 1.9083523089502852 -0.0061843180484835725
6148 1.9088358751440762 -0.006181054823562404
6149 1.9093196758645286 -0.006177789377823151
6150 1.9098037115364974 -0.006174521708674718
6151 1.9102879825857646 -0.006171251813524292
6152 1.9107724894390348 -0.006167979689773062
6153 1.911257232523939 -0.006164705334816334
6154 1.9117422122690355 -0.006161428746041031
6155 1.9122274291038208 -0.006158149920833189
6156 1.9127128834587248 -0.006154868856570073
6157 1.9131985757651195 -0.006151585550626115
6158 1.913684506455315 -0.006148300000366369
6159 1.9141706759625696 -0.006145012203152167
6160 1.9146570847210926 -0.006141722156340734
6161 1.9151437331660428 -0.006138429857281136
6162 1.9156306217335346 -0.006135135303317885
6163 1.9161177508606402 -0.00613183849178861
6164 1.9166051209853971 -0.006128539420027779
6165 1.9170927325468048 -0.006125238085362139
6166 1.917580585984831 -0.006121934485112501
6167 1.9180686817404171 -0.006118628616595734
6168 1.9185570202554745 -0.006115320477118935
6169 1.9190456019729005 -0.006112010063989426
6170 1.919534427336566 -0.006108697374502814
6171 1.9200234967913308 -0.006105382405951987
6172 1.9205128107830431 -0.0061020651556241146
6173 1.9210023697585412 -0.006098745620799428
6174 1.9214921741656577 -0.00609542379875222
6175 1.9219822244532234 -0.006092099686750507
6176 1.9224725210710725 -0.00608877328205798
6177 1.9229630644700446 -0.006085444581932609
6178 1.9234538551019822 -0.006082113583621984
6179 1.9239448934197472 -0.006078780284373642
6180 1.9244361798772107 -0.006075444681424735
6181 1.9249277149292654 -0.006072106772007979
6182 1.9254194990318283 -0.0060687665533518675
6183 1.9259115326418355 -0.00606542402267396
6184 1.9264038162172603 -0.006062079177191537
6185 1.926896350217103 -0.006058732014111334
6186 1.9273891351014036 -0.006055382530636255
6187 1.92788217133124 -0.0060520307239622095
6188 1.928375459368734 -0.006048676591278945
6189 1.928868999677055 -0.006045320129770215
6190 1.929362792720423 -0.006041961336613888
6191 1.9298568389641109 -0.0060386002089800606
6192 1.9303511388744525 -0.006035236744035499
6193 1.9308456929188396 -0.0060318709389372005
6194 1.931340501565733 -0.006028502790839496
6195 1.9318355652846575 -0.0060251322968863374
6196 1.9323308845462146 -0.006021759454218345
6197 1.9328264598220826 -0.006018384259969978
6198 1.933322291585015 -0.0060150067112662575
6199 1.9338183803088564 -0.00601162680523093
6200 1.934314726468531 -0.006008244538975027
6201 1.934811330540062 -0.006004859909609195
6202 1.9353081930005613 -0.006001472914232864
6203 1.9358053143282419 -0.005998083549940303
6204 1.936302695002424 -0.005994691813823005
6205 1.9368003355035275 -0.005991297702959919
6206 1.9372982363130868 -0.0059879012144276045
6207 1.9377963979137511 -0.0059845023452950175
6208 1.938294820789285 -0.005981101092623509
6209 1.9387935054245793 -0.005977697453469988
6210 1.9392924523056467 -0.005974291424882039
6211 1.939791661919634 -0.0059708830039031935
6212 1.940291134754821 -0.005967472187569711
6213 1.9407908713006221 -0.005964058972908803
6214 1.9412908720475979 -0.005960643356943407
6215 1.9417911374874541 -0.0059572253366895755
6216 1.9422916681130455 -0.005953804909155591
6217 1.9427924644183832 -0.005950382071344351
6218 1.9432935268986338 -0.005946956820250093
6219 1.9437948560501288 -0.005943529152862004
6220 1.9442964523703643 -0.005940099066161053
6221 1.9447983163580074 -0.0059366665571217725
6222 1.9453004485129022 -0.005933231622713087
6223 1.9458028493360693 -0.005929794259895482
6224 1.9463055193297143 -0.005926354465623729
6225 1.946808458997227 -0.00592291223684327
6226 1.9473116688431924 -0.005919467570495496
6227 1.9478151493733882 -0.0059160204635123614
6228 1.9483189010947946 -0.005912570912820325
6229 1.948822924515596 -0.005909118915339129
6230 1.9493272201451852 -0.005905664467980631
6231 1.9498317884941665 -0.005902207567649198
6232 1.9503366300743636 -0.005898748211243032
6233 1.9508417453988203 -0.005895286395652233
6234 1.9513471349818077 -0.005891822117760681
6235 1.9518527993388275 -0.005888355374444931
6236 1.952358738986613 -0.005884886162572378
6237 1.9528649544431433 -0.005881414479006919
6238 1.9533714462276364 -0.005877940320602515
6239 1.953878214860558 -0.0058744636842053555
6240 1.9543852608636307 -0.005870984566656745
6241 1.9548925847598333 -0.0058675029647899946
6242 1.9554001870734008 -0.005864018875427202
6243 1.9559080683298433 -0.0058605322953895755
6244 1.956416229055936 -0.005857043221485558
6245 1.9569246697797356 -0.005853551650521649
6246 1.9574333910305688 -0.005850057579288692
6247 1.9579423933390572 -0.005846561004577422
6248 1.958451677237109 -0.0058430619231689684
6249 1.9589612432579233 -0.00583956033183447
6250 1.9594710919360039 -0.00583605622734179
6251 1.9599812238071532 -0.005832549606447024
6252 1.9604916394084857 -0.005829040465901769
6253 1.961002339278427 -0.005825528802447799
6254 1.961513323956722 -0.005822014612820892
6255 1.9620245939844374 -0.005818497893747887
6256 1.9625361499039684 -0.0058149786419485205
6257 1.963047992259046 -0.0058114568541366984
6258 1.963560121594731 -0.005807932527013615
6259 1.964072538457432 -0.005804405657276246
6260 1.9645852433949065 -0.0058008762416146276
6261 1.965098236956261 -0.005797344276708916
6262 1.96561151969196 -0.005793809759231605
6263 1.966125092153831 -0.005790272685847753
6264 1.966638954895068 -0.005786733053214366
6265 1.9671531084702385 -0.005783190857980625
6266 1.967667553435286 -0.0057796460967867724
6267 1.9681822903475399 -0.005776098766267557
6268 1.968697319765713 -0.005772548863046567
6269 1.9692126422499143 -0.005768996383741787
6270 1.9697282583616496 -0.005765441324961651
6271 1.9702441686638268 -0.005761883683306546
6272 1.9707603737207655 -0.005758323455369974
6273 1.9712768740981956 -0.0057547606377356675
6274 1.9717936703632684 -0.005751195226980144
6275 1.9723107630845582 -0.005747627219671536
6276 1.97282815283207 -0.005744056612369319
6277 1.973345840177242 -0.005740483401624419
6278 1.9738638256929555 -0.0057369075839811545
6279 1.974382109953536 -0.005733329155974076
6280 1.9749006935347588 -0.005729748114128463
6281 1.9754195770138603 -0.0057261644549641
6282 1.9759387609695327 -0.00572257817498828
6283 1.9764582459819422 -0.005718989270704133
6284 1.976978032632724 -0.005715397738603245
6285 1.9774981215049938 -0.005711803575169816
6286 1.9780185131833519 -0.005708206776879832
6287 1.9785392082538853 -0.005704607340198675
6288 1.9790602073041845 -0.005701005261587844
6289 1.979581510923329 -0.0056974005374924586
6290 1.9801031197019185 -0.005693793164357697
6291 1.980625034232055 -0.005690183138612914
6292 1.9811472551073652 -0.005686570456683138
6293 1.9816697829229977 -0.005682955114982791
6294 1.9821926182756313 -0.005679337109918137
6295 1.9827157617634799 -0.005675716437885392
6296 1.9832392139862995 -0.005672093095272668
6297 1.9837629755453965 -0.005668467078460915
6298 1.984287047043626 -0.005664838383818871
6299 1.984811429085407 -0.005661207007709224
6300 1.98533612227672 -0.005657572946483003
6301 1.9858611272251208 -0.00565393619648491
6302 1.986386444539739 -0.005650296754048045
6303 1.986912074831293 -0.0056466546154997355
6304 1.9874380187120837 -0.005643009777153818
6305 1.987964276796014 -0.0056393622353185235
6306 1.988490849698587 -0.005635711986292202
6307 1.9890177380369103 -0.005632059026361214
6308 1.9895449424297103 -0.005628403351805811
6309 1.9900724634973361 -0.005624744958898253
6310 1.9906003018617566 -0.0056210838438970345
6311 1.991128458146577 -0.005617420003052598
6312 1.9916569329770433 -0.0056137534326076155
6313 1.9921857269800476 -0.005610084128795101
6314 1.9927148407841353 -0.005606412087839352
6315 1.993244275019507 -0.005602737305952676
6316 1.9937740303180278 -0.005599059779337556
6317 1.994304107313241 -0.005595379504190812
6318 1.9948345066403617 -0.005591696476695551
6319 1.9953652289362926 -0.005588010693027501
6320 1.9958962748396285 -0.005584322149352616
6321 1.9964276449906602 -0.005580630841825751
6322 1.996959340031386 -0.005576936766594431
6323 1.9974913606055127 -0.005573239919793471
6324 1.9980237073584661 -0.005569540297549691
6325 1.9985563809374012 -0.00556583789598164
6326 1.9990893819911948 -0.005562132711192158
6327 1.9996227111704736 -0.005558424739281476
6328 2.000156369127602 -0.005554713976334447
6329 2.000690356516701 -0.005551000418429708
6330 2.0012246739936486 -0.005547284061632518
6331 2.0017593222160883 -0.005543564901999032
6332 2.002294301843437 -0.005539842935575523
6333 2.0028296135369015 -0.005536118158403491
6334 2.0033652579594574 -0.005532390566502066
6335 2.003901235775888 -0.005528660155890097
6336 2.0044375476527816 -0.00552492692257639
6337 2.0049741942585233 -0.005521190862553149
6338 2.0055111762633215 -0.005517451971806087
6339 2.006048494339203 -0.005513710246307202
6340 2.0065861491600345 -0.005509965682025331
6341 2.007124141401514 -0.005506218274912822
6342 2.007662471741182 -0.005502468020910534
6343 2.008201140858443 -0.0054987149159565485
6344 2.008740149434547 -0.005494958955967466
6345 2.009279498152627 -0.005491200136860441
6346 2.0098191876976728 -0.005487438454529148
6347 2.0103592187565766 -0.005483673904869424
6348 2.010899592018111 -0.0054799064837605105
6349 2.0114403081729453 -0.005476136187068492
6350 2.0119813679136596 -0.005472363010653514
6351 2.012522771934741 -0.00546858695036001
6352 2.0130645209326086 -0.005464808002028088
6353 2.013606615605599 -0.005461026161479587
6354 2.0141490566539915 -0.005457241424529469
6355 2.0146918447800095 -0.005453453786980977
6356 2.015234980687832 -0.005449663244627367
6357 2.0157784650835895 -0.005445869793246572
6358 2.016322298675396 -0.005442073428613303
6359 2.016866482173322 -0.005438274146477851
6360 2.0174110162894463 -0.005434471942596164
6361 2.017955901737826 -0.005430666812701435
6362 2.018501139234518 -0.005426858752515529
6363 2.0190467294975982 -0.005423047757755595
6364 2.019592673247154 -0.005419233824121739
6365 2.0201389712052986 -0.005415416947304297
6366 2.0206856240961835 -0.005411597122983336
6367 2.021232632645999 -0.0054077743468254336
6368 2.021779997582988 -0.005403948614485843
6369 2.022327719637451 -0.005400119921607105
6370 2.022875799541768 -0.005396288263827764
6371 2.0234242380303744 -0.005392453636760497
6372 2.0239730358398136 -0.005388616036020422
6373 2.0245221937087092 -0.005384775457202229
6374 2.0250717123777897 -0.005380931895889285
6375 2.025621592589904 -0.005377085347660071
6376 2.02617183509001 -0.005373235808072863
6377 2.026722440625195 -0.005369383272673167
6378 2.0272734099446965 -0.005365527737003883
6379 2.027824743799888 -0.005361669196587315
6380 2.0283764429443063 -0.0053578076469384395
6381 2.0289285081336472 -0.005353943083556634
6382 2.029480940125782 -0.0053500755019287305
6383 2.0300337396807686 -0.005346204897532014
6384 2.0305869075608607 -0.005342331265833833
6385 2.0311404445305032 -0.00533845460228094
6386 2.0316943513563603 -0.005334574902313649
6387 2.032248628807318 -0.005330692161360562
6388 2.032803277654489 -0.00532680637483568
6389 2.0333582986712195 -0.005322917538135408
6390 2.033913692633114 -0.005319025646651321
6391 2.0344694603180367 -0.005315130695761949
6392 2.035025602506108 -0.005311232680825839
6393 2.0355821199797393 -0.005307331597196818
6394 2.0361390135236226 -0.005303427440211506
6395 2.036696283924749 -0.005299520205195696
6396 2.037253931972412 -0.005295609887457309
6397 2.0378119584582333 -0.005291696482300934
6398 2.038370364176147 -0.005287779985006957
6399 2.038929149922433 -0.005283860390848438
6400 2.0394883164957203 -0.005279937695087666
6401 2.0400478646969895 -0.005276011892970278
6402 2.040607795329587 -0.005272082979726256
6403 2.0411681091992424 -0.005268150950577588
6404 2.0417288071140707 -0.0052642158007308315
6405 2.0422898898845774 -0.00526027752537378
6406 2.042851358323694 -0.005256336119693783
6407 2.0434132132467475 -0.005252391578847326
6408 2.043975455471519 -0.005248443897995392
6409 2.0445380858182065 -0.0052444930722696514
6410 2.045101105109472 -0.005240539096796504
6411 2.0456645141704377 -0.005236581966688858
6412 2.046228313828695 -0.005232621677043359
6413 2.0467925049143183 -0.005228658222943161
6414 2.047357088259869 -0.005224691599453601
6415 2.0479220647004253 -0.005220721801634076
6416 2.0484874350735716 -0.005216748824523498
6417 2.049053200219428 -0.005212772663153398
6418 2.049619360980634 -0.005208793312529214
6419 2.0501859182024007 -0.005204810767656609
6420 2.0507528727324833 -0.005200825023517208
6421 2.051320225421209 -0.005196836075078648
6422 2.0518879771214995 -0.005192843917302181
6423 2.0524561286888523 -0.005188848545122637
6424 2.0530246809813852 -0.005184849953469628
6425 2.0535936348598307 -0.005180848137257665
6426 2.054162991187539 -0.005176843091378891
6427 2.0547327508305155 -0.005172834810720672
6428 2.0553029146574064 -0.005168823290147839
6429 2.0558734835395263 -0.005164808524514397
6430 2.056444458350866 -0.005160790508659252
6431 2.0570158399681016 -0.005156769237404546
6432 2.0575876292706115 -0.0051527447055592646
6433 2.058159827140483 -0.005148716907916628
6434 2.0587324344625304 -0.0051446858392549255
6435 2.059305452124296 -0.005140651494332904
6436 2.059878881016084 -0.005136613867903206
6437 2.0604527220309503 -0.0051325729546969345
6438 2.061026976064725 -0.005128528749429595
6439 2.0616016440160236 -0.005124481246802148
6440 2.0621767267862614 -0.005120430441500345
6441 2.0627522252796666 -0.0051163763281961705
6442 2.063328140403288 -0.005112318901544011
6443 2.0639044730670055 -0.005108258156177825
6444 2.064481224183564 -0.005104194086727187
6445 2.065058394668553 -0.005100126687793749
6446 2.0656359854404513 -0.005096055953972334
6447 2.066213997420616 -0.005091981879835561
6448 2.066792431533315 -0.0050879044599450585
6449 2.067371288705723 -0.005083823688842026
6450 2.067950569867948 -0.005079739561054231
6451 2.068530275953036 -0.005075652071090342
6452 2.069110407896993 -0.0050715612134468735
6453 2.0696909666387846 -0.005067466982597246
6454 2.0702719531203715 -0.005063369373006499
6455 2.070853368286704 -0.005059268379119519
6456 2.0714352130857376 -0.005055163995360934
6457 2.072017488468461 -0.0050510562161450445
6458 2.0726001953888953 -0.005046945035865058
6459 2.0731833348041158 -0.005042830448900304
6460 2.073766907674257 -0.005038712449607574
6461 2.074350914962547 -0.005034591032335167
6462 2.0749353576352965 -0.005030466191407235
6463 2.075520236661928 -0.005026337921132273
6464 2.0761055530149966 -0.005022206215807068
6465 2.076691307670181 -0.005018071069702312
6466 2.0772775016063214 -0.0050139324770759885
6467 2.077864135805425 -0.005009790432169925
6468 2.078451211252681 -0.005005644929206132
6469 2.079038728936477 -0.005001495962391689
6470 2.079626689848408 -0.004997343525910969
6471 2.0802150949833007 -0.004993187613934524
6472 2.080803945339227 -0.0049890282206166425
6473 2.0813932419175076 -0.004984865340086686
6474 2.0819829857227488 -0.004980698966464803
6475 2.082573177762833 -0.004976529093844939
6476 2.0831638190489636 -0.004972355716313159
6477 2.0837549105956463 -0.004968178827925884
6478 2.0843464534207308 -0.004963998422725768
6479 2.0849384485454237 -0.004959814494741588
6480 2.0855308969942863 -0.004955627037974253
6481 2.0861237997952813 -0.004951436046418012
6482 2.0867171579797557 -0.004947241514037692
6483 2.0873109725824843 -0.004943043434787464
6484 2.0879052446416617 -0.00493884180259363
6485 2.088499975198949 -0.004934636611375609
6486 2.0890951652994545 -0.004930427855021624
6487 2.0896908159917804 -0.00492621552740824
6488 2.090286928328029 -0.004921999622393147
6489 2.090883503363813 -0.004917780133811611
6490 2.091480542158278 -0.004913557055479356
6491 2.0920780457741235 -0.0049093303811948985
6492 2.092676015277615 -0.0049051001047372145
6493 2.0932744517386044 -0.004900866219865518
6494 2.09387335623054 -0.004896628720316931
6495 2.0944727298304997 -0.004892387599814474
6496 2.0950725736191846 -0.004888142852052968
6497 2.0956728886809652 -0.0048838944707162435
6498 2.0962736761038734 -0.004879642449460708
6499 2.096874936979639 -0.004875386781926783
6500 2.0974766724037 -0.004871127461735347
6501 2.098078883475218 -0.004866864482483857
6502 2.0986815712971048 -0.00486259783775278
6503 2.0992847369760232 -0.004858327521094052
6504 2.099888381622444 -0.004854053526055058
6505 2.100492506350611 -0.004849775846144877
6506 2.101097112278608 -0.004845494474864709
6507 2.1017022005283437 -0.004841209405685887
6508 2.1023077722255956 -0.004836920632065866
6509 2.102913828500012 -0.004832628147437457
6510 2.103520370485137 -0.004828331945211484
6511 2.1041273993184353 -0.0048240320187813435
6512 2.1047349161413007 -0.004819728361515452
6513 2.1053429220990836 -0.004815420966760908
6514 2.1059514183411103 -0.0048111098278456055
6515 2.106560406020703 -0.004806794938075454
6516 2.107169886295197 -0.004802476290734603
6517 2.107779860325957 -0.004798153879081779
6518 2.1083903292784116 -0.004793827696359609
6519 2.1090012943220526 -0.004789497735781301
6520 2.109612756630489 -0.00478516399055029
6521 2.110224717381419 -0.004780826453832154
6522 2.110837177756699 -0.00477648511878237
6523 2.111450138942334 -0.004772139978527434
6524 2.112063602128513 -0.004767791026175194
6525 2.112677568509621 -0.004763438254807517
6526 2.113292039284271 -0.004759081657486952
6527 2.1139070156553097 -0.004754721227247738
6528 2.114522498829863 -0.004750356957109014
6529 2.115138490019332 -0.004745988840059945
6530 2.115754990439429 -0.004741616869068155
6531 2.1163720013102068 -0.004737241037083839
6532 2.1169895238560534 -0.0047328613370221095
6533 2.1176075593057533 -0.00472847776178853
6534 2.1182261088924697 -0.0047240903042514715
6535 2.118845173853803 -0.004719698957267426
6536 2.1194647554317845 -0.00471530371365958
6537 2.1200848548729208 -0.004710904566233576
6538 2.120705473428205 -0.004706501507769079
6539 2.121326612353141 -0.0047020945310188855
6540 2.1219482729077725 -0.0046976836287151436
6541 2.122570456356705 -0.004693268793565908
6542 2.123193163969121 -0.004688850018250146
6543 2.1238163970188166 -0.0046844272954260635
6544 2.124440156784219 -0.004680000617726665
6545 2.1250644445484075 -0.004675569977758309
6546 2.1256892615991516 -0.004671135368106927
6547 2.12631460922891 -0.004666696781324475
6548 2.1269404887348915 -0.004662254209950034
6549 2.1275669014190397 -0.004657807646484713
6550 2.128193848588093 -0.004653357083413523
6551 2.128821331553586 -0.0046489025131908335
6552 2.129449351631887 -0.004644443928246145
6553 2.1300779101442213 -0.004639981320985198
6554 2.1307070084166964 -0.004635514683786868
6555 2.131336647780323 -0.004631044009001495
6556 2.131966829571051 -0.004626569288956328
6557 2.132597555129789 -0.004622090515950861
6558 2.1332288258024317 -0.004617607682259162
6559 2.133860642939885 -0.004613120780125435
6560 2.1344930078981035 -0.004608629801773345
6561 2.1351259220380974 -0.004604134739392918
6562 2.135759386725978 -0.004599635585149975
6563 2.1363934033329817 -0.004595132331186358
6564 2.1370279732354858 -0.004590624969610602
6565 2.1376630978150537 -0.00458611349250948
6566 2.13829877845845 -0.004581597891939793
6567 2.1389350165576713 -0.004577078159929138
6568 2.139571813509979 -0.004572554288480024
6569 2.140209170717921 -0.004568026269563541
6570 2.1408470895893745 -0.004563494095129572
6571 2.1414855715375523 -0.004558957757091697
6572 2.142124617981053 -0.004554417247340181
6573 2.1427642303438805 -0.004549872557736201
6574 2.143404410055472 -0.004545323680109847
6575 2.1440451585507327 -0.004540770606263678
6576 2.144686477270072 -0.004536213327975824
6577 2.145328367659411 -0.004531651836987116
6578 2.1459708311702395 -0.004527086125015178
6579 2.146613869259632 -0.004522516183747327
6580 2.1472574833902813 -0.0045179420048410135
6581 2.1479016750305244 -0.004513363579919938
6582 2.148546445654392 -0.004508780900586817
6583 2.1491917967416185 -0.00450419395840751
6584 2.1498377297776794 -0.0044996027449175635
6585 2.15048424625384 -0.004495007251629324
6586 2.1511313476671585 -0.004490407470014723
6587 2.151779035520551 -0.004485803391526266
6588 2.1524273113227874 -0.004481195007573824
6589 2.1530761765885673 -0.004476582309548505
6590 2.15372563283851 -0.004471965288800006
6591 2.1543756815992223 -0.004467343936654156
6592 2.155026324403311 -0.004462718244401365
6593 2.1556775627894256 -0.00445808820330218
6594 2.156329398302295 -0.00445345380458706
6595 2.1569818324927525 -0.00444881503945227
6596 2.1576348669177747 -0.004444171899060878
6597 2.1582885031405246 -0.004439524374548309
6598 2.158942742730373 -0.004434872457013794
6599 2.159597587262945 -0.004430216137527365
6600 2.160253038320151 -0.004425555407124415
6601 2.160909097490216 -0.004420890256805365
6602 2.161565766367739 -0.004416220677546545
6603 2.1622230465536916 -0.004411546660277654
6604 2.1628809396554938 -0.0044068681959064104
6605 2.1635394472870293 -0.004402185275303783
6606 2.1641985710686824 -0.004397497889304547
6607 2.1648583126273877 -0.00439280602871317
6608 2.165518673596658 -0.0043881096843000345
6609 2.166179655616622 -0.004383408846797665
6610 2.1668412603340714 -0.004378703506908943
6611 2.167503489402491 -0.004373993655299335
6612 2.1681663444820987 -0.00436927928259867
6613 2.1688298272398954 -0.004364560379406912
6614 2.1694939393496933 -0.004359836936287054
6615 2.17015868249215 -0.004355108943761787
6616 2.1708240583548326 -0.004350376392326605
6617 2.1714900686322296 -0.004345639272434143
6618 2.172156715025809 -0.0043408975745032885
6619 2.1728239992440663 -0.004336151288922396
6620 2.1734919230025453 -0.004331400406038521
6621 2.1741604880238903 -0.004326644916162192
6622 2.174829696037896 -0.004321884809572296
6623 2.1754995487815263 -0.00431712007650098
6624 2.176170047998995 -0.004312350707157742
6625 2.1768411954417686 -0.004307576691703563
6626 2.177512992868636 -0.00430279802026734
6627 2.178185442045737 -0.004298014682936446
6628 2.178858544746628 -0.004293226669769168
6629 2.179532302752291 -0.0042884339707730534
6630 2.1802067178512177 -0.004283636575929561
6631 2.1808817918394325 -0.004278834475178961
6632 2.1815575265205296 -0.004274027658416002
6633 2.1822339237057466 -0.004269216115506569
6634 2.182910985213986 -0.00426439983627136
6635 2.183588712871875 -0.004259578810495768
6636 2.1842671085138012 -0.004254753027920777
6637 2.184946173981976 -0.004249922478254398
6638 2.1856259111264698 -0.004245087151161453
6639 2.18630632180526 -0.0042402470362657985
6640 2.186987407884289 -0.0042354021231556516
6641 2.1876691712375 -0.0042305524013731555
6642 2.1883516137469035 -0.004225697860427147
6643 2.189034737302595 -0.004220838489773171
6644 2.189718543802855 -0.004215974278842238
6645 2.1904030351541492 -0.004211105217011513
6646 2.191088213271215 -0.004206231293625073
6647 2.1917740800770824 -0.004201352497976263
6648 2.1924606375031583 -0.004196468819326449
6649 2.1931478874892525 -0.004191580246888593
6650 2.1938358319836433 -0.004186686769835912
6651 2.1945244729431224 -0.004181788377297102
6652 2.19521381233306 -0.004176885058362001
6653 2.1959038521274405 -0.0041719768020713754
6654 2.1965945943089378 -0.004167063597429133
6655 2.197286040868951 -0.004162145433391107
6656 2.197978193807671 -0.004157222298871388
6657 2.198671055134131 -0.0041522941827394355
6658 2.1993646268662737 -0.004147361073825073
6659 2.200058911030979 -0.0041424229609040575
6660 2.2007539096641544 -0.004137479832715396
6661 2.201449624810776 -0.004132531677952356
6662 2.2021460585249453 -0.004127578485260686
6663 2.2028432128699484 -0.004122620243240616
6664 2.203541089918322 -0.004117656940449521
6665 2.2042396917519045 -0.004112688565397149
6666 2.2049390204618944 -0.004107715106544951
6667 2.205639078148926 -0.004102736552314523
6668 2.206339866923104 -0.0040977528910720595
6669 2.2070413889040865 -0.004092764111141567
6670 2.207743646221147 -0.004087770200803642
6671 2.208446641013217 -0.004082771148284037
6672 2.209150375428969 -0.004077766941765981
6673 2.209854851626867 -0.004072757569381302
6674 2.2105600717752405 -0.004067743019217085
6675 2.211266038052337 -0.004062723279307567
6676 2.2119727526464 -0.004057698337642579
6677 2.2126802177557243 -0.004052668182159436
6678 2.2133884355887297 -0.004047632800750045
6679 2.214097408364017 -0.004042592181252358
6680 2.2148071383104524 -0.00403754631145925
6681 2.2155176276672135 -0.004032495179108531
6682 2.216228878683875 -0.00402743877189049
6683 2.216940893620466 -0.004022377077441686
6684 2.2176536747475573 -0.004017310083353931
6685 2.218367224346303 -0.00401223777716031
6686 2.2190815447085397 -0.00400716014634761
6687 2.2197966381368395 -0.004002077178349106
6688 2.2205125069445883 -0.003996988860543893
6689 2.2212291534560604 -0.00399189518026255
6690 2.2219465800064833 -0.003986796124777925
6691 2.2226647889421254 -0.003981691681314681
6692 2.2233837826203557 -0.003976581837040638
6693 2.224103563409733 -0.003971466579073879
6694 2.224824133690064 -0.003966345894472756
6695 2.225545495852498 -0.003961219770245883
6696 2.226267652299595 -0.003956088193346696
6697 2.2269906054453967 -0.003950951150668902
6698 2.227714357715524 -0.0039458086290588
6699 2.2284389115472405 -0.003940660615302183
6700 2.2291642693895324 -0.003935507096128998
6701 2.2298904337032006 -0.0039303480582156824
6702 2.2306174069609264 -0.003925183488177719
6703 2.23134519164737 -0.0039200133725781905
6704 2.232073790259236 -0.0039148376979181165
6705 2.2328032053053817 -0.003909656450649668
6706 2.233533439306866 -0.003904469617156292
6707 2.234264494797067 -0.0038992771837702556
6708 2.2349963743217494 -0.0038940791367622074
6709 2.2357290804391616 -0.0038888754623476185
6710 2.2364626157201095 -0.0038836661466771227
6711 2.237196982748058 -0.0038784511758447326
6712 2.2379321841192144 -0.003873230535885841
6713 2.238668222442625 -0.0038680042127768877
6714 2.239405100340241 -0.0038627721924252567
6715 2.2401428204470455 -0.0038575344606864848
6716 2.2408813854111163 -0.0038522910033480517
6717 2.2416207978937424 -0.0038470418061432587
6718 2.2423610605694964 -0.00384178685473624
6719 2.2431021761263397 -0.0038365261347301782
6720 2.243844147265725 -0.0038312596316691927
6721 2.244586976702676 -0.0038259873310292347
6722 2.245330667165897 -0.00382070921822375
6723 2.2460752213978736 -0.0038154252786064546
6724 2.246820642154958 -0.00381013549746001
6725 2.2475669322074836 -0.0038048398600072364
6726 2.248314094339858 -0.0037995383514041192
6727 2.2490621313506654 -0.003794230956739586
6728 2.2498110460527756 -0.0037889176610398367
6729 2.2505608412734412 -0.0037835984492626817
6730 2.251311519854403 -0.0037782733062977636
6731 2.252063084652004 -0.0037729422169723303
6732 2.252815538537279 -0.003767605166037691
6733 2.253568884396084 -0.0037622621381854238
6734 2.254323125129194 -0.0037569131180356097
6735 2.2550782636524094 -0.003751558090138607
6736 2.2558343028966736 -0.0037461970389761623
6737 2.2565912458081807 -0.003740829948958968
6738 2.2573490953484985 -0.0037354568044315473
6739 2.2581078544946642 -0.003730077589662706
6740 2.258867526239322 -0.0037246922888547473
6741 2.259628113590816 -0.003719300886133259
6742 2.260389619573332 -0.003713903365557658
6743 2.261152047227001 -0.003708499711112867
6744 2.261915399608015 -0.003703089906707424
6745 2.2626796797887674 -0.0036976739361828104
6746 2.2634448908579494 -0.0036922517832991275
6747 2.264211035920708 -0.0036868234317533055
6748 2.264978118098724 -0.0036813888651541227
6749 2.2657461405303865 -0.0036759480670459643
6750 2.266515106370886 -0.0036705010208930577
6751 2.2672850187923568 -0.003665047710083913
6752 2.268055880984002 -0.0036595881179296574
6753 2.268827696152233 -0.003654122227667589
6754 2.2696004675207857 -0.0036486500224525154
6755 2.2703741983308685 -0.003643171485363861
6756 2.2711488918412943 -0.003637686599404333
6757 2.2719245513286133 -0.0036321953474950375
6758 2.2727011800872448 -0.0036266977124752575
6759 2.273478781429635 -0.003621193677111001
6760 2.274257358686371 -0.0036156832240774595
6761 2.2750369152063565 -0.0036101663359821012
6762 2.27581745435692 -0.003604642995340024
6763 2.2765989795239756 -0.0035991131845851676
6764 2.277381494112176 -0.003593576886073535
6765 2.278165001545048 -0.0035880340820739764
6766 2.278949505265146 -0.003582484754772741
6767 2.279735008734203 -0.0035769288862710358
6768 2.2805215154332874 -0.003571366458586689
6769 2.2813090288629456 -0.003565797453651154
6770 2.2820975525433633 -0.0035602218533072882
6771 2.282887090014524 -0.0035546396393131285
6772 2.2836776448363745 -0.0035490507933436666
6773 2.284469220588965 -0.003543455296979081
6774 2.2852618208726287 -0.003537853131715285
6775 2.28605544930814 -0.0035322442789593733
6776 2.2868501095368705 -0.0035266287200224067
6777 2.287645805220976 -0.0035210064361341775
6778 2.2884425400435497 -0.003515377408429332
6779 2.289240317708795 -0.0035097416179510343
6780 2.2900391419422013 -0.0035040990456506327
6781 2.290839016490713 -0.0034984496723856617
6782 2.291639945122915 -0.003492793478922951
6783 2.292441931629201 -0.0034871304459342944
6784 2.2932449798219525 -0.003481460553993676
6785 2.294049093535731 -0.003475783783584485
6786 2.294854276627452 -0.0034701001150918565
6787 2.2956605329765716 -0.003464409528803225
6788 2.296467866485282 -0.003458712004912101
6789 2.297276281078688 -0.0034530075235106317
6790 2.298085780705004 -0.0034472960645912654
6791 2.2988963693357616 -0.0034415776080531923
6792 2.2997080509659824 -0.0034358521336910197
6793 2.300520829614385 -0.003430119621196659
6794 2.301334709323589 -0.0034243800501634336
6795 2.3021496941603212 -0.0034186334000841923
6796 2.3029657882156034 -0.003412879650344758
6797 2.3037829956049736 -0.003407118780229257
6798 2.3046013204686937 -0.0034013507689196754
6799 2.3054207669719515 -0.0033955755954880873
6800 2.3062413393050827 -0.003389793238904315
6801 2.307063041683782 -0.003384003678027936
6802 2.307885878349332 -0.0033782068916168306
6803 2.308709853568801 -0.0033724028583123067
6804 2.309534971635298 -0.0033665915566555293
6805 2.310361236868168 -0.0033607729650707574
6806 2.311188653613242 -0.0033549470618760013
6807 2.3120172262430576 -0.003349113825276473
6808 2.312846959157093 -0.0033432732333645854
6809 2.313677856782004 -0.003337425264119731
6810 2.31450992357186 -0.003331569895404507
6811 2.3153431640084006 -0.0033257071049740405
6812 2.3161775826012563 -0.0033198368704606684
6813 2.3170131838882098 -0.0033139591693829296
6814 2.317849972435446 -0.003308073979141679
6815 2.3186879528378057 -0.003302181277021976
6816 2.31952712971902 -0.0032962810401814258
6817 2.320367507732011 -0.003290373245669609
6818 2.3212090915591093 -0.0032844578704046556
6819 2.3220518859123453 -0.0032785348911873458
6820 2.3228958955337116 -0.0032726042846958903
6821 2.3237411251954265 -0.003266666027482379
6822 2.324587579700213 -0.003260720095973668
6823 2.3254352638815816 -0.003254766466473824
6824 2.3262841826041005 -0.0032488051151577935
6825 2.3271343407636915 -0.0032428360180760674
6826 2.327985743287899 -0.003236859151145466
6827 2.328838395136195 -0.003230874490154245
6828 2.329692301300272 -0.003224882010761987
6829 2.330547466804336 -0.0032188816884952676
6830 2.331403896705402 -0.0032128734987439955
6831 2.3322615960936184 -0.0032068574167712915
6832 2.3331205700925564 -0.0032008334177010545
6833 2.3339808238595214 -0.0031948014765186272
6834 2.334842362585886 -0.003188761568076126
6835 2.335705191497396 -0.0031827136670876666
6836 2.336569315854486 -0.00317665774812137
6837 2.33743474095263 -0.003170593785610687
6838 2.3383014721226583 -0.0031645217538474046
6839 2.3391695147310836 -0.0031584416269737625
6840 2.340038874180472 -0.0031523533789987734
6841 2.3409095559097386 -0.003146256983771578
6842 2.341781565394549 -0.0031401524150082016
6843 2.3426549081476344 -0.003134039646270681
6844 2.343529589719148 -0.0031279186509672874
6845 2.3444056156970596 -0.0031217894023656267
6846 2.34528299170748 -0.0031156518735731
6847 2.3461617234150625 -0.003109506037550558
6848 2.347041816523349 -0.0031033518670959825
6849 2.3479232767751843 -0.003097189334861916
6850 2.3488061099530704 -0.0030910184133371432
6851 2.3496903218795677 -0.00308483907485424
6852 2.3505759184176847 -0.0030786512915833564
6853 2.351462905471287 -0.0030724550355369917
6854 2.3523512889854854 -0.003066250278560889
6855 2.353241074947067 -0.003060036992342696
6856 2.354132269384886 -0.003053815148399086
6857 2.355024878370291 -0.003047584718078533
6858 2.3559189080175735 -0.0030413456725698618
6859 2.3568143644843493 -0.0030350979828779323
6860 2.35771125397205 -0.003028841619847955
6861 2.35860958272633 -0.0030225765541472827
6862 2.3595093570375183 -0.003016302756266853
6863 2.360410583241081 -0.0030100201965224116
6864 2.3613132677180855 -0.0030037288450540656
6865 2.362217416895643 -0.0029974286718171816
6866 2.363123037247411 -0.0029911196465916
6867 2.3640301352940325 -0.0029848017389638715
6868 2.364938717603674 -0.002978474918349794
6869 2.3658487907924624 -0.0029721391539675457
6870 2.3667603615250132 -0.0029657944148500093
6871 2.367673436514928 -0.0029594406698405518
6872 2.3685880225253007 -0.0029530778875882513
6873 2.369504126369241 -0.0029467060365495623
6874 2.370421754910402 -0.0029403250849877605
6875 2.371340915063498 -0.0029339350009630616
6876 2.3722616137948522 -0.0029275357523363965
6877 2.373183858122956 -0.0029211273067725196
6878 2.374107655118997 -0.0029147096317264642
6879 2.375033011907435 -0.0029082826944476503
6880 2.3759599356665744 -0.0029018464619799955
6881 2.3768884336291407 -0.0028954009011586956
6882 2.3778185130828464 -0.0028889459786004545
6883 2.378750181371017 -0.0028824816607152526
6884 2.379683445893159 -0.002876007913688694
6885 2.380618314105593 -0.00286952470349211
6886 2.3815547935220627 -0.0028630319958738992
6887 2.382492891714373 -0.002856529756363524
6888 2.3834326163129993 -0.0028500179502567446
6889 2.384373975007762 -0.002843496542626167
6890 2.3853169755484664 -0.0028369654983132486
6891 2.386261625745558 -0.0028304247819209705
6892 2.387207933470824 -0.0028238743578259395
6893 2.3881559066580382 -0.002817314190156961
6894 2.3891055533036867 -0.0028107442428089158
6895 2.3900568814676455 -0.002804164479428106
6896 2.391009899273906 -0.002797574863415697
6897 2.3919646149113016 -0.00279097535792705
6898 2.392921036634226 -0.0027843659258621756
6899 2.3938791727633877 -0.0027777465298659543
6900 2.3948390316865606 -0.0027711171323258066
6901 2.3958006218593573 -0.002764477695370471
6902 2.396763951806001 -0.0027578281808647853
6903 2.397729030120111 -0.0027511685504046923
6904 2.3986958654655095 -0.0027444987653185704
6905 2.399664466577029 -0.002737818786660129
6906 2.4006348422613435 -0.002731128575208186
6907 2.401607001397797 -0.0027244280914607844
6908 2.4025809529392617 -0.0027177172956347473
6909 2.4035567059129934 -0.0027109961476596833
6910 2.40453426942151 -0.0027042646071747667
6911 2.4055136526434833 -0.002697522633528404
6912 2.406494864834635 -0.0026907701857696864
6913 2.4074779153286445 -0.002684007222643392
6914 2.408462813538128 -0.0026772337026054194
6915 2.4094495689554956 -0.002670449583782375
6916 2.4104381911539945 -0.0026636548240036584
6917 2.41142868978864 -0.002656849380779036
6918 2.412421074597209 -0.00265003321129631
6919 2.413415355401259 -0.0026432062724235372
6920 2.4144115421071235 -0.0026363685206937104
6921 2.4154096447069806 -0.0026295199123154145
6922 2.4164096732798748 -0.0026226604031538425
6923 2.4174116379928092 -0.002615789948737235
6924 2.418415549101817 -0.002608908504245111
6925 2.419421416953071 -0.0026020160245067148
6926 2.420429251984008 -0.002595112463996796
6927 2.421439064724472 -0.0025881977768345
6928 2.422450865797847 -0.0025812719167641607
6929 2.4234646659222734 -0.002574334837170844
6930 2.424480475911806 -0.0025673864910572552
6931 2.4254983066776457 -0.002560426831046514
6932 2.4265181692293845 -0.0025534558093808224
6933 2.427540074676245 -0.002546473377908587
6934 2.4285640342283576 -0.0025394794880803095
6935 2.429590059198062 -0.002532474090945591
6936 2.4306181610012247 -0.0025254571371446932
6937 2.4316483511585836 -0.0025184285769066506
6938 2.432680641297105 -0.0025113883600395015
6939 2.433715043151364 -0.002504336435921739
6940 2.4347515685649697 -0.0024972727535043093
6941 2.435790229491983 -0.0024901972612956236
6942 2.4368310379983793 -0.0024831099073597818
6943 2.4378740062635362 -0.0024760106393101333
6944 2.438919146581723 -0.0024688994042963985
6945 2.439966471363661 -0.002461776149007777
6946 2.441015993138057 -0.0024546408196566283
6947 2.4420677245532 -0.002447493361973918
6948 2.4431216783785814 -0.002440333721204224
6949 2.44417786750653 -0.0024331618420967427
6950 2.4452363049538772 -0.0024259776688927426
6951 2.446297003863669 -0.002418781145325233
6952 2.447359977506895 -0.002411572214607638
6953 2.4484252392842376 -0.002404350819422252
6954 2.449492802727869 -0.00239711690191291
6955 2.4505626815032873 -0.00238987040368277
6956 2.4516348894111566 -0.002382611265775769
6957 2.4527094403891967 -0.0023753394286698537
6958 2.4537863485141242 -0.002368054832273647
6959 2.4548656280035948 -0.0023607574159097977
6960 2.455947293218204 -0.002353447118308205
6961 2.457031358663513 -0.0023461238775928095
6962 2.458117838992129 -0.0023387876312780387
6963 2.4592067490057965 -0.002331438316249601
6964 2.460298103657541 -0.002324075868755715
6965 2.4613919180538804 -0.0023167002244048884
6966 2.462488207457018 -0.002309311318142049
6967 2.4635869872871137 -0.0023019090842384404
6968 2.464688273124637 -0.0022944934562970642
6969 2.465792080712639 -0.002287064367206715
6970 2.466898425959235 -0.002279621749165517
6971 2.4680073249399928 -0.002272165533643067
6972 2.4691187939004378 -0.002264695651375659
6973 2.4702328492586045 -0.002257212032356848
6974 2.4713495076075964 -0.0022497146058130246
6975 2.47246878571825 -0.002242203300199308
6976 2.4735907005418016 -0.0022346780431782287
6977 2.4747152692126413 -0.0022271387616071836
6978 2.475842509051102 -0.002219585381524225
6979 2.4769724375662983 -0.002212017828125745
6980 2.4781050724590585 -0.002204436025760814
6981 2.4792404316248566 -0.0021968398979038684
6982 2.480378533156854 -0.002189229367143719
6983 2.481519395348976 -0.00218160435516368
6984 2.4826630366990527 -0.0021739647827230257
6985 2.483809475912037 -0.0021663105696404505
6986 2.484958731903261 -0.0021586416347707527
6987 2.4861108238017997 -0.0021509578959924003
6988 2.4872657709538504 -0.0021432592701764452
6989 2.48842359292624 -0.0021355456731786404
6990 2.4895843095099517 -0.0021278170198072432
6991 2.4907479407237565 -0.002120073223804031
6992 2.491914506817924 -0.0021123141978284243
6993 2.4930840282779756 -0.0021045398534222937
6994 2.4942565258285643 -0.002096750100997191
6995 2.4954320204373936 -0.0020889448498017105
6996 2.4966105333192514 -0.0020811240079013915
6997 2.497792085940111 -0.002073287482150521
6998 2.4989767000213345 -0.0020654351781690394
6999 2.5001643975439327 -0.00205756700030324
7000 2.501355200752981 -0.00204968285161522
7001 2.502549132162062 -0.002041782633839695
7002 2.503746214557858 -0.002033866247362459
7003 2.504946471004801 -0.002025933591182638
7004 2.506149924849863 -0.002017984562886488
7005 2.507356599727429 -0.002010019058610535
7006 2.5085665195642877 -0.0020020369730113785
7007 2.5097797085847433 -0.0019940381992330503
7008 2.51099619131579 -0.0019860226288567207
7009 2.512215992592517 -0.0019779901518925946
7010 2.5134391375634815 -0.00196994065670808
7011 2.5146656516963453 -0.0019618740300135773
7012 2.5158955607835605 -0.0019537901568132954
7013 2.517128890948202 -0.0019456889203613992
7014 2.518365668649954 -0.0019375702021243724
7015 2.5196059206912125 -0.001929433881733833
7016 2.52084967422335 -0.0019212798369429018
7017 2.5220969567531086 -0.0019131079435771303
7018 2.5233477961491646 -0.0019049180754887596
7019 2.524602220648822 -0.0018967101045023194
7020 2.52586025886491 -0.0018884839003706633
7021 2.527121939792788 -0.0018802393307131293
7022 2.52838729281758 -0.0018719762609691326
7023 2.529656347721535 -0.0018636945543357708
7024 2.53092913469159 -0.0018553940717093154
7025 2.532205684327129 -0.0018470746716295894
7026 2.533486027647906 -0.0018387362102131322
7027 2.5347701961021936 -0.001830378541092914
7028 2.5360582215751006 -0.0018220015153460611
7029 2.537350136397142 -0.0018136049814319044
7030 2.538645973352986 -0.0018051887851177062
7031 2.5399457656904385 -0.001796752769403831
7032 2.5412495471296612 -0.0017882967744510259
7033 2.542557351872628 -0.0017798206375025938
7034 2.5438692146128012 -0.0017713241927999057
7035 2.5451851705450883 -0.001762807271500022
7036 2.546505255376047 -0.0017542697015927589
7037 2.547829505334354 -0.001745711307806097
7038 2.5491579571815492 -0.001737131911515255
7039 2.550490648223085 -0.0017285313306512062
7040 2.551827616319632 -0.0017199093795929876
7041 2.5531688998987323 -0.0017112658690733307
7042 2.554514537966721 -0.0017026006060634202
7043 2.5558645701210416 -0.0016939133936777484
7044 2.557219036562805 -0.0016852040310433303
7045 2.558577978109764 -0.001676472313191013
7046 2.5599414362096296 -0.0016677180309315753
7047 2.5613094529537506 -0.0016589409707313818
7048 2.5626820710911664 -0.0016501409145744939
7049 2.5640593340430957 -0.0016413176398367701
7050 2.565441285917772 -0.0016324709191319897
7051 2.566827971525774 -0.0016236005201784032
7052 2.568219436395749 -0.001614706205640748
7053 2.5696157267905977 -0.001605787732974484
7054 2.5710168897241306 -0.0015968448542574842
7055 2.5724229729782313 -0.0015878773160297177
7056 2.5738340251205147 -0.0015788848591158366
7057 2.575250095522471 -0.0015698672184335516
7058 2.576671234378222 -0.0015608241228175501
7059 2.578097492723783 -0.0015517552948149937
7060 2.5795289224569298 -0.0015426604504829022
7061 2.5809655763576647 -0.001533539299176545
7062 2.5824075081093127 -0.001524391543327508
7063 2.583854772320283 -0.0015152168782212039
7064 2.585307424546473 -0.0015060149917526244
7065 2.5867655213143896 -0.0014967855641780936
7066 2.5882291201450136 -0.0014875282678642465
7067 2.589698279578396 -0.0014782427670153586
7068 2.5911730591990554 -0.0014689287173974552
7069 2.592653519662182 -0.0014595857660479883
7070 2.594139722720699 -0.001450213550975854
7071 2.5956317312531976 -0.0014408117008445354
7072 2.597129609292788 -0.0014313798346472506
7073 2.598633422056941 -0.0014219175613734425
7074 2.6001432359782393 -0.001412424479639185
7075 2.6016591187362614 -0.0014029001773322447
7076 2.603181139290482 -0.001393344231222171
7077 2.6047093679142943 -0.0013837562065558418
7078 2.606243876230239 -0.0013741356566471241
7079 2.607784737246404 -0.0013644821224318981
7080 2.6093320253941306 -0.0013547951320207474
7081 2.6108858165670097 -0.0013450742002172333
7082 2.6124461881613006 -0.001335318828028842
7083 2.614013219117743 -0.0013255285021440688
7084 2.6155869899649247 -0.0013157026943999561
7085 2.617167582864143 -0.0013058408612039996
7086 2.6187550816560097 -0.001295942442960052
7087 2.6203495719086813 -0.0012860068634434896
7088 2.621951140967909 -0.0012760335291547298
7089 2.6235598780089924 -0.001266021828654651
7090 2.625175874090644 -0.0012559711318512745
7091 2.6267992222109315 -0.0012458807892654633
7092 2.6284300173653636 -0.001235750131261093
7093 2.630068356607218 -0.0012255784672340342
7094 2.6317143391102262 -0.0012153650847678277
7095 2.6333680662337295 -0.0012051092487488368
7096 2.635029641590401 -0.0011948102004315508
7097 2.6366991711167094 -0.001184467156469915
7098 2.638376763146224 -0.0011740793078964806
7099 2.6400625284858905 -0.001163645819050374
7100 2.641756580495451 -0.0011531658264515299
7101 2.64345903517018 -0.0011426384376241883
7102 2.6451700112270653 -0.0011320627298575525
7103 2.646889630194643 -0.001121437748905385
7104 2.648618016506661 -0.0011107625076183236
7105 2.6503552975997913 -0.0011000359845093621
7106 2.6521016040155687 -0.0010892571222382852
7107 2.6538570695068393 -0.0010784248260296003
7108 2.6556218311489146 -0.0010675379619992098
7109 2.6573960294556795 -0.0010565953553878238
7110 2.6591798085010137 -0.00104559578871799
7111 2.660973316045685 -0.001034537999831442
7112 2.662776703670173 -0.001023420679839182
7113 2.6645901269136396 -0.0010122424709482214
7114 2.6664137454194545 -0.001001001964172188
7115 2.668247723087679 -0.0009896976969198112
7116 2.670092228234847 -0.000978328150442409
7117 2.6719474337615465 -0.0009668917471423732
7118 2.673813517328232 -0.0009553868477280014
7119 2.6756906615397718 -0.0009438117482046815
7120 2.677579054139282 -0.0009321646766956571
7121 2.679478888211812 -0.000920443790075498
7122 2.6813903623984854 -0.0009086471704063959
7123 2.683313681121804 -0.0008967728211660697
7124 2.685249054822769 -0.0008848186632440802
7125 2.6871967002106825 -0.0008727825307101034
7126 2.689156840526326 -0.0008606621663067582
7127 2.69112970581957 -0.0008484552166849735
7128 2.6931155332422425 -0.0008361592273284923
7129 2.6951145673574053 -0.0008237716371729542
7130 2.697127060466105 -0.0008112897728786983
7131 2.699153272952868 -0.0007987108427417455
7132 2.7011934736512404 -0.0007860319302136487
7133 2.703247940230813 -0.0007732499869935738
7134 2.7053169596073516 -0.0007603618256795119
7135 2.7074008283776876 -0.000747364111927773
7136 2.7094998532811894 -0.0007342533560769082
7137 2.7116143516899576 -0.0007210259042222944
7138 2.713744652129844 -0.0007076779286725454
7139 2.7158910948347383 -0.0006942054177430101
7140 2.7180540323368034 -0.0006806041648463879
7141 2.7202338300954945 -0.0006668697568087412
7142 2.7224308671685824 -0.0006529975613525085
7143 2.7246455369286124 -0.0006389827136739079
7144 2.7268782478287337 -0.000624820102052781
7145 2.729129424222015 -0.0006105043523909615
7146 2.7313995072389496 -0.0005960298115971208
7147 2.733688955728391 -0.0005813905297332722
7148 2.7359982472674527 -0.0005665802407771592
7149 2.7383278792468806 -0.0005515923419204816
7150 2.7406783700387685 -0.000536419871228988
7151 2.743050260254589 -0.0005210554835558545
7152 2.7454441141021304 -0.0005054914245115061
7153 2.747860520851156 -0.0004897195023301215
7154 2.7503000964186537 -0.000473731057422655
7155 2.752763485085959 -0.0004575169294067649
7156 2.7552513613614176 -0.0004410674213509713
7157 2.757764432004126 -0.00042437226097058467
7158 2.760303438226272 -0.0004074205584767565
7159 2.7628691580937748 -0.0003902007607203828
7160 2.76546240914781 -0.00037270060127503335
7161 2.768084051272722 -0.0003549070460229231
7162 2.770734989839488 -0.0003368062337713029
7163 2.7734161791581893 -0.0003183834113754669
7164 2.776128626277784 -0.0002996228627740738
7165 2.7788733951772464 -0.0002805078312562159
7166 2.781651611399235 -0.00026102043423326116
7167 2.784464467185212 -0.000241141569641945
7168 2.7873132271809005 -0.0002208508130392417
7169 2.7901992347923956 -0.00020012630430243927
7170 2.7931239192871407 -0.00017894462271339506
7171 2.796088803750723 -0.0001572806490399703
7172 2.79909551403074 -0.00013510741303723872
7173 2.8021457888237347 -0.00011239592457978897
7174 2.8052414910915546 -8.911498638686233e-05
7175 2.8083846210309984 -6.52309860305067e-05
7176 2.8115773308667023 -4.0707664542449784e-05
7177 2.814821941795827 -1.5505858638853454e-05
7178 2.818120963485515 1.0416786933920008e-05
7179 2.8214771166169523 3.710614087026887e-05
7180 2.8248933590881378 6.461194510309909e-05
7181 2.8283729166395806 9.298821811343227e-05
7182 2.8319193188656793 0.0001222937076170716
7183 2.835536441834651 0.00015259239932763347
7184 2.8392285588855524 0.000183954089372107
7185 2.8430004016347463 0.0002164550288632494
7186 2.846857233854664 0.00025017865009857587
7187 2.8508049417559778 0.0002852163847136824
7188 2.8548501454173567 0.0003216685847899914
7189 2.8590003378294577 0.000359645558031807
7190 2.863264060506467 0.00039926872736861796
7191 2.867651128280882 0.0004406719226544009
7192 2.8721729214021856 0.0004840028063636259
7193 2.8768427715361935 0.0005294244235595214
7194 2.8816764816590767 0.0005771168446759845
7195 2.88669304166057 0.0006272788295678122
7196 2.8919156382417235 0.0006801293681109044
7197 2.897373122142554 0.000735908818152109
7198 2.903102213996732 0.0007948791114833487
7199 2.909150959215153 0.0008573220241842039
7200 2.9155844161169022 0.0009235335878106099
7201 2.922494623636453 0.0009938108953034819
7202 2.930019532131134 0.0010684239213820668
7203 2.938383078260043 0.001147558159765527
7204 2.9479943913075055 0.0012312061371793082
7205 2.959764446381722 0.0013190336974879813
7206 2.97687656336928 0.0014109984492020056
7207 3.0099365452280096 0.00178178573151766
7208 3.04350323854953 0.003076697342846435
7209 2.9947660501414646 0.0028052752290156358
7210 3.021946965580722 0.003541772160397527
7211 3.02962006278259 0.004242178617619219
7212 2.5824096966420136 0.0756230362921192
7213 3.0406613141693786 0.005634619625748294
7214 2.9906044274716104 0.005489189117227067
7215 2.9556603861709876 0.006780185349685386
7216 2.9357079349053645 0.00820061451400711
7217 2.9172232469054657 0.00985061051955638
7218 3.1264313742228853 0.014274245000001629
7219 3.0973009853247317 0.012099452952545109
7220 3.0331758945898613 0.009135419445209458
7221 4.127374879856331 0.4794981675757791
7222 3.091265191841154 0.013228497827832864
7223 3.0984941001245656 0.01433440865255653
7224 3.2023945675510816 0.027804157852829414
7225 1.8346389633131828 0.5166858039945661
7226 1.1316726911152908 1.091865334555898
7227 3.0361758788431907 0.012971180171128527
7228 3.3510717040058235 0.0635483632047682
7229 4.978902882966879 1.1631619908595583
7230 2.716298470978425 0.04708885700331089
7231 2.656040827745876 0.06307493646394635
7232 3.050259318040979 0.016168072440180703
7233 3.858491720233048 0.3014004282607978
7234 3.2878681677529418 0.05034653044674364
7235 2.5844305031007684 0.08730262626723262
7236 3.127960804091898 0.024083697226593537
7237 3.0281975813343633 0.018132772169799027
7238 3.386821598875752 0.07957181572218108
7239 0.17957432827524064 1.638425440820857
7240 1.7988289264002466 0.5525658717084321
7241 3.1899949418895828 0.03493252116189827
7242 3.0568948799029423 0.02185747479371325
7243 2.7570291828867757 0.04531719080366836
7244 3.5401893981753703 0.1393437397191878
7245 3.283026531841977 0.05514571626967135
7246 4.625124983524357 0.889904242333969
7247 3.1029022397295742 0.027625140763329226
7248 4.7060322751322525 0.9572349958556208
7249 2.716653966767635 0.057292808355563274
7250 2.83291811377363 0.0363144026453851
7251 2.6832767589300826 0.06657514837529555
7252 3.0554741917527237 0.027211277246956378
7253 2.890959850895922 0.03133928537541353
7254 2.792440752473742 0.04473881061638052
7255 2.885693022642993 0.032914047159864124
7256 2.5000006027366535 0.12978083113462824
7257 2.3417077556519215 0.20249489705694212
7258 2.893736390967971 0.0338191274459646
7259 2.973208204062145 0.030013791612282348
7260 2.824912239878342 0.04289753953271802
7261 4.772729744537834 1.0183917322514149
7262 1.930322525769935 0.46490588915717423
7263 1.8810374179392957 0.5021030004713762
7264 2.6818022796660212 0.0740658596549506
7265 2.911355912660864 0.036231860753300316
7266 2.8993199625869943 0.03771987039668423
7267 3.3073812378168594 0.07296755658015064
7268 3.1379350225248683 0.04256376175609644
7269 3.390338268186839 0.09749030186190655
7270 3.237128443627297 0.05898119429298143
7271 3.344437297501019 0.08496489721406131
7272 2.2589936819225587 0.25520802260185926
7273 3.199009438943609 0.05379666170636932
7274 2.829674759950734 0.04990480426533628
7275 1.6041008517256314 0.7285212892130023
7276 2.8405466826913393 0.04952850856552771
7277 2.762236429502671 0.06289342600691283
7278 3.5438816110682825 0.1594132442742645
7279 3.195429011424584 0.056515254229946965
7280 3.315151927991242 0.08206887656144202
7281 3.184438180091323 0.05589839022490806
7282 3.2105199516431355 0.06068900712600955
7283 3.3006589781357225 0.08009082160439385
7284 3.5809733145218092 0.1790121701785513
7285 2.0923873230099086 0.3645256038270347
7286 3.519739706400849 0.1537240224948847
7287 2.3072217230933583 0.23707176020107035
7288 2.665226599505301 0.09174153895331494
7289 2.4634767478879365 0.1630778938621874
7290 3.504722545365542 0.14986438566350302
7291 2.62934423772598 0.10372141569431681
7292 2.7639828598432636 0.07087092809814521
7293 2.89175970481154 0.053287084063940116
7294 2.785153992339617 0.06805615215279481
7295 3.4876639359601493 0.1459357991429241
7296 3.1189825075930346 0.05600784417108717
7297 3.8760677276284365 0.3472470526356449
7298 3.750130024220337 0.2726325054538633
7299 4.0900294145025295 0.4943379442476392
7300 0.5375321317493902 1.5338755549391787
7301 3.0274081967515225 0.05323166081014152
7302 2.098035705824232 0.37032857213325976
7303 2.6126117954437684 0.11558139481937157
7304 2.623019345728256 0.11291181356757662
7305 2.7367899620376797 0.08371612905648573
7306 2.850523761244365 0.06494022767440444
7307 3.064151808937426 0.05798676508286227
7308 3.1148503202038182 0.06230722866952476
7309 3.061339163299777 0.05896096479983082
7310 4.4703237658967225 0.797825871422286
7311 3.301059957747902 0.09575438548154147
7312 3.565206188701057 0.18751063042822524
7313 1.956433881021225 0.474360350383582
7314 2.556902779342082 0.14048287735235399
7315 3.8109896124228615 0.31731308297868954
7316 2.463146772795913 0.17837497580681105
7317 1.4817392531754092 0.8537354388354895
7318 2.911707779736858 0.06567518184031329
7319 3.0888480851959175 0.06629594748397849
7320 3.0725805486500164 0.06577184174699613
7321 3.0966327547960764 0.06802175728003479
7322 3.2215757175151944 0.08496404993823192
7323 3.8720953665061106 0.3592449110539888
7324 3.637447418715246 0.22789509894879278
7325 4.377998952916505 0.7312188329155979
7326 3.3166148728091054 0.10809908734714058
7327 3.738037420592306 0.28210517816730174
7328 4.122417393819757 0.5343005651084161
7329 3.702469769486091 0.26393556981115696
7330 3.5774161539102223 0.2030697131568705
7331 3.018804227471344 0.0699583253775159
7332 5.373685410868923 1.4875099858811582
7333 2.373492007156711 0.22912452600107058
7334 3.8456436450251648 0.34898649437484586
7335 3.1293539442236287 0.07900856222265573
7336 4.702617178118592 1.0029621457806286
7337 4.337618801806752 0.705572669662232
7338 0.3834524709644786 1.6264261603579122
7339 3.521849554146808 0.18425933041363352
7340 2.6721430022892645 0.11920371811271047
7341 2.6131512566227126 0.13695295374841265
7342 2.869936711606732 0.08308600874632022
7343 2.905167050093702 0.08037677913549202
7344 3.25538601243225 0.10405167009362426
7345 4.121538029769844 0.5432634720541472
7346 4.131902302031404 0.5515151993942586
7347 3.3901079314516482 0.1410200004833797
7348 3.7507656838308527 0.3011016393479251
7349 2.5290459247597106 0.17068395768607125
7350 1.3230497808512625 1.0050789744498032
7351 3.3230534792637627 0.1239931484067539
7352 3.0086409212398637 0.08183947197715524
7353 3.0444272498392384 0.08319947281777529
7354 3.970049712162693 0.44086045838484084
7355 4.214313439280656 0.6190000282699148
7356 6.064028688460699 1.738404235948029
7357 1.7963863482960425 0.6202589265193428
7358 5.82687861378178 1.6982506296953948
7359 0.8849163129531961 1.3530453941198533
7360 2.1003379855419064 0.40197848404457936
7361 2.098159662811627 0.4039880786434942
7362 2.4801676881463512 0.19757470478146844
7363 2.6388786556479276 0.14180911054772127
7364 2.7931520655452062 0.10645132794540879
7365 3.1326924710986495 0.09657457990083096
7366 2.9189422085387733 0.09262043398289865
7367 2.680875831633192 0.13246650163548246
7368 2.8462368116518055 0.10085843200494848
7369 3.093546234024913 0.09523811243535951
7370 1.1163231197419883 1.1850272105477406
7371 0.032990022912170715 1.7404311416706522
7372 1.7968300451483223 0.6286635635611644
7373 2.5103035285411734 0.19182433733943738
7374 2.7207390026607894 0.12676293434582553
7375 2.4183398346170355 0.23214570963324743
7376 3.0996108661501314 0.09978940477141962
7377 3.0104446916267626 0.09632544222906625
7378 2.372279061328455 0.25576342685404896
7379 2.8011416253083445 0.11384612623508994
7380 1.3782586747382464 0.976632515599251
7381 2.0301907193482522 0.46146415398356333
7382 2.6752080468506834 0.14271690042844232
7383 2.7506585314919376 0.1255220816453695
7384 2.122385101544128 0.4017079926856789
7385 3.0225703066697927 0.1011643263755978
7386 3.3708594248809436 0.15765838057966575
7387 2.7391678171917686 0.13028365718122348
7388 3.814438028682655 0.3610726367795487
7389 0.16080235171611457 1.7276117251886187
7390 2.9704859005159507 0.104258937125983
7391 2.4062522618280973 0.24714645445879346
7392 2.4494583352088375 0.22821049139612548
7393 2.624663132536733 0.16362854596216325
7394 5.074529729670104 1.326253643579949
7395 2.763903273246619 0.12993322840870103
7396 2.9198712272378518 0.11010466061247726
7397 3.0996840757093547 0.11209891067675581
7398 3.070138504816958 0.11062137781135772
7399 1.3314912626387778 1.0268362030500777
7400 5.062298979821527 1.3208637012895612
7401 5.443798148787237 1.5665606034537292
7402 2.6127037979143677 0.17266558368901275
7403 2.8250711279553022 0.12427814113313052
7404 2.6605473687835617 0.15968308196932235
7405 2.9541226893417236 0.11362977988839362
7406 2.936611657476855 0.11502143905488615
7407 3.07831368125956 0.11644498135973791
7408 3.056843879462771 0.11584410410911805
7409 2.961754749911462 0.11573599418445413
7410 3.2089016729111393 0.13363695478474402
7411 3.140662976490652 0.12443893658582894
7412 4.1233323481583595 0.5834084533030635
7413 3.7691675010300965 0.3492921980719025
7414 3.061782959034272 0.11965258835357362
7415 2.8484795448490887 0.1282509712689004
7416 3.110276660184721 0.12427767842494097
7417 3.1734568790084747 0.13224272722116348
7418 3.205621729565711 0.13783941704384994
7419 3.3122183617395358 0.16094049256357623
7420 4.305104224702078 0.7277690043884713
7421 4.028011396513207 0.5199187947084205
7422 1.3384000819652737 1.034884318089943
7423 5.310996462773673 1.502750616778012
7424 2.3535465717427377 0.2924106476581837
7425 2.2209171317686227 0.3654578205947798
7426 2.690214951280695 0.16495217833881015
7427 3.088373902815135 0.12906712458410585
7428 2.9336645007322932 0.12832251297345043
7429 2.9867119940386746 0.12715087395802904
7430 3.214930252738695 0.1466241803601227
7431 3.2224849184819697 0.14857700213119207
7432 3.4752690521947156 0.2202103444026161
7433 4.101080407591269 0.5795173633425597
7434 2.7647543073191567 0.15306275648914425
7435 4.8737803468413725 1.1981022485596953
7436 2.7192496101852845 0.16394630460550563
7437 5.732038789002073 1.715788776967218
7438 3.592194913412395 0.2727531877089746
7439 5.5725210654696475 1.6532886199502237
7440 2.564037809957901 0.2117189827269207
7441 3.1739475261571566 0.14672386975618157
7442 4.265675040705387 0.7098546994621557
7443 3.9301746406545335 0.4664392286915317
7444 1.172582245597944 1.1843390715365583
7445 0.6366436890464605 1.5646388677783536
7446 2.9908171644220944 0.13738665134401473
7447 2.3963541691901415 0.2854380857087996
7448 2.779853607709704 0.15871786476492344
7449 3.270819200137438 0.16918132126420726
7450 2.8305421785798015 0.15175873433356224
7451 5.010141589607367 1.3126565676427708
7452 3.093548440458901 0.14457118005286962
7453 3.3227031757975545 0.18411759996832677
7454 3.4317216909142236 0.21779213128746655
7455 3.2404230227332147 0.1664966425633072
7456 3.9402992900103735 0.48099112662916077
7457 5.05901871830359 1.3524824941672797
7458 4.299310559451028 0.74598999684534
7459 5.980238053001334 1.7900742201821809
7460 5.269521326073562 1.4990113127153095
7461 3.1077156418058287 0.15123998398596505
7462 2.443664359992126 0.27298509626651013
7463 5.919834663813896 1.782169477502999
7464 2.543936009408018 0.23364152407724958
7465 2.509281520538452 0.2474462948678734
7466 3.6310340258585554 0.3080878393359443
7467 2.375361718196591 0.307836385014003
7468 2.8005236613190054 0.16738947191988496
7469 2.887265794929571 0.15675522120813956
7470 1.6691217896442399 0.7897436855782898
7471 1.5077199869509763 0.9235705607564216
7472 2.434148464821212 0.28339562380011885
7473 1.6287531057216043 0.8245855777616389
7474 2.521576651927576 0.24823299330403026
7475 2.536503747848621 0.24319910505096398
7476 3.635023148317637 0.31616715676996465
7477 2.4368630109957032 0.2852873257461007
7478 3.220111569789159 0.1767991317575408
7479 3.078008965322052 0.16006629578813725
7480 2.947965400685007 0.15937666673010198
7481 1.2559458351456727 1.139349851628349
7482 0.1801401172701411 1.7792262651131172
7483 0.7359308068055186 1.5279850141281304
7484 1.0005831996839807 1.3436972109988525
7485 2.8243610490278637 0.1742202419975153
7486 2.7663024930142965 0.1846891190303359
7487 2.5952256737999653 0.2300589318145645
7488 2.4066881094910144 0.30593138957861155
7489 1.0549842035525845 1.3052346361107379
7490 2.827518757509446 0.17688435546392411
7491 3.123477415736983 0.17128136163072483
7492 2.952722634128213 0.1666523633117175
7493 3.242894903769243 0.19042386075884954
7494 0.454324955165848 1.689403284849928
7495 2.8923934872641963 0.1724475012248956
7496 0.2822890911650354 1.7584022122684884
7497 5.2922535808597395 1.5361721086337314
7498 2.825796788814846 0.1821456740132833
7499 3.3057058471776974 0.20818378342001453
7500 2.0120350045576805 0.5466612223987298
7501 3.454206968824039 0.2547358033138424
7502 3.0106792864260234 0.17199925624377754
7503 3.0342861046121326 0.17304939878416803
7504 3.7398045358375467 0.3881740054959816
7505 3.0831351497249697 0.17664335884983506
7506 3.150457163014944 0.18371180193435277
7507 2.977291720465768 0.17534219378642846
7508 3.2247402548972337 0.19636752307666872
7509 2.6759536307010543 0.21989398405522897
7510 2.779097254249231 0.19736726401648985
7511 4.502896635954175 0.943190381728585
7512 4.717386850389527 1.1197543576340514
7513 0.21727637128430757 1.788913716718286
7514 3.190143053009458 0.19429264556753467
7515 2.7819394889910236 0.2000217562802229
7516 3.734689087812834 0.3928919937696582
7517 3.2426290562383002 0.20546397958200702
7518 3.217650596718662 0.2014089159174447
7519 3.3390887179878046 0.22949245416024155
7520 3.3745069690445098 0.24030814314467341
7521 3.393413900021995 0.2467712986327325
7522 3.3829043330949906 0.24413246495525254
7523 3.799842744068382 0.4344592725321643
7524 3.233145565904381 0.20807047120362054
7525 4.447034210071143 0.9063380665337182
7526 4.507238517172634 0.9562044104554492
7527 2.7543962527053862 0.21295936721485598
7528 6.26471546967259 1.8418028082765758
7529 3.0210928856380526 0.18925173579010623
7530 2.8279835835560694 0.2021389753938294
7531 3.400716164526707 0.25546021926724694
7532 4.123357233425973 0.6569825999767271
7533 3.5983882893115378 0.3344861224205331
7534 3.531809512668921 0.3058183327024794
7535 3.9219218793038113 0.518052840234357
7536 4.5255061585162215 0.9775462184972126
7537 3.6587407018841698 0.36620271646261204
7538 4.358014106390568 0.8425614988162801
7539 4.652463595352169 1.0837660370082134
7540 6.087926205213602 1.8520027016484817
7541 2.8450795597633687 0.2068881744699118
7542 2.3906800740167102 0.34790741589365437
7543 1.8876219865723463 0.6645677969645192
7544 1.2440223810328246 1.1893515962841643
7545 3.4078517536458137 0.2667490553626386
7546 3.165571318203696 0.21117619640844043
7547 3.8498310416459143 0.4799207376468555
7548 3.929767774108434 0.5315277200572832
7549 3.9232495349853944 0.5278941961339959
7550 1.3132666996704156 1.1361566496491757
7551 4.878861386734674 1.2741034317276543
7552 4.377845768509623 0.8674846166561434
7553 2.8459161739164953 0.21455714025297012
7554 1.705893423094112 0.8135848614424719
7555 3.839312289648199 0.47862375584919725
7556 3.7381509903843395 0.4203670958959368
7557 2.2327466662681514 0.4415196632187929
7558 4.991273236693793 1.365380635183118
7559 0.5742435602717583 1.6715126962591444
7560 0.22062651638883565 1.8182772258983757
7561 2.4125411702211847 0.350001796378155
7562 1.6481380497885687 0.8657135497431807
7563 2.0882441149054607 0.535422527877988
7564 2.167255193144639 0.48543494215215544
7565 2.37795062999853 0.3690764730407935
7566 3.050988001643276 0.21406285000365255
7567 2.586562444975935 0.28423419316367526
7568 2.5102424651173383 0.31272223768813434
7569 3.069795546763022 0.21694861545681987
7570 5.519821017794881 1.7105006615948715
7571 3.569120907444932 0.3457918085280931
7572 5.239017802540893 1.54993584052726
7573 3.3270454634487305 0.2610900736609959
7574 3.831427152959065 0.4861862205637878
7575 0.07416278447191207 1.8607334425450537
7576 4.099316164286334 0.6677021462677615
7577 1.5327686107510012 0.9708917360814605
7578 5.818496693139946 1.831270715000015
7579 2.4750386112397407 0.33429401199653586
7580 2.4886658494954683 0.3293149110545174
7581 1.4019045141138662 1.08281752647487
7582 3.5511355260964796 0.34516533311020603
7583 2.7733875469265437 0.24575453859019158
7584 2.868266716825901 0.23226028287973455
7585 3.571235110188118 0.35593510113257754
7586 3.36274681603228 0.2795848347195723
7587 3.9067388032263017 0.5419272826101489
7588 6.080855472816198 1.8829584842593095
7589 3.1738924041372716 0.24049704219563128
7590 3.278028887890979 0.2603121139278961
7591 3.3051753296766577 0.2673902859398597
7592 4.08078450402715 0.6647547142076182
7593 5.9879017698751795 1.8766731418328262
7594 3.6465297910120786 0.3972668506918702
7595 4.145849914875429 0.714621370500173
7596 1.814689562719069 0.7553644252830083
7597 4.133200191965574 0.7065211239267144
7598 4.831228708651246 1.2671029507631686
7599 4.8785657717824025 1.305263305117888
7600 5.528023197884825 1.7343188028786047
7601 3.8622941436022686 0.523000420684188
7602 1.762212101299117 0.8005588176563001
7603 5.29705282627543 1.6075079722827792
7604 2.6150709073480773 0.299612310762417
7605 0.913949818588469 1.4864744928003377
7606 3.1020137739720712 0.24377303108850246
7607 2.7981888112885573 0.2574010620548376
7608 3.0830693721758773 0.24369465517519584
7609 2.3606095832935425 0.4070115988723092
7610 3.08412237115795 0.245113617918145
7611 1.9941231811134943 0.6320359382580527
7612 3.001638030331902 0.24364851983077818
7613 3.771614010095368 0.4767914616517782
7614 3.823719678945291 0.5080685898763201
7615 2.321016832099522 0.43137824295175276
7616 3.3884525596794313 0.3073941626148168
7617 4.939241871430793 1.3645767728255112
7618 3.94105731894833 0.5850698033723458
7619 4.432171788841057 0.9555899361975395
7620 2.3537991826750715 0.4179094040385596
7621 2.8002808706882196 0.26653870248547407
7622 2.9389029045997517 0.25206414452864745
7623 2.8563489204044235 0.25986481020740204
7624 4.846615681674693 1.2967585899993557
7625 5.563688686668879 1.7680521692185573
7626 3.5886903859280443 0.3912493364969283
7627 4.150705467014718 0.7396977806948936
7628 0.46482406687505917 1.7725544162609541
7629 5.735327457826615 1.8397942869712343
7630 5.512285995571571 1.7467957216205674
7631 2.080453713152398 0.5863866767561615
7632 6.160330573122915 1.9152183410273393
7633 2.939520512892177 0.2595461904950065
7634 1.5210248437317901 1.0193334862244694
7635 1.2062394261402352 1.2812670521529135
7636 1.647595385634745 0.9161312502732173
7637 4.5170847567225465 1.0371891643431015
7638 2.5239740394881265 0.35458847480604205
7639 2.5102557686442735 0.3606081697385831
7640 2.923755704427366 0.26527502697798977
7641 1.5866699329039866 0.9696932685982244
7642 3.0724844848328705 0.2661890613404342
7643 2.4991190366694753 0.3678041460156207
7644 3.018710461188876 0.2656218093471836
7645 1.9792033402143483 0.6660296345002508
7646 3.0246777536995655 0.2671014360330134
7647 5.062031199938448 1.4773049781783274
7648 2.4998734705874552 0.37097110336571126
7649 3.5964424411446902 0.41054286140626617
7650 3.161844620221369 0.2802193034106276
7651 4.15895935598036 0.7622817697552338
7652 5.03278984407391 1.4592130977547138
7653 3.619921646925807 0.42431939501112514
7654 3.570789911004058 0.4023911566059948
7655 3.9261707266274786 0.6005044553015025
7656 1.8088177124446452 0.801172748809622
7657 1.2879954060313341 1.2295738798037021
7658 0.6973099916795547 1.667890214457755
7659 0.2752347173554202 1.8687763051291193
7660 3.307727109645908 0.31495921804294846
7661 3.9539743094216036 0.6230769529919282
7662 2.702782554920262 0.3149366157238449
7663 0.09220926260714292 1.9175121205440437
7664 3.272593669011697 0.30950206857902907
7665 0.5209741267086484 1.7711885188323566
7666 4.501102621901593 1.0440457438314694
7667 3.300477994050321 0.31806501104959073
7668 3.6441326909236924 0.44648607310695654
7669 3.986355876405355 0.6505529563782756
7670 2.733789550025165 0.313337751005779
7671 3.388781104503235 0.34534637743023233
7672 2.6077147515049233 0.34886070876918995
7673 0.4873560503502001 1.7933077430384456
7674 3.2876876960849266 0.3199349059940443
7675 3.3425749814578074 0.3345949219129556
7676 3.3409439724350025 0.33485013363170735
7677 2.8584898190281143 0.2970986835499664
7678 1.7069581148692021 0.8974513584853934
7679 5.26049704768552 1.636380310479345
7680 4.4536150194534505 1.0149952337471888
7681 4.290564133742755 0.884639577119067
7682 4.392278630306902 0.9665961832026196
7683 4.75924286299677 1.2673462100074995
7684 1.0054039529795058 1.4738610172167055
7685 0.479957531085321 1.805358869210142
7686 6.074351180996179 1.9498374221731365
7687 3.6774231421675885 0.4766140110825512
7688 2.348205439608504 0.4682650816628331
7689 3.46626610493087 0.3844139294583673
7690 3.2014517222620387 0.31415267128655544
7691 4.438110516823192 1.0101165914791048
7692 1.4772942762899253 1.0967376173172123
7693 5.26486115231567 1.6490739161933976
7694 1.8357380343576535 0.8073565249632085
7695 6.229400508184242 1.9573423691254204
7696 5.548544845015653 1.8103339092596267
7697 5.868906544811155 1.925855649790089
7698 1.4379098857534083 1.1339793260353765
7699 1.509130659564118 1.075219006956273
7700 2.726892180460122 0.3362412845907641
7701 2.804584513695501 0.32182787319838546
7702 2.6534463118398057 0.3564450373781225
7703 5.8703714841741546 1.9305010194093013
7704 2.9559575279392405 0.3087025038860939
7705 2.5998908647893013 0.37497011137153
7706 2.8751409791778384 0.31595553834190016
7707 2.5359381334939415 0.3988413714368596
7708 1.912932473187898 0.7591233099638038
7709 3.2349575151412884 0.33370252152447566
7710 2.9475142076547804 0.31338868487991656
7711 3.1396980889456665 0.32066228515151596
7712 3.3850391172755043 0.37336346720601155
7713 3.141952130894917 0.32236664565895
7714 2.813180027362891 0.3298552069481494
7715 3.55870030802856 0.4402208334183223
7716 3.8004008561150053 0.5652485738099872
7717 3.637301247973485 0.4779657931857596
7718 4.1979103262207715 0.8390321756514241
7719 6.014459931294547 1.9678152418734036
7720 3.941481951355227 0.6565645602829517
7721 4.334299260296258 0.9478487652298241
7722 3.8482173783366767 0.5983736771126774
7723 4.182985794583125 0.8312828978362432
7724 0.4854534126558951 1.8309785158539225
7725 5.9980313044715015 1.970096852456834
7726 4.917085482595891 1.4235727451930167
7727 1.6738316952045291 0.9597896549978635
7728 0.8845703578584446 1.594384285621945
7729 1.3374463625501838 1.2404656646907866
7730 1.3947036840466658 1.1934856620956253
7731 5.723251665330617 1.9076287833506198
7732 5.057851814580467 1.534403030747281
7733 6.020187048386589 1.9787229746153723
7734 2.5229887744893755 0.42350932972485245
7735 3.2479253966506407 0.3551708229523197
7736 2.226345596196657 0.5699352692945815
7737 1.8314621705695247 0.8421152074231877
7738 2.6934354323403515 0.3719896467471603
7739 1.30619427638112 1.27382067297324
7740 3.8091559563560526 0.587903814807066
7741 4.809282500785234 1.3493346393072976
7742 2.9245234526371453 0.33808139585832264
7743 1.8227536078660687 0.8533117803333486
7744 6.016491598775443 1.9864009677113372
7745 2.96492029729007 0.3383671832438031
7746 5.27625624511491 1.6947020986085506
7747 1.7968630638423744 0.8764447801743325
7748 1.0932510267896087 1.4529648562242576
7749 2.5767358766404844 0.41505810812072863
7750 2.259635191902681 0.5612080735913164
7751 2.1154322005959747 0.6496239023253676
7752 2.349273179241018 0.5145887982757075
7753 2.491529253562298 0.4501119777028746
7754 2.428568889582763 0.4779773155970105
7755 1.5313041219432992 1.0980931984289377
7756 2.5946278822105753 0.41426054542267743
7757 2.517437975367315 0.4427907457942939
7758 5.375519669456944 1.7640507098649119
7759 1.665616918834659 0.9903682745800313
7760 2.891747061320867 0.3540712593990487
7761 3.2789571773970483 0.3810722897267981
7762 2.8920410264671914 0.35554691074682576
7763 2.178979187629766 0.6185528639755993
7764 5.184786384210437 1.6478329945467522
7765 3.573406651334304 0.4834876937761635
7766 0.19087495251528164 1.9710192578720545
7767 3.5760014290031306 0.48614448059388304
7768 3.567654755891099 0.48319129622468016
7769 3.9969736473558544 0.7301617023017523
7770 0.8273114647634642 1.6655957454342105
7771 2.5775032532485356 0.4313528282690805
7772 2.4012109720409285 0.5042323859743435
7773 5.808022690721265 1.9657706833445587
7774 1.6143077443795657 1.0437749494947632
7775 5.62198623410008 1.9011987629811817
7776 2.1224504098152104 0.6640078963743807
7777 2.7196692350077636 0.3948919741269664
7778 5.309307410205237 1.739316454729372
7779 3.7295080886940815 0.5715620677147041
7780 2.907804990252319 0.367827089088252
7781 2.5307707776992303 0.4558636789857854
7782 3.921760928908234 0.6894879107895846
7783 2.288145977042755 0.5703541028071556
7784 2.917459942904423 0.370157098578036
7785 3.4419772056965323 0.44624699160309567
7786 4.086161540800342 0.8060769030532914
7787 6.166947172036556 2.0273758761450047
7788 2.511604245515512 0.4686343066232478
7789 2.493693982614372 0.4765668668197969
7790 2.4207289696799252 0.5089224603428605
7791 2.264552840960554 0.5896055630419929
7792 4.22167772060786 0.9121544003480828
7793 3.6379422985680536 0.5348101552937875
7794 2.6239840110994157 0.43380194521339277
7795 2.703942084188057 0.4124460364723773
7796 3.6475538421833553 0.5418307540059295
7797 6.06578427548647 2.0313083867392514
7798 3.5226478782524446 0.48685348297861464
7799 2.717278818150838 0.412340007306775
7800 5.135731138881515 1.6411778084449247
7801 5.9137082045094385 2.0129541154979638
7802 3.7154250956353265 0.5814822240071186
7803 3.0731379782215003 0.3837784401377081
7804 3.5200620148596404 0.4904198559203301
7805 0.4689421505927531 1.900017486616064
7806 3.0985011045552437 0.38783971086150915
7807 2.734986238751589 0.4145249522788669
7808 3.816527915605642 0.6435341530444978
7809 1.7896144283061217 0.9296287714524029
7810 5.231444843180351 1.7140454002617171
7811 0.3589064095611949 1.951551078183204
7812 2.1406930434102813 0.680209970891065
7813 5.097302746454755 1.6239158645062859
7814 3.7816641685738186 0.6277044715527437
7815 2.919869103977506 0.39395748754045345
7816 2.4276229150460087 0.5260091483297777
7817 1.6715425255619007 1.0303371166283442
7818 2.2985475051939486 0.5919026529789697
7819 1.1005842677721032 1.5018347771241958
7820 2.057936430648344 0.7408829657641924
7821 0.9059719028733767 1.6501854112329077
7822 2.3480267967488824 0.5690796758906014
7823 2.98744291128401 0.39745970736965297
7824 3.6291809660734415 0.554558099246439
7825 2.2927734610507553 0.6005675630294006
7826 2.426302374073143 0.5344993516294068
7827 2.3663288317908333 0.5638374338442104
7828 3.1890323760038872 0.4155412666432069
7829 3.0692675102385096 0.4038921162256086
7830 3.8359225852569856 0.6723710932881668
7831 3.292675937573453 0.43806183621261696
7832 3.2436732706738822 0.4282521268445618
7833 4.664838857990428 1.3019329137964448
7834 4.022450133013317 0.797796242693488
7835 4.2451290535112305 0.9636212660891015
7836 3.7232758670990775 0.6122418129434299
7837 1.3445907956094432 1.3176580527993047
7838 3.294091598193611 0.44393877092996625
7839 2.155303205986954 0.6924037441983351
7840 2.634379969132494 0.4667706102126715
7841 2.763005596262948 0.43548891141166335
7842 3.3308234288166227 0.45634699932935396
7843 4.253594062610366 0.9765289381427937
7844 3.3501578565863737 0.46322039396126957
7845 3.969848736587887 0.7703229192378134
7846 4.9963484347561025 1.57543427942923
7847 5.42701530492371 1.8617736104127642
7848 5.168598303319369 1.7015512732218219
7849 1.0044693200369443 1.6000111517626432
7850 1.861646786408866 0.9066091304692432
7851 1.3891820499232062 1.291779422894175
7852 1.1113183659034855 1.5197905351116363
7853 2.235939895153884 0.6549746786374112
7854 2.741716073231721 0.45033043335850054
7855 2.8151955833114295 0.43751363567727874
7856 2.9212156276790555 0.4264550386945577
7857 2.5735180369359045 0.5001676573476777
7858 2.7925035760593357 0.4436791132836616
7859 2.47896050639472 0.5379839747851757
7860 2.979650849561124 0.4271199124647068
7861 2.5917649795897533 0.4972043302376229
7862 2.285154041094429 0.6344729371877653
7863 1.7711439354975604 0.9874135071111321
7864 4.566386736174867 1.2457348360992266
7865 1.181307735308786 1.4744776304601628
7866 1.658096239361342 1.0807114316569961
7867 2.8249973257535737 0.44576666012260524
7868 3.521828163862483 0.5417947772904423
7869 2.3108395645020043 0.6262826845329421
7870 0.5953128542789461 1.887846669038527
7871 0.8560357954397995 1.725734104259033
7872 5.493882928812748 1.9173864505988467
7873 0.770733249020887 1.7847803263002955
7874 2.4142527445634956 0.5787759561774124
7875 2.9097593223402876 0.4427530735250059
7876 2.315178032215417 0.6297287291108662
7877 3.304294040899 0.47783512946373075
7878 3.66872996794395 0.6173425635335237
7879 2.2704862430741444 0.6565624563913102
7880 3.1067312551758244 0.4476015627309049
7881 5.550011259500499 1.9523165747521487
7882 3.5642330950313554 0.5711588991412742
7883 3.7522734349257703 0.6660534831106469
7884 5.435701050216171 1.8964640537999298
7885 3.298950401049631 0.48310966651506515
7886 3.3126613550084705 0.487303065894098
7887 5.274608903855497 1.803408723218007
7888 3.8700177447614093 0.7400505696579358
7889 2.711629100209247 0.4858356639817165
7890 3.0831622312077287 0.4540763909485688
7891 2.5752722947571556 0.5274926355271445
7892 2.9414484887175423 0.4547348977840152
7893 3.3742788812766915 0.5100378929037885
7894 3.8584435179850813 0.7377880732295241
7895 4.0213060964282965 0.8462222616052801
7896 4.048338074425092 0.8660896680451948
7897 3.719291511165141 0.6594691218391054
7898 4.27446744468182 1.0374026070127322
7899 2.634987283246283 0.5148705759287533
7900 5.6098339271447495 1.9950867275756448
7901 5.759278407852286 2.0524820705495266
7902 3.750592815902409 0.6808128061430304
7903 2.0952773311353217 0.783652900339029
7904 2.0659010793436794 0.8040960119673821
7905 1.1493258928100478 1.5334780703462536
7906 4.284081495166406 1.0515993002013206
7907 6.2332613472198775 2.1215217731091123
7908 0.5769449527802358 1.9294784152955042
7909 2.9990939965223573 0.46735202813165666
7910 4.928926357966741 1.5760406677136072
7911 4.671750687355582 1.3708451628766223
7912 1.0468338243004418 1.619934464772763
7913 2.3125645779809743 0.662076695007764
7914 1.7503667298350827 1.0464583669452092
7915 3.0875487990162114 0.4753000092744758
7916 2.6506148840207895 0.5246142112584745
7917 3.388676159376893 0.5345020146858571
7918 1.6850541554688867 1.1023343996283739
7919 3.0677985614204277 0.4774839606216509
7920 3.244756102280461 0.5005092130948209
7921 2.4496161422350218 0.6021989541907784
7922 2.534569079643779 0.5683612460569845
7923 1.6264935318750666 1.1544130908165746
7924 3.065411094381444 0.4816117766631891
7925 3.4204264197445413 0.5514964951888871
7926 4.7878771083318306 1.4778931090539287
7927 3.999573700721366 0.85794707642946
7928 2.9340425131717915 0.48549974147248187
7929 4.584016386835434 1.3139759959959378
7930 5.017831370831051 1.6606107490794666
7931 5.9274095926229995 2.121290061305709
7932 5.21122597160214 1.7996767237005924
7933 1.4008027197391755 1.3507726470005463
7934 6.243454800262655 2.1438442569776517
7935 1.6174850670544902 1.1721738901579841
7936 0.3387611242402941 2.061918588400143
7937 3.5146891699253233 0.5964772188106413
7938 0.5409458419082195 1.974073762521542
7939 6.278402396514088 2.145297396897514
7940 2.719443054749217 0.5272341906449293
7941 6.104034069662765 2.151204453807927
7942 3.5989575353097276 0.6372036843600184
7943 0.4760963621523773 2.010284424307816
7944 2.611868213830155 0.5604275168414774
7945 5.7225069775637465 2.0774335829164547
7946 0.01308751855817647 2.149513032004012
7947 0.4915740273768452 2.006425549665214
7948 2.893594599230116 0.5057891716322475
7949 0.07212082147593893 2.144146491421277
7950 5.533112884750401 2.002373344220531
7951 4.2849233589221996 1.0904660274032627
7952 2.4746671191860665 0.6182374350744602
7953 4.323519562188661 1.1227277211880562
7954 5.862935924604001 2.127093085943203
7955 1.3121667026255135 1.4437879610289377
7956 5.943798669597991 2.145955846456851
7957 0.7469021737061269 1.8717072119132008
7958 3.958052289027179 0.8563841877689983
7959 0.5947350574688705 1.9638885782627193
7960 5.44539753139995 1.966082856189142
7961 5.7092332023235235 2.0866283680648907
7962 0.8898428202917781 1.779692017363684
7963 1.1196251642619572 1.6073722285626897
7964 3.9618650340881634 0.8641811271848996
7965 4.156846546518761 1.0041022729736766
7966 5.389869434199389 1.940380857634966
7967 1.3993826572800736 1.3818233866257594
7968 2.6893332383120043 0.5591677165458007
7969 0.867944970875462 1.8013291810200491
7970 1.6608094371600892 1.1674872549290036
7971 4.4555138875721525 1.2448950600857414
7972 0.9915152678593189 1.7143285707764109
7973 0.00797824131220537 2.173802313862569
7974 1.7066895092594052 1.1338631049361376
7975 2.6431340089458852 0.5781516521997295
7976 2.041755254467835 0.8831672767681623
7977 2.6642445381147892 0.573898552950547
7978 0.6248867694340022 1.9639822788718302
7979 2.2997648360266116 0.7265677936746456
7980 2.3984879011799363 0.6772440230931724
7981 6.108662036711922 2.1865726987848952
7982 3.297645528887471 0.5659797941683766
7983 1.6459346850413856 1.1913110470139632
7984 1.826517903238403 1.0481174780148068
7985 4.845026242664379 1.5748593030364657
7986 2.359324026874884 0.7017895085819041
7987 3.3691383657129674 0.5895106416134235
7988 1.3803785188908206 1.4165645236364368
7989 3.8799886954193243 0.8329529255719809
7990 4.4734468882771 1.2763800770521283
7991 1.9667617010021587 0.9495073546872743
7992 3.3891972463140343 0.6000569010541131
7993 1.655634638775714 1.1924526505598845
7994 2.940476477555242 0.5432120660178291
7995 4.915048974700175 1.638909794324828
7996 4.636167172528843 1.4153379144362908
7997 0.4071401414998487 2.0890089203687108
7998 3.4777274684296544 0.6358168618024567
7999 3.524889021874236 0.655238784168175
8000 0.5940867588866281 2.0010624079216752
8001 2.917487972306153 0.5510071918942686
8002 1.7872184250883607 1.09513941058633
8003 0.14700137943880742 2.1781285910874315
8004 2.4732468560363934 0.6654185940261194
8005 1.7424455187412786 1.1333386893220903
8006 3.003119303623811 0.5524132739636669
8007 2.364322734141851 0.7184127330895487
8008 3.284199661385983 0.5863194664464646
8009 4.218863518848029 1.0904802004479084
8010 3.3641423680953766 0.6088680481005166
8011 3.0907964221507087 0.5600514397799257
8012 2.980969680383116 0.558144014093565
8013 4.553720658810476 1.3629614540453578
8014 1.3422793847350138 1.4721516012094331
8015 2.8028469501621904 0.5775484933254921
8016 4.398919799774127 1.2392731909088772
8017 0.3728523245131429 2.121339457521996
8018 2.8514140099959637 0.5731863630963998
8019 0.5086038719191439 2.0629806630899603
8020 1.4839056363772185 1.3595036163647676
8021 2.5771236737940617 0.6411575329734582
8022 3.205135018985171 0.5836678198297159
8023 2.3789215542547955 0.7260070361667806
8024 4.716833899834089 1.5068255797481338
8025 2.547749877541844 0.655360148437922
8026 2.861459153941133 0.5793735109918899
8027 1.907842803479853 1.0259197081536975
8028 4.565415146557182 1.3863380673862111
8029 0.6212075727249121 2.012827603756921
8030 2.782571733718915 0.5950254705690076
8031 2.6896940577509145 0.6164717055377268
8032 2.6104441403565257 0.6403304689477372
8033 3.2277969380154836 0.5978244642038799
8034 5.358974998230847 1.983825353090137
8035 4.938926529206345 1.6939743082848477
8036 5.199079027738076 1.8841782037206518
8037 2.8160692624103096 0.5959026888298162
8038 1.362287670096552 1.4779968831843664
8039 3.0126729480526673 0.5830259552871103
8040 1.5907691631298368 1.289451119937782
8041 1.11863391713927 1.6797592538139112
8042 3.2462726695844544 0.6097728170620874
8043 3.498094896311764 0.6850969605066601
8044 2.8950795504042968 0.5927320966616989
8045 2.1847499360680778 0.8539081727343282
8046 3.260454176782187 0.6164236400162193
8047 1.4870898168065634 1.382325891469914
8048 3.3383927820245347 0.6369813377095296
8049 3.5125505401061483 0.6964663190136741
8050 0.8922239410792567 1.8590075942033586
8051 2.7450101394464497 0.6223036855085251
8052 3.0708095306411933 0.5970828172571535
8053 2.190722028123421 0.857903926534799
8054 6.040336371475191 2.248910879426184
8055 0.41623165657701316 2.1393271521831547
8056 0.7373837486798377 1.9688663409955707
8057 6.239934812253675 2.2556029609978485
8058 4.831289442351711 1.6310038888971752
8059 1.5323355741517077 1.3561195735400342
8060 2.04169794502164 0.961322190219798
8061 2.6147342116039907 0.6665093664281884
8062 2.7827227421850287 0.6253389568276513
8063 3.2205609379926616 0.6249168182137428
8064 3.448494981494397 0.6865829868655424
8065 2.670507786488943 0.6538925445459115
8066 4.388336845929903 1.277459492146772
8067 4.359576426613955 1.2552805819493558
8068 0.16446566958574985 2.2352687457492637
8069 0.7072110670026394 2.000253687407036
8070 2.577761693838952 0.6874549694808584
8071 0.2527570659811417 2.2144857803654956
8072 1.9365591316174582 1.0477282785677948
8073 2.325454602895292 0.8007769502010291
8074 3.4490706641981967 0.6964137362910907
8075 2.572556068422187 0.6941267043052749
8076 2.8397123052866373 0.6297524363170017
8077 1.8226234777179022 1.1386559010323682
8078 2.8086869934861505 0.6363471791689306
8079 3.4835037608542962 0.7138841639295289
8080 2.141066419663186 0.914990993340236
8081 2.0915029202073687 0.9481615092915803
8082 5.096691502707895 1.8564959799006533
8083 3.2839437869320167 0.6570689846841348
8084 2.2044299788599275 0.8797400782581933
8085 3.5169701757555627 0.732822992874118
8086 3.2235818252784836 0.6477467044442062
8087 4.373065484214628 1.285420571830128
8088 2.264296070390411 0.8488211212723482
8089 1.103136195908862 1.7385659102143647
8090 3.148721764307121 0.6405530869416077
8091 1.9365097806975216 1.0664667824246081
8092 2.299491949613469 0.8333129999020799
8093 0.08179278188913769 2.2762441015634467
8094 2.5887575152328806 0.7072445520151666
8095 1.2949580032209869 1.5892997551146255
8096 2.766339697219106 0.6616691657301629
8097 2.5685117847015575 0.7172092630820212
8098 3.6001414103226907 0.7815601216357967
8099 5.999688425015095 2.2878242465801972
8100 3.1198336796802013 0.6473681564937435
8101 4.784665154796319 1.6352124156189938
8102 1.8952200299960194 1.1080808191490115
8103 1.8099078260559345 1.1743388296090074
8104 1.807823532806881 1.176967877113026
8105 1.7192162421381392 1.2481530972864354
8106 4.863394833169212 1.7030721765716614
8107 4.605305080339357 1.4947507816545313
8108 2.478308435452934 0.7630738875352774
8109 2.4752194430394496 0.7653799951237942
8110 2.2269048214139384 0.892320001204501
8111 2.6398384797024703 0.7080077897298178
8112 2.5421583991059036 0.7417940976967013
8113 3.192666529767141 0.6693860105130753
8114 2.490790026078282 0.7639404519996873
8115 1.5792612711693061 1.3726177808460038
8116 3.4415240804756873 0.7351752141145088
8117 2.6905575835237814 0.6999653350015635
8118 3.5372744843805357 0.7738684581165782
8119 2.6819558236689423 0.7042407529106907
8120 0.7246427885206693 2.0401968299144246
8121 2.0407365011858842 1.0225089540291945
8122 3.743569642752721 0.8783812698942647
8123 1.9127733543201586 1.1162483021681409
8124 2.2625390969545998 0.885999294934798
8125 3.010590195298471 0.6671231863660066
8126 3.2531741927866973 0.6932920852665203
8127 3.604442158624081 0.8125755038464422
8128 1.8699254871275672 1.1535702431417492
8129 2.3976966047475785 0.8205661520980692
8130 2.5459086231213903 0.7587129092588916
8131 1.3465338124009096 1.5830416226838524
8132 2.3643354936699206 0.8399414841505238
8133 3.3322611892002336 0.7189008709251246
8134 3.2705449657996013 0.7050855291909648
8135 2.7537810379596728 0.7036174486542411
8136 2.594199501563805 0.7478959826401207
8137 2.939426737833418 0.6812301361234254
8138 0.5191673168516169 2.174395409796649
8139 2.802607701088344 0.6985744430390564
8140 4.190626438041741 1.1952301710577031
8141 0.8065540016353758 2.0088127335867387
8142 3.6102273158929603 0.8305960278083682
8143 4.504146875316107 1.44798105181538
8144 5.396343975376019 2.113241754739139
8145 0.20633152425343074 2.3020300850478255
8146 4.962739712996376 1.820885428759386
8147 1.6141938593473464 1.3767824086488185
8148 0.1287214230131818 2.3233928728136966
8149 4.087953684174633 1.1281747122125563
8150 3.195720031916767 0.7076761246450275
8151 2.9478541127609335 0.6953026312544022
8152 3.603698428894332 0.8378963532415685
8153 6.116235153646394 2.3529875112651326
8154 4.307548758947473 1.300481752708462
8155 3.6386126005923702 0.8575985625091993
8156 6.086185934277122 2.3545537982266462
8157 5.674168338359376 2.2608689417003904
8158 3.1954547825466495 0.7159877681749144
8159 1.6718568612531448 1.3422087688151498
8160 4.4394833304929024 1.4127509175775952
8161 2.231536701405727 0.942322212421977
8162 2.2894578101066485 0.9105448229344736
8163 2.5818756967910717 0.7802745650339629
8164 1.701687709673146 1.3233353426356504
8165 1.8789689115276145 1.1854278553585984
8166 3.066362643418286 0.7111398103080498
8167 3.400474376106377 0.7740598352042696
8168 3.6723441555264578 0.8880052499542301
8169 4.072972707527498 1.1382245464689018
8170 4.391368725577089 1.38423686273268
8171 6.2195173516269655 2.371661277856515
8172 0.7492288063541499 2.0789831267393044
8173 4.428677462570786 1.4176132377301118
8174 5.271311658360382 2.068740933417794
8175 6.1600403451472525 2.377167128817757
8176 6.004975563521585 2.367719090789862
8177 3.9440011615764146 1.057507453227242
8178 3.1512804014169085 0.7310836712929286
8179 0.3839883180693857 2.278520986795544
8180 4.0494721584687365 1.133090849778859
8181 3.340855289287724 0.7714153382838346
8182 3.8174835608529007 0.9831437569062564
8183 4.5050762658481815 1.4905933010522447
8184 5.770211377995775 2.3233522024375977
8185 3.1234498034386147 0.735587636902294
8186 0.49318041612997887 2.237926524563895
8187 1.2782044439737223 1.6989825481221643
8188 4.370191623817948 1.3863102297074656
8189 0.8156662207811984 2.053778747091012
8190 1.8976173587859095 1.1983362328561986
8191 2.188405314568146 1.0003337429891896
8192 3.8318992247676937 1.0025244941493834
8193 1.1396143336087758 1.8180209536842664
8194 3.6930522204735174 0.9264348091026006
8195 2.856424012642477 0.7501093345292157
8196 2.654273984927148 0.7929311899284593
8197 1.1281031128401326 1.8315602379307965
8198 1.0445706653850606 1.8979377153556993
8199 2.7713334700844134 0.7680201607210245
8200 2.9545325094594723 0.7473458768946328
8201 3.138991754859653 0.7545469107926592
8202 3.015443985694862 0.7484390799376248
8203 2.690427207330035 0.790730685315335
8204 2.3809667099736163 0.9084389058595095
8205 2.254461340068683 0.9766773065159315
8206 4.203803522931456 1.2750544326673503
8207 1.9666652926570423 1.1662274018975352
8208 3.1492315989622366 0.763388498535591
8209 6.266336178389251 2.409808390946798
8210 2.6322629072404 0.8148485183195193
8211 0.4354608857095773 2.291859355025331
8212 0.4013393006185667 2.3075228164930124
8213 1.795558098290392 1.3020158176999959
8214 3.9603783024276797 1.1084350896324064
8215 3.646856217967418 0.9259868500481666
8216 1.5183433973646894 1.530993757677603
8217 1.9056053216456847 1.2222160030152633
8218 0.9057107230873868 2.023309717823921
8219 2.293925971841017 0.9702066794067474
8220 3.432093747255928 0.8418633868218433
8221 3.118980890807139 0.7746205527443947
8222 3.0648151757972952 0.7719313359572055
8223 3.0848539661864507 0.7741751093415997
8224 3.403112335838901 0.836776652367284
8225 3.103243432191647 0.777738292944971
8226 4.6842957958165234 1.6845966048424417
8227 2.275946335125105 0.9891357467761117
8228 2.638956490239952 0.8329496359843525
8229 1.1331236400328846 1.8633090190499582
8230 4.138239504427334 1.252151946343456
8231 2.21711566412338 1.0275478033629968
8232 3.7908034462071347 1.0222003654775058
8233 2.8106393950055972 0.7988745360265173
8234 4.2022997948064615 1.304907061063377
8235 2.815076192086719 0.8004297749893389
8236 3.5639694509825297 0.9110028777382673
8237 4.124513973663745 1.2498467291396833
8238 2.792477618002666 0.8076307415984808
8239 0.867356271073281 2.074195825846472
8240 2.7057145993579943 0.8283153955549223
8241 2.06123674788509 1.1383182793861266
8242 1.7530463400263292 1.368443104236604
8243 1.6127744962746484 1.4833502802009557
8244 2.3648630609872154 0.9614367097733388
8245 1.865134627484169 1.2845568391472124
8246 3.4747202111534095 0.8863223281724648
8247 3.2649853116485934 0.8261769548506972
8248 3.1782538313571873 0.8120716831172295
8249 5.116602314426581 2.0463829810794967
8250 0.6072902452038048 2.250541315784637
8251 3.474783455332283 0.8920664165221558
8252 4.518224877662618 1.5775574264750494
8253 1.1433885824433858 1.8827069018316007
8254 0.6638228604802331 2.22285946258966
8255 4.749390490583546 1.7704253812449997
8256 2.490700685753448 0.9178412119358136
8257 2.5163804113611414 0.9086674028167882
8258 2.6146320434355785 0.8748364119277536
8259 3.9701130402351317 1.1656887866975227
8260 3.62334738715774 0.9654789553782432
8261 2.726022153534836 0.8476864168471474
8262 3.189181161491896 0.8298196288839985
8263 3.133988562501904 0.8239713670367727
8264 1.8085884901687959 1.3502655572149411
8265 5.016876394022938 1.9918846028451116
8266 5.656940259379127 2.374271342306238
8267 1.6382861238728241 1.4903570012277332
8268 4.192398039410868 1.336209958247209
8269 0.05257866522986092 2.470338001137136
8270 0.3336469040455401 2.4002234195183885
8271 3.3136718671814345 0.8651642928985059
8272 3.4957722206824955 0.9243720637020192
8273 2.929478096974396 0.8315879311072076
8274 0.7029541374637468 2.2228457135379602
8275 5.035421339641044 2.017369526029973
8276 1.6137861469977242 1.5211623435382338
8277 3.0751927713411438 0.8356778533139397
8278 4.593582501282156 1.6695908679660059
8279 2.271125908676757 1.0521722691515345
8280 2.8677412434090033 0.8454418380762807
8281 2.288149396178353 1.0450951888278792
8282 2.4950245379173257 0.9466891444206418
8283 5.4313268693639305 2.2862948130206537
8284 1.961511580230869 1.2587829585464343
8285 2.0963148366507087 1.1664593071554599
8286 2.5171208868631045 0.9426158527881536
8287 3.074688482315812 0.847532733324028
8288 3.268977205498434 0.8749428206629427
8289 3.482808840322099 0.9395255286238386
8290 3.261054117814452 0.8756671834365601
8291 3.9166777627836873 1.167876461471788
8292 5.955504265301565 2.491380177311844
8293 4.95045071480837 1.9743624860113582
8294 6.2049869950495955 2.5114041221833734
8295 3.200556731615199 0.870606090829079
8296 2.7959017458259163 0.8750537854188252
8297 3.593144747207818 0.9950555852179049
8298 2.8494686939721396 0.8692823444943473
8299 2.658390544339724 0.9103468073789337
8300 3.461634230519953 0.9449091802020014
8301 3.622290564051046 1.0134217308293265
8302 4.201953186200281 1.383735748177758
8303 4.225197243359796 1.4027645183208772
8304 3.650996641997487 1.0309456513193467
8305 0.9972514356526024 2.0582014826804294
8306 3.0435513143288278 0.8691385448315132
8307 2.217775255002414 1.1168657225824963
8308 4.733030638520018 1.8196123110127362
8309 3.7047565366835022 1.0644798732175051
8310 3.061972733781994 0.8747089947968301
8311 3.916729205107531 1.1920135877923919
8312 3.9305748557148736 1.202251455684653
8313 4.412799436429608 1.5635331358934779
8314 0.47156178663906223 2.3962099262472356
8315 3.089101914719668 0.8823620271247294
8316 1.5653514951005938 1.6098798254612483
8317 2.728767979511846 0.9142980236402458
8318 4.066760855530738 1.3030567204637
8319 2.2037210570998687 1.1401028220384661
8320 3.9232501062804355 1.207264916130795
8321 2.57402220987214 0.9641976082161023
8322 2.401216664239492 1.0370226052030727
8323 4.424938182716899 1.5856276504216846
8324 4.360952185141039 1.5352295200616168
8325 2.146313953845927 1.1831069729970483
8326 3.109466235408142 0.8975121171912601
8327 2.786477409959194 0.9148372749634412
8328 0.32393945172727817 2.474191158260746
8329 4.2260149370549165 1.4351968254509107
8330 3.5699940445253326 1.0251003453575995
8331 3.748149523223124 1.1150566404899478
8332 4.138181386317 1.3724478308643802
8333 4.610099026627889 1.7496684049765183
8334 3.4708774735667407 0.9900854775432546
8335 6.109052458887035 2.561137282517568
8336 3.698958334531456 1.094770043030068
8337 2.99957492810189 0.9070856990467556
8338 3.6462762732312433 1.0705558344668649
8339 4.917692094072109 2.005266941917387
8340 3.5523494211991657 1.029995899711635
8341 3.139204831362065 0.9191878985031982
8342 4.155596289042647 1.3979449699577824
8343 3.9261444832730104 1.237793621128118
8344 3.6853711605480783 1.0977760757093455
8345 3.0035194981881537 0.9171960887605449
8346 1.7252559380264283 1.5169771818676208
8347 5.8899792166200315 2.546254782498275
8348 0.5467623198710284 2.4022365008928066
8349 5.191553780520661 2.2188572155566497
8350 3.048999109265427 0.9242446128298364
8351 0.13130778035480578 2.55741694087672
8352 1.5070790936150227 1.7040031844223826
8353 3.5373573983983704 1.0401782640489872
8354 2.3084971242639094 1.1246748493321885
8355 3.6132710281446294 1.076297750375724
8356 0.5185827013751183 2.426770691100374
8357 4.747384765002687 1.8922756363612263
8358 4.952411353673492 2.056219790556099
8359 3.977649775760609 1.2923904950227212
8360 2.2812249218246254 1.147365027860713
8361 0.598723989007829 2.3914320937781612
8362 0.1071984954162604 2.5762981626421717
8363 3.3998390390124045 1.0027395740171272
8364 2.661188919597903 0.9912854497045404
8365 2.178442952568245 1.2142021293589607
8366 3.8530326546432674 1.2208427057034146
8367 2.4774324668540153 1.06024277046332
8368 4.667331794158815 1.8410840501366978
8369 4.143006100228926 1.4230375672877307
8370 1.1506117196659775 2.021765931008305
8371 2.193963678935282 1.2125698012722603
8372 2.7548563486952853 0.9786784741916401
8373 4.112796298838442 1.4059224625240159
8374 3.3509462977875697 1.0025934202974538
8375 3.5421893218046527 1.0706553157053855
8376 5.181252949848514 2.246607005836344
8377 4.0534038569394575 1.3682763679557468
8378 6.009025913542536 2.6075975930183173
8379 0.5460492860621908 2.443060713105108
8380 1.1083683657410865 2.0685306536353565
8381 1.2952068144316151 1.9186721294482696
8382 2.333950993010052 1.1479156279352019
8383 2.856251402949466 0.9762066753734207
8384 4.2165787673423685 1.498268690015696
8385 4.936866433461026 2.0793222869014247
8386 5.712203291159127 2.5445027368885142
8387 2.958211371787391 0.9729433400905337
8388 4.775535712911122 1.9554073134272685
8389 0.06908359877632014 2.618318215747978
8390 3.637138748426132 1.1333426962323863
8391 0.6695906250077587 2.390774685816554
8392 4.59682381209984 1.8146626848011338
8393 3.796910332061319 1.222717993575713
8394 3.511312290025009 1.0832154286017108
8395 2.9114420620238004 0.9865379898062389
8396 4.490111789041672 1.732386044324277
8397 3.077023876946029 0.9871933715444666
8398 2.6834684899037207 1.0303065013790236
8399 4.63037816199986 1.8515833377156674
8400 3.449202687138801 1.06803679925411
8401 5.316943137697686 2.3682695963750016
8402 3.077415347459385 0.9939720577410591
8403 4.192969257438038 1.5055549955309315
8404 3.388652705993848 1.053546744535741
8405 4.484634216221978 1.7399877204552734
8406 2.5952106408138484 1.0677386834517257
8407 4.487131112704574 1.7447320161038735
8408 2.62839469817703 1.059778580171741
8409 3.0933452880596684 1.0044999074951368
8410 3.6696428330722046 1.1763329861361633
8411 4.729081396770395 1.9485640504004549
8412 5.100568038423733 2.2379786095706167
8413 3.8659560240601554 1.2912767574039625
8414 5.449714543416438 2.4629440684072557
8415 4.271444544125311 1.5823786182353137
8416 1.8030264835228635 1.5487753426489153
8417 2.7848404457328324 1.0334005888191269
8418 2.4109068491906456 1.1586769101564736
8419 3.156503178309414 1.024263841915662
8420 4.661602239803659 1.9056973826481258
8421 2.718147522054552 1.0530848285903591
8422 4.796174636994318 2.017944979922134
8423 6.266934507078085 2.674737913494961
8424 2.3421825457865264 1.2009606600568148
8425 2.8942947230110962 1.0291426823846728
8426 2.789373119948754 1.0450738233428591
8427 2.777878964606185 1.0486108804571792
8428 2.9144378700308753 1.0315766694677766
8429 3.295207447446181 1.0627470086483024
8430 3.930245098785641 1.3556954338499074
8431 3.8617032135492964 1.3134629733671428
8432 5.705142290648607 2.604583044515167
8433 2.0576397993139794 1.3852577775392523
8434 1.3309674120718071 1.96199012329728
8435 2.6993920387207826 1.0773177345679168
8436 3.863216880564151 1.3213877671798766
8437 1.1184898866092055 2.139049474326939
8438 0.6989341895112675 2.4382280883616914
8439 4.448320818063035 1.7571474312563031
8440 3.015716659156954 1.0447314841774338
8441 3.0152589648960015 1.0461471430111882
8442 3.1268093311758203 1.0532253817772805
8443 4.13256728714395 1.5153928329108253
8444 3.722977441452662 1.2513621950791929
8445 2.71779306306092 1.0869838622715298
8446 3.4392213102226594 1.128262716460569
8447 3.8958839698459995 1.35741765801537
8448 6.111268836533109 2.712742219914767
8449 4.788870737981699 2.0498156716938793
8450 3.7916926428705615 1.2982954942234146
8451 4.896519902909276 2.138360414523128
8452 1.5500731207951668 1.8050356550315858
8453 4.450734231046563 1.7789300834733324
8454 3.681105949161938 1.2436250956358936
8455 3.285659223309492 1.0974108127007303
8456 0.4255766031362165 2.606781349929415
8457 0.9832714096314769 2.2718258309771477
8458 6.071449074949264 2.724598138247134
8459 6.134713893303934 2.7294499997684993
8460 5.147945536245437 2.338831737730602
8461 3.116741909265073 1.0795636472480536
8462 6.097004031200701 2.7321720223926924
8463 2.061890616630867 1.425576104569031
8464 5.3860979764807135 2.4976776115170694
8465 4.157899139564606 1.5657090001926084
8466 5.6222114763946065 2.620070434452339
8467 2.7757698169723146 1.1062880487116569
8468 1.8576782963231506 1.5809435789688657
8469 2.8924846233147483 1.0922588829148765
8470 5.988671010932235 2.732645497486877
8471 3.7627762566076095 1.3121104942240231
8472 0.6704419053517399 2.504656936991502
8473 3.2682052866651086 1.1197964176349475
8474 1.178451188294604 2.1450461760012423
8475 2.216452451565937 1.3445178632074435
8476 3.122019683609063 1.1020105501673867
8477 2.636078685887911 1.155833347303154
8478 4.0076604897899255 1.476440992028099
8479 2.1759113745538072 1.3751179185141127
8480 2.805097018262295 1.1201832659316877
8481 3.667971132095418 1.2762961624375948
8482 2.025806307574376 1.4785966182574084
8483 3.167616059343166 1.117459919810213
8484 3.87340698688444 1.396959109018486
8485 2.6256395391917815 1.1709960303518798
8486 1.704648255394586 1.728383946248795
8487 3.932801197218212 1.439417413167627
8488 4.999799403736812 2.271850703919552
8489 4.564983121138338 1.9250124411246075
8490 3.336531465029215 1.161300804155319
8491 4.045527558603773 1.522168861010516
8492 4.360415744786164 1.7629114833444994
8493 5.859041599249488 2.7409019284187037
8494 5.747422849044271 2.7095033514907354
8495 2.1710372304782255 1.4022806463699378
8496 2.6021489805066857 1.195167177761555
8497 1.9863895823179865 1.529142304616865
8498 1.123624453874409 2.225043606225262
8499 5.864023563504099 2.7512183514699045
8500 3.7663893906896924 1.3573012666828872
8501 4.173485077819275 1.6307267713487703
8502 5.5268330776934445 2.629660676358723
8503 5.5359319560420275 2.635638735093
8504 3.9825337563881935 1.4981551401367068
8505 4.637375663672623 2.0085969696794574
8506 3.669955393637987 1.31488665258387
8507 2.9845753331482605 1.1438573107227978
8508 5.410042567368389 2.5769107922627157
8509 5.666890016089318 2.702742588078801
8510 0.1241279068752529 2.7826508725438517
8511 0.9124776608141838 2.404858506441437
8512 0.5670291570161049 2.6231607384254962
8513 0.8143118066084821 2.476064983433189
8514 1.595233013581294 1.8608922041734328
8515 4.121767446401433 1.6135860040955516
8516 1.304474224923755 2.1061818073501777
8517 1.9076525900937624 1.6176873838089112
8518 1.9027306915161395 1.6229377510791063
8519 5.370570783429381 2.571057455992951
8520 2.525976874296816 1.2596341592246754
8521 2.975700657069131 1.1657883296453146
8522 2.8703465736739475 1.1750233382618798
8523 3.8083438754838794 1.4168101159356348
8524 2.688163402610848 1.212891044947603
8525 3.9523402122103475 1.5102406865364035
8526 2.3649141151312665 1.3410042427116897
8527 2.624882520781297 1.2359014826172399
8528 2.7308768485187653 1.208650736150436
8529 2.8257630142740107 1.1920504318504412
8530 3.2035417953638765 1.1947164040926879
8531 3.3293907733765304 1.2225517912369117
8532 2.4157132749012686 1.3258673448547207
8533 4.608523066976119 2.0282034446587414
8534 2.9844692044206083 1.186062644059026
8535 6.280580183778088 2.8401870329878296
8536 2.6668085260331096 1.2377381061584534
8537 5.396518496757348 2.614375925970406
8538 3.3025706931398173 1.2270084536937194
8539 1.4490405141832812 2.022327068289689
8540 3.0630161477555644 1.1964543989018444
8541 5.906229932455126 2.8264349159729925
8542 5.228151034257435 2.5178519868750975
8543 3.886035657493724 1.4957327000916258
8544 3.618195991754686 1.3491166149405527
8545 1.9290079641402216 1.6464841779809398
8546 4.849054676737905 2.2442903849820777
8547 4.7852691835229555 2.194768019484157
8548 5.045800028965949 2.3990594067081843
8549 2.592171826178722 1.281837469730275
8550 3.1083495783183857 1.2153534430532273
8551 3.244585118628463 1.2354813011214127
8552 3.8885934272042255 1.5118076048914832
8553 4.161103594376494 1.7027509057237546
8554 1.7993850057538283 1.7600248992829584
8555 4.455031003650795 1.9374674980665407
8556 3.7313459793629455 1.425789701134535
8557 5.825733143890139 2.8324242375015483
8558 1.3449964445752125 2.1401536354606523
8559 0.4482442897012398 2.756104443236935
8560 3.7454714622433163 1.4400300606397318
8561 2.494484082658567 1.3382244676973563
8562 5.303436282050427 2.5987583200971813
8563 4.824858417360467 2.2524985116495175
8564 0.08004848651958289 2.876839410663945
8565 4.645565046909826 2.1100560303248286
8566 5.786198827470413 2.835587851236947
8567 2.032806468305872 1.6082464468918611
8568 0.9042726611135232 2.502630456738247
8569 0.8509238890063645 2.5416499119799854
8570 3.6159014223513632 1.390401268907664
8571 0.07292122932863185 2.8895901623316895
8572 3.00325938820941 1.247687290714639
8573 3.3936161292880618 1.3088569508011971
8574 0.6642055213048887 2.669332856168121
8575 1.4593529655290485 2.073131123224229
8576 0.8147106817889177 2.577997700642775
8577 2.3668167871045314 1.423376044720936
8578 0.5511293583859252 2.738419364765302
8579 5.691639961777016 2.824651408647215
8580 5.245678000732833 2.5915351442820524
8581 2.3580690245363667 1.4345637538350169
8582 1.3906874526206432 2.142378528925944
8583 0.16324541613459398 2.892572694942965
8584 4.9439087696464314 2.381079934985553
8585 5.681492047418424 2.830869023287237
8586 2.3865599772382433 1.428880914009347
8587 6.248463553481309 2.9283593774262062
8588 3.131047037769667 1.2805059832488541
8589 2.8575483293201533 1.2862273953864074
8590 2.013713351679775 1.6605756234920703
8591 0.6426301359419846 2.710775577310369
8592 4.741437090370065 2.233522403774305
8593 5.557803371567766 2.7911877430362866
8594 1.5510309386612535 2.029153639118763
8595 2.5210908295725107 1.384939684772534
8596 1.9836514467790831 1.6922902222198322
8597 5.874721548415418 2.9121738577431224
8598 2.098977102846249 1.616169808628021
8599 3.1681841476887715 1.3035833942683297
8600 3.6151037964350117 1.4407249173690753
8601 2.8097431820506875 1.313950178526095
8602 4.26959827442695 1.8675938786027522
8603 0.6283726625410961 2.7397004515961862
8604 3.101902449354099 1.3055309512156257
8605 1.3272504568932542 2.234989943031382
8606 3.7640735924220077 1.5278483515941441
8607 2.1174304793300833 1.619781713212002
8608 2.1275374590153366 1.6149746086697436
8609 4.665537633547452 2.200737098443454
8610 0.5962116587942875 2.7698186831319704
8611 0.1388779559126585 2.9462666461611384
8612 5.648556800962289 2.8642101607586095
8613 4.526708029456714 2.0936608741966984
8614 3.1372761944005734 1.3261776653966155
8615 5.73721762982786 2.9030764715579624
8616 4.051804571884042 1.7291940431964226
8617 2.614893050091978 1.389901106236572
8618 3.588148830453626 1.4597969186944544
8619 0.617875510085297 2.7738666769653326
8620 0.8919646310648398 2.6013556105540876
8621 3.0499564749606995 1.3327233664394096
8622 5.141058970719566 2.5926932064818264
8623 1.8496596756683492 1.8396558957715698
8624 2.4121988140981356 1.483149146026284
8625 2.7714178713287625 1.3633324196674197
8626 3.3620475193481036 1.3910244729193688
8627 4.312685872099364 1.9452663440640585
8628 2.9058738737164624 1.3494006666389136
8629 1.9088394047108008 1.8056326616728078
8630 3.785164266653669 1.5821628326058075
8631 0.10794862486193377 2.987977260353567
8632 1.9686555986809575 1.7670818068539091
8633 2.689474366227238 1.3967512820998476
8634 3.7198307144644382 1.5531447099605924
8635 2.495422764052685 1.466257030336552
8636 3.2510018749379332 1.382495061953215
8637 3.8669650619452325 1.6436079312425411
8638 4.359677121313052 2.0024166738649045
8639 1.5661544177440563 2.096945189242862
8640 1.8758150650283225 1.8506286438671213
8641 2.3838408184113904 1.52771208565673
8642 3.178341038247651 1.3813935021825072
8643 0.171712987294839 2.9966492863262553
8644 3.6529439760889706 1.536989831069925
8645 3.2181216395210805 1.3929567126479432
8646 4.255994096169404 1.9351015805083414
8647 1.7860757102309202 1.9330777626165594
8648 4.026780358788591 1.769082871742199
8649 4.823149023213295 2.4001891920589333
8650 4.406622551482765 2.062073566883519
8651 6.096329215755601 3.042341126416102
8652 4.597051244441714 2.221462170295416
8653 0.6551187518426822 2.8148614588587604
8654 1.7138819269622123 2.003746018314873
8655 2.2601878503846073 1.619511845731661
8656 4.994824366397036 2.5472429693446808
8657 3.4877111712377644 1.4891150574891956
8658 2.879718613868027 1.4071428886201631
8659 3.019533945275951 1.4016506395972055
8660 2.5744094950567846 1.4823372884128743
8661 5.753260339953559 2.9921521389642045
8662 2.4252838094251095 1.5471401196443901
8663 1.620942878376733 2.0965598173940982
8664 4.46958508182532 2.1392252566453727
8665 5.94696503040786 3.050134373629497
8666 3.004860650008623 1.4148702901498122
8667 3.292261098191353 1.4486852422635816
8668 4.681346480845827 2.3205041762543686
8669 4.781878291909352 2.4042330059037353
8670 3.7739152666053633 1.6494936343887125
8671 1.9574515058387918 1.848205940374961
8672 3.1647296893530723 1.4357131801927014
8673 3.358834572035519 1.476972410285716
8674 2.258520263057204 1.6566180171202731
8675 1.1651358180233353 2.4965735342445825
8676 5.8431701936361 3.0476667864645948
8677 3.015861053816679 1.4358599767642906
8678 3.616605420998958 1.583284727741209
8679 4.47549623404905 2.1724767626339663
8680 3.3879455531903075 1.4988622880083429
8681 2.693191623724929 1.485894793194106
8682 2.0925234032650826 1.7751931781983012
8683 0.5801616009689052 2.9139510722114967
8684 3.201560935695917 1.463961826376829
8685 5.333688407910965 2.8363830198310542
8686 1.8960257267344365 1.9228685554568745
8687 5.7745938856353 3.0488274551086323
8688 1.7827141468280383 2.014253697896375
8689 0.619512018590212 2.9042590525828618
8690 4.184223838749923 1.9630915531560247
8691 0.9602538626849801 2.685807002658942
8692 4.73211162466608 2.4080093256206387
8693 5.222565768154689 2.7808124934324665
8694 1.5193878119079864 2.241115941836198
8695 0.9165890055829695 2.725439033633556
8696 5.324462911866392 2.8521841659565617
8697 2.2793728444011516 1.6898950399289216
8698 3.027854382921659 1.4769898193111008
8699 3.421072210006788 1.5464016401438614
8700 3.48406888291317 1.570437722731333
8701 5.8719923390187585 3.1038468962961656
8702 5.349362264286497 2.879212142269877
8703 5.257740316703348 2.823726475686594
8704 4.35020974355296 2.1199224209529044
8705 5.229622181542701 2.809205260394439
8706 3.0169865212382665 1.4928828892753905
8707 5.997583847949926 3.140245571512849
8708 3.1400380184724024 1.5034483251799986
8709 2.360811964931825 1.6705163234867666
8710 0.3778616914594054 3.061475310614754
8711 4.094166529078939 1.9379237733948196
8712 2.4537926109784696 1.6323627418651427
8713 3.6964253576763695 1.6915189094653196
8714 4.433174569034506 2.2067663758953535
8715 2.8094992438925206 1.528427933609096
8716 0.5902980084734039 2.97451449647607
8717 5.199730355235083 2.813229514257844
8718 1.4922793374994827 2.312331885314297
8719 3.156070359976477 1.5275227462948455
8720 2.8804098692754256 1.5287216369248204
8721 3.7265589220192865 1.7236698392047702
8722 4.279595669042367 2.100288505307384
8723 3.4168641686174337 1.5934217819778693
8724 5.471712368856822 2.993007735720796
8725 4.309545009837897 2.1299742932292314
8726 1.8274105492663335 2.0562822783453463
8727 5.03593545577127 2.716772994310536
8728 0.12537615898943177 3.172746347890303
8729 5.033369869391244 2.718977496682865
8730 0.9916362790980225 2.7419753700663776
8731 0.44381174825165165 3.077328619600981
8732 1.5551821867559659 2.2890479262044803
8733 1.9232439661196388 1.998105666897462
8734 0.9179907920429158 2.8043030749017737
8735 0.1385225778011933 3.1847455644284643
8736 4.262912453048239 2.116114600592971
8737 2.17666250277021 1.832747386968364
8738 0.9387249802188736 2.7978038649908448
8739 0.6694962789775554 2.9778138395495706
8740 2.9295207431379118 1.5659023830476428
8741 2.660962745137283 1.6165169609848713
8742 2.3062293719374423 1.7677670308836912
8743 3.0318822497588886 1.569351709989592
8744 0.7942621554009649 2.9106700088682302
8745 5.393561438090676 2.9933949316895605
8746 3.8408933026410748 1.8409861589958227
8747 3.7442188197095683 1.7873702908649969
8748 3.7748347940448794 1.8065527362163967
8749 2.8063643624060086 1.6000308841247919
8750 2.567314807638282 1.666163051112181
8751 4.194060796133614 2.0947683264559
8752 1.112278749735527 2.6962300879847327
8753 3.3583216557749305 1.6388031206225806
8754 2.39064052946987 1.7499749341818878
8755 3.7660980317599977 1.8165822562273641
8756 0.4180817375020373 3.1416833231364762
8757 5.9383357810266295 3.2344560406264886
8758 0.7063549608835973 2.996632795283463
8759 2.5527017871123645 1.6910123108272042
8760 3.3976588322729953 1.6654328137270966
8761 2.196942573926908 1.8719441794660618
8762 3.3909262580241926 1.6677238185083976
8763 3.676747855598271 1.7861984728819138
8764 1.6500139285145408 2.279686461090839
8765 0.457453391698976 3.144271345699253
8766 0.1111374878730427 3.256683040822429
8767 1.5159327028956284 2.3973414815893292
8768 3.0295952613439123 1.6233600241762804
8769 2.324473209435938 1.8166345726423905
8770 2.419862369930407 1.7711006323117728
8771 3.0325512024336376 1.6300227806823777
8772 2.677000437492939 1.6792974484539314
8773 1.068909898732644 2.7763131941028374
8774 1.2730738285917365 2.615087914355898
8775 3.9487530030787306 1.9720018729368727
8776 4.0090387294119205 2.014861730046248
8777 3.16463841036315 1.6524157026697268
8778 3.3848568026006083 1.7011596499219044
8779 2.8016373701137356 1.6666747522334333
8780 2.6566109590938036 1.702995652470875
8781 3.25919766098791 1.6766030034177548
8782 3.3432956613184044 1.6984043600068208
8783 4.155993047001475 2.1360047237332704
8784 4.69870081732371 2.573066958044417
8785 6.086560278743807 3.3160332811526843
8786 0.8135026337116157 2.9906757675774642
8787 0.17055763852938527 3.291429238106201
8788 1.4874836388011146 2.468441377166986
8789 2.4449263342408813 1.8023960856026848
8790 3.844436678033048 1.9395193261495143
8791 2.7883931207304307 1.6962836077243049
8792 5.3118083953006785 3.047274294615035
8793 4.694298164360586 2.589770337404249
8794 6.103799803455611 3.337650889703369
8795 4.25408290513522 2.2378117401314332
8796 2.7070095647350785 1.7257111655423782
8797 2.4627886193507087 1.8128622188139052
8798 1.6827930742178259 2.330000568932729
8799 5.304566577616723 3.0587390945475983
8800 0.48030821896064935 3.2130940767816467
8801 4.228025752266825 2.2314361128784945
8802 1.1141568657867722 2.807386296705523
8803 0.9990605091181304 2.8982286819349956
8804 3.1544546278236223 1.7127561478943538
8805 1.5962076361952646 2.4174593922308274
8806 5.169066436226403 2.985238418349131
8807 0.7063618183979391 3.107762834951582
8808 5.117858574317518 2.9538179139458793
8809 1.4523262153515542 2.5467593602316336
8810 3.6939714198221356 1.9010638554768713
8811 3.9890828800258182 2.0809351826698634
8812 4.142380883596559 2.1923042705837354
8813 4.83770590352137 2.7520834730147845
8814 1.8049736757806265 2.27002894639235
8815 2.252140653822899 1.9626566737838487
8816 2.9389456559900404 1.7356064485296558
8817 3.579873813865785 1.8629811282609372
8818 1.0323120200880154 2.9087211952619723
8819 3.2721985737933115 1.7671206029290842
8820 3.7475550529942465 1.9531965427453892
8821 0.09421902850196123 3.3860202995790623
8822 5.694704632448136 3.3120007757738357
8823 0.6315231316056144 3.18982420637312
8824 0.9561029573550331 2.9801201912327797
8825 0.6610933133350626 3.177736105083599
8826 3.5649691956075342 1.8779895919649334
8827 4.0503714704658 2.161304624413955
8828 0.30758426898876146 3.348987843308113
8829 2.4568560737313367 1.891502016774199
8830 1.1443771782203096 2.850550216130087
8831 2.725677387245642 1.804180525112257
8832 1.3226766362456974 2.7103237942368517
8833 5.395159141524032 3.1937437369818262
8834 1.6337170480500736 2.456408834950485
8835 1.6445076476467708 2.4500156546451097
8836 1.4675645037543106 2.59941015561421
8837 3.173335743373958 1.793958982453717
8838 3.750529635649974 1.9982787992658424
8839 4.261997251814119 2.3479071873418764
8840 4.042509529466409 2.187332023172401
8841 4.260772459583817 2.351858482831552
8842 5.642712815580572 3.3398017405246314
8843 1.2304381763398253 2.81344274075991
8844 0.10951043222984064 3.43961330818066
8845 1.9619365983957848 2.2270131953278782
8846 4.408821833913213 2.481755367501091
8847 4.325320437028977 2.417358037248915
8848 3.553710607357432 1.9270740736524161
8849 3.816166272199936 2.0628720542857977
8850 4.548916228686576 2.60599864019826
8851 4.99588332296582 2.967511881593049
8852 1.9715415139777794 2.2377076105330067
8853 2.5140887935522893 1.9269660664002382
8854 3.844137760296818 2.0920838077282027
8855 2.931445109585925 1.8318682862566096
8856 0.5526741293180698 3.3141865707640945
8857 5.842223415125575 3.4462769574762455
8858 5.702868931292652 3.4037311152672296
8859 1.821090958942084 2.3688964634096035
8860 4.328738827212252 2.452659477896188
8861 0.0010216560782794204 3.497169067795824
8862 0.24484750373473751 3.453557117367353
8863 0.5569441862255367 3.329952481938716
8864 3.1912826646246275 1.864201111964607
8865 3.1377361620031365 1.8602949984019963
8866 4.348921829862485 2.48399813190827
8867 0.11097390712179223 3.497775687778412
8868 3.6598209031151243 2.0262898107933736
8869 5.101834218717851 3.0916831408882057
8870 3.7473621710323375 2.0770390181155856
8871 5.788130197013082 3.4664183337079475
8872 5.627154254367162 3.409143852770329
8873 0.9335082285972711 3.120288808708415
8874 3.1492324348770184 1.8848254626686392
8875 0.4090753145836596 3.4298514229519474
8876 4.334054664623751 2.497980118380355
8877 2.2848928155941564 2.0997450898821213
8878 2.1766853898112144 2.1664334032932633
8879 4.598665991014595 2.720927576082645
8880 3.307158353050144 1.9277724612719287
8881 3.7698442471482716 2.1181992024112213
8882 5.163586833383634 3.169350776671497
8883 5.658829632959151 3.4512373299237913
8884 0.9920407375229265 3.106528467099946
8885 0.5587472914398429 3.38687068163586
8886 2.1354228390272714 2.213976822691599
8887 4.278459421934591 2.4830706415241495
8888 3.678948515580611 2.0882445849291473
8889 5.01795107180044 3.0821912664910984
8890 3.6618892827035867 2.0850673615600517
8891 5.401655458191785 3.3453890456876834
8892 0.6192614906597372 3.373343246983775
8893 0.4935222530592564 3.4406529187672428
8894 0.0056416206347869036 3.583679973146024
8895 3.095921295567617 1.936114172076758
8896 6.0757923444466275 3.5900994259666446
8897 2.138722389565162 2.241688959482758
8898 3.464831239875648 2.0226490045664978
8899 2.743838434480494 1.9757000316919417
8900 1.1097331186660748 3.0598432528536756
8901 2.3828843381191045 2.1127780622026378
8902 2.048478103273658 2.315715194570271
8903 3.2981199755774555 1.987537376690339
8904 3.048353413764982 1.958597577137973
8905 2.1596501813329616 2.2503806580280683
8906 5.320498770418252 3.337494606213525
8907 3.665122511049276 2.132822083955494
8908 1.6044186267763432 2.674924010459875
8909 2.473653532179784 2.0927952594515724
8910 2.2834618061219354 2.1903221240576287
8911 3.2400034286354673 1.9977594943785841
8912 2.3091162723638017 2.1817554704911255
8913 1.7629410773337175 2.560098236372413
8914 4.911041020170694 3.06807994342728
8915 4.259099417177253 2.5441294244213064
8916 1.0444428641691086 3.1551720350965584
8917 3.1783973527326963 2.0049304513742707
8918 1.9077708892979452 2.4620965103661687
8919 2.158595015513195 2.2904104701821426
8920 3.297571501482085 2.0347593879220476
8921 3.030743683676698 2.0058290103871554
8922 0.968017315442729 3.229622500999457
8923 4.433143071704795 2.7050726444766724
8924 3.0421056490555918 2.014527627194624
8925 4.259817010720724 2.572802762850448
8926 6.136420995794575 3.677295539054159
8927 2.10469468619718 2.34830781399562
8928 1.888223809319158 2.505535536568602
8929 0.6360884856252029 3.4676259864423766
8930 3.4761957719424657 2.1161484277405256
8931 0.6522060719259561 3.464248950079349
8932 3.015313760743191 2.037316977683163
8933 3.3521277816531136 2.085479732099002
8934 3.937209223667458 2.3660910105699293
8935 0.22291779243007753 3.659586622657902
8936 3.8496386625871364 2.31672775322736
8937 3.8301665360491564 2.307926314268885
8938 3.6385141152968514 2.2076989108435634
8939 3.5310649756244112 2.163261114659645
8940 2.2604026157681876 2.289692422847173
8941 3.320603418903361 2.1006874939442546
8942 1.916803561792041 2.525093539075414
8943 5.420637402900261 3.5020229552211526
8944 4.97020836804631 3.199702292784082
8945 3.722582731087192 2.2706483013875394
8946 0.5510742049431029 3.563289179967038
8947 2.0090562828411285 2.4727935301242985
8948 3.300312848129936 2.1165693369830474
8949 0.6652741294756721 3.5098730611500097
8950 4.4511761394269005 2.7978973793536754
8951 0.8811563286911925 3.3771937299551804
8952 4.684707857205537 2.995322365272509
8953 3.2617797332355805 2.1232969143335962
8954 6.270741742826125 3.7567214992727225
8955 2.9769223779928025 2.1060872757402676
8956 3.740868941368956 2.3132296403835557
8957 3.9649075956872877 2.452138190151726
8958 5.169901536723495 3.387853173632477
8959 2.8589941057310404 2.128217078766152
8960 3.8973275260548355 2.417349862084234
8961 3.4433074015433545 2.196274715184589
8962 2.5924084517789567 2.201630749478581
8963 5.45983453377739 3.583550414396128
8964 1.4651831684797116 2.955615995650992
8965 3.9717771798774835 2.4809796687219188
8966 2.4697678158405227 2.2619952720876304
8967 3.7871927491750443 2.372436959020394
8968 5.754923986861315 3.7298533055928775
8969 4.2854260733596 2.7227023215878576
8970 0.33383663532684804 3.7305940436235385
8971 3.6565294697697746 2.3154814435682862
8972 5.013447983021536 3.3169833207265254
8973 5.436880342610263 3.6017097681170913
8974 0.396917202154772 3.7193069701918935
8975 5.8570645159879975 3.7822884560945
8976 4.1682382963796325 2.6545513317079847
8977 4.034163804514946 2.5606517697508404
8978 5.216542249852161 3.4812241152434265
8979 2.078117877426955 2.5236663317179198
8980 1.6453830383931687 2.856200595244685
8981 1.196997966059413 3.2307131628961296
8982 3.595446812778423 2.321291239741843
8983 3.9805005935366253 2.5427550265970975
8984 5.926171656463503 3.826858993970754
8985 4.300896600929948 2.7847753479272885
8986 1.3661515744301544 3.1078041508236516
8987 1.3071625223571788 3.1599586148963104
8988 0.5865966910059843 3.6751697039642055
8989 1.7014861899318714 2.8393665429961383
8990 2.3244310342110985 2.4088167183230107
8991 3.764734213564558 2.435143752647311
8992 2.085995768983509 2.5601847325796974
8993 4.132755103259147 2.6820560629541603
8994 3.734521605394009 2.4282745300303983
8995 0.3363221174419765 3.809466756222826
8996 2.440621137886504 2.3705584987594777
8997 2.1555707627785754 2.530952137579317
8998 3.2370436956781723 2.259616559415617
8999 4.01373460311026 2.6166905481850877
9000 1.9713767463320062 2.666743974140185
9001 2.442190158388055 2.386301853903099
9002 4.626326996268556 3.1034729023848535
9003 5.671358573992462 3.8103804232064507
9004 1.4423137423917023 3.1033402619081607
9005 0.8200477583630654 3.5903727139561172
9006 1.3055335271585142 3.223847513045364
9007 5.545507040863076 3.7675476706649276
9008 2.921343017401823 2.277751318511248
9009 0.668474460468093 3.6987138232875667
9010 2.2493695216126697 2.5169590470970356
9011 5.016954962783837 3.444822405960032
9012 1.7264979975413994 2.8954401584444387
9013 3.228491241028489 2.3078825665799485
9014 4.197628895928556 2.799488366062357
9015 5.39571896423808 3.7140419885460907
9016 4.859715953965233 3.3395051327233376
9017 5.317456868632553 3.67358542433074
9018 3.060795147038745 2.3078794474263016
9019 6.176608651370861 3.968632932377093
9020 6.10736443151817 3.9698371535483306
9021 3.338695244027261 2.358515991325806
9022 2.748293088232081 2.351957695740724
9023 3.0704596137823144 2.325324881781418
9024 3.4529557787743066 2.4031584526684475
9025 6.233336277449868 3.9880772247242735
9026 2.14344464801291 2.636833373823742
9027 2.351656009756859 2.518776634115263
9028 0.1419888651727178 3.9749235696001755
9029 2.768594915536675 2.371789566646026
9030 2.5044472463287124 2.4578979979617874
9031 3.0471323182362817 2.352341673339497
9032 3.2883534874450513 2.3845842597824403
9033 1.976403126058052 2.7759476970280543
9034 1.9011971373333896 2.8351037152046756
9035 2.3520571450035614 2.54665931696612
9036 0.2876970421900056 3.965209205091517
9037 6.197873680087862 4.03103039074764
9038 1.6107175701800744 3.080498514486963
9039 3.0688883521380244 2.3811372993112
9040 3.2007683465267327 2.3968520484628573
9041 1.0285452373953752 3.5660033229328576
9042 5.7371381210026495 3.9687443320404587
9043 3.4445667568406044 2.466782813584758
9044 2.3216876487723073 2.594877658859584
9045 4.041450276827876 2.792726426163427
9046 4.0544698417729474 2.80543303439262
9047 3.699171016089634 2.590154595662154
9048 6.253779373924312 4.068306267868105
9049 1.1912754724198162 3.4675664217105573
9050 3.5097332118684523 2.5154704147829587
9051 2.1369253687530114 2.73028574296044
9052 2.904997957028159 2.4328451996812652
9053 1.8222851341606108 2.964272310490922
9054 3.671468166995931 2.6014524595319566
9055 4.363658244271754 3.072178079765889
9056 4.789117045855896 3.4229233953473006
9057 5.554158132846555 3.9460215802536744
9058 1.236306721222493 3.464269247946955
9059 6.2342994972035095 4.10955108320321
9060 0.2706170943749721 4.057541990713742
9061 2.9503073663237185 2.462374957120358
9062 3.9474773140705506 2.790785105673214
9063 0.8916754082818759 3.746744456706463
9064 1.6868895833619946 3.1133547757138547
9065 3.335236111184186 2.5147708729049887
9066 2.194094700801138 2.749877755408455
9067 3.7710310535302445 2.7019933356257213
9068 3.3070547749413284 2.519196720630435
9069 5.018587761308593 3.65097621610898
9070 1.5724287521003102 3.2303306392356133
9071 2.9751767973168595 2.498646808353356
9072 4.585795561014714 3.3159094895303154
9073 4.856722672879646 3.5402627496980537
9074 1.0964979949031126 3.636377744843005
9075 2.767275478108295 2.540173430284094
9076 3.734916620133609 2.7161826950023027
9077 3.942727138610128 2.8439943410211836
9078 2.870149947979688 2.534244184920581
9079 0.7434708483732682 3.90624916493422
9080 3.032131219028702 2.5321153524865068
9081 4.479330095622025 3.2628651821356938
9082 2.8663772348312757 2.5502045100662527
9083 4.850938875557015 3.573814035665862
9084 1.7801942464346252 3.115242192167271
9085 0.3081027105847683 4.141050837816579
9086 5.582830973592464 4.069173861240724
9087 5.236782281483979 3.875298058969765
9088 0.8464439923427071 3.8743034294620493
9089 1.236257870936609 3.5834307014374245
9090 3.0351609945364966 2.571178816640321
9091 3.8330168653757304 2.8297349835691215
9092 5.963462441958056 4.217112821717846
9093 4.747291472889557 3.5291869086238723
9094 1.4343966303452107 3.439408503303705
9095 2.1105999812252834 2.9162205334051543
9096 4.023404507189874 2.972115692764488
9097 3.864726823170783 2.872590962146763
9098 0.9308016223501573 3.8553421313531198
9099 3.0958413349762606 2.6090551534187463
9100 2.9758557320988106 2.6120377422791257
9101 5.687045465424586 4.173298069848777
9102 2.9831549560732484 2.6198442935928616
9103 2.7453230028005304 2.6555412988604035
9104 3.7166541814437353 2.816424341271571
9105 5.402288054359051 4.050116759947511
9106 5.565795232065217 4.140723677333142
9107 3.2524666719871687 2.660653398905059
9108 0.9945593632008929 3.84960861788943
9109 4.36877325167684 3.2842555365377226
9110 4.064052950797221 3.056941191653611
9111 4.931609397546656 3.748778356396662
9112 2.2322794289501386 2.909063761741572
9113 4.4454136283697 3.362433195314714
9114 3.393497845026743 2.723536408869419
9115 2.7358307236338812 2.7072165612615575
9116 2.977532017884756 2.6776408721764593
9117 3.0914390843082833 2.682617652422457
9118 2.7020691183436223 2.728276217776064
9119 3.4342836475501084 2.7570947372619146
9120 0.23308829779830598 4.30600938141896
9121 5.061645003285047 3.8891611166134132
9122 2.4086360720824023 2.855734242682577
9123 5.098928050801185 3.9248993661451186
9124 1.89617846978316 3.189271149967504
9125 2.160555468929295 3.008202688180414
9126 0.525925935106215 4.219547623849049
9127 0.4481427617619637 4.259721157185785
9128 1.7932294727358118 3.2861735504935967
9129 4.670321659699832 3.6137516312579163
9130 2.659829916606649 2.791318598126085
9131 1.0741310532771575 3.8868000330880736
9132 6.02733848158415 4.392383845954816
9133 1.6923933308319248 3.3888169429971255
9134 0.9706630908981023 3.9778535981246703
9135 5.634995679932231 4.293906279179056
9136 1.847255858210517 3.2788053678118483
9137 4.1153848582206844 3.2075837583151126
9138 3.69095146852563 2.946006674047375
9139 4.797736770366657 3.7607069758398266
9140 4.614374379241679 3.615254231636684
9141 0.23633621467854837 4.39593076869503
9142 4.552927846265358 3.5735137190180506
9143 6.011787744502342 4.438382270024884
9144 6.107250968469637 4.452731201146243
9145 3.9289680189532525 3.1144445643980214
9146 1.560546450817368 3.5551326205278575
9147 2.053262859417092 3.176254754481206
9148 2.1128222986225955 3.1404107014492704
9149 2.834014791575005 2.835123735408138
9150 1.7200324678359962 3.442160024100631
9151 5.032894195553863 3.997755087699478
9152 4.755502816767257 3.7839933919317597
9153 3.83501597771729 3.091985494474029
9154 4.333748825267165 3.4494046538543963
9155 4.069862190375865 3.2546980541381303
9156 4.166110192403999 3.3292668800345107
9157 6.169405536753745 4.513801982890957
9158 2.2433793205031307 3.104160648703102
9159 4.379881492106039 3.5088668124005644
9160 5.254507867960054 4.195387078825716
9161 6.2819471423223385 4.52851261717012
9162 2.899873792376456 2.885786063278518
9163 1.201328090870686 3.9307150504175477
9164 4.002457443711397 3.2490618567741922
9165 0.00027212167655488173 4.546984173183216
9166 1.702321744683842 3.530556316399979
9167 1.6222606203830003 3.600855092693461
9168 5.37688610059982 4.30926388352317
9169 3.0305717226286766 2.9116865102861382
9170 4.571815146886464 3.7159502446045436
9171 2.267972983437128 3.150762117853289
9172 4.142895228970364 3.3859973867188575
9173 3.3535243025491828 2.973881954194372
9174 2.7558976646289906 2.9660657751280066
9175 1.223368093177607 3.9698733280351064
9176 1.0009432941757797 4.14846121173478
9177 2.553033989602845 3.0420896090288867
9178 4.890168780709982 4.012505807327595
9179 3.4928123449810924 3.0466451854523413
9180 3.6146031970949224 3.101696796191033
9181 2.7927682636458675 2.992061506773019
9182 3.061646710894027 2.974307840857824
9183 5.148750019600189 4.231274909756265
9184 4.865278146873778 4.021606799687433
9185 3.5192732238135744 3.085693425323732
9186 4.267180370903191 3.547129551721617
9187 4.6432782446415155 3.8559144795125526
9188 4.068346304492711 3.4089225057535018
9189 5.954348073922139 4.643733386450016
9190 3.5026448390666567 3.1038598875718817
9191 2.9313760471910504 3.022040498338478
9192 0.3890624605428233 4.585123896755101
9193 0.9588705095662998 4.263143843333059
9194 0.965137791831204 4.263603477502655
9195 1.0073737477793339 4.237435346773386
9196 3.8144423550479556 3.284004256165098
9197 6.032495927597765 4.6960477030956485
9198 5.5148717954681 4.531160120601597
9199 6.157851756602595 4.715744618557387
9200 4.405638439806066 3.7260571808782825
9201 4.486596065091469 3.7967750109770835
9202 5.794512158804043 4.668149304735108
9203 0.16987137632712446 4.707474146508932
9204 1.2365588219820005 4.103792198425798
9205 2.4214324486106342 3.2383032413269714
9206 5.127378176280786 4.330388732648511
9207 5.378048469198723 4.500871562759596
9208 2.9691957451074242 3.105756475052314
9209 2.885344601666712 3.118096318301273
9210 2.273397101600249 3.342210536540501
9211 6.239369715693811 4.776686140415714
9212 4.06934906372557 3.530556473755246
9213 6.000546394937215 4.773598204550349
9214 0.9555800196228812 4.373793208588469
9215 4.772259181549187 4.102663356457167
9216 0.6051284567368098 4.608208932325295
9217 3.188066552815271 3.161523461242178
9218 5.029926064806909 4.320992645629063
9219 4.63217455740749 4.009051391813201
9220 6.277700697700303 4.821941921206287
9221 4.9987151194969215 4.313203820620277
9222 4.286912120265862 3.7455793158037656
9223 1.735659704865848 3.791581209358582
9224 0.8600498797674075 4.494691064829434
9225 1.4597068182343067 4.030381159791633
9226 2.7178259328995287 3.239937842003106
9227 0.02178172339615969 4.857315557854301
9228 3.2754600006108885 3.2348423114061733
9229 4.54420749154802 3.990179167941083
9230 3.403191510005205 3.2776654929220994
9231 3.9067021963765147 3.522489105143314
9232 4.09753587892138 3.657068662018859
9233 3.8037547006083723 3.471372883749826
9234 3.04159073203136 3.243249073663363
9235 5.846357407000848 4.858392199310986
9236 0.24813174794115517 4.8642544995147565
9237 1.3338812037825707 4.201534396727709
9238 4.255020321955558 3.8076352377756653
9239 3.2707276194138837 3.2944742071073874
9240 4.270610414054832 3.83080355284656
9241 5.432781772420242 4.714763103375346
9242 5.699367568730451 4.848275719926887
9243 0.4483774254650649 4.832422722667946
9244 5.383101641456971 4.702803333006387
9245 6.2718959773740215 4.960050193361864
9246 3.783530823210219 3.5323198810552188
9247 0.5561616685664121 4.804842779401709
9248 0.7765678779923684 4.684050940446439
9249 5.709107739078671 4.891706168312323
9250 3.127525630273369 3.337167127059653
9251 3.2385161501462183 3.3566755701061135
9252 0.3482777000348159 4.923449603212283
9253 2.7922758234519662 3.3746686402925254
9254 1.8533000607151453 3.873247878794832
9255 2.8554759978329596 3.375434739773774
9256 0.08886039987053251 5.012652009861224
9257 0.4914380876645919 4.894226487823815
9258 1.2148032516714582 4.420187742647575
9259 1.5570730985415413 4.14249429461719
9260 2.5761448945384804 3.477132351004772
9261 3.976039078658745 3.737290134127725
9262 0.207495421410325 5.024637879618226
9263 3.735882381169494 3.604788426739205
9264 2.1800006821394757 3.7012336425149823
9265 1.8277279947269767 3.9585790978113833
9266 5.842638941803946 5.035630066359671
9267 3.6488149609545255 3.584782265334235
9268 4.138869241387474 3.89294702279015
9269 0.7094289952455777 4.85009186821605
9270 0.9243789961517915 4.7146726333819355
9271 1.6925268538226528 4.1032117460902695
9272 2.546639228615576 3.5606644767482485
9273 5.777489881328263 5.057904082689964
9274 3.774032869150741 3.6916570473309953
9275 2.4711450888196493 3.6106739082749915
9276 2.8242613753899337 3.5066088187082443
9277 5.651020933677442 5.0344864746567115
9278 2.3617482733964126 3.682149554354832
9279 2.4394829167759173 3.649984138970501
9280 1.323798907938097 4.465329903208531
9281 2.698958100699988 3.5657803307777756
9282 4.210751691096471 4.032077625251093
9283 3.4530743229158647 3.603288483188615
9284 3.360770864531742 3.581871965906514
9285 0.29847947188406476 5.1404713457395195
9286 6.067171988969178 5.202372490131407
9287 1.2990686932973046 4.530174860949108
9288 3.7575857158652757 3.769714026888901
9289 4.703501831907505 4.472365608229535
9290 2.1383424563730715 3.8899056618859476
9291 4.828615262186261 4.58673009307698
9292 6.22573798399076 5.246834890655055
9293 5.964015381659215 5.232059053423856
9294 3.405161847173035 3.658124195157712
9295 2.8889050559969576 3.6176061071388497
9296 3.6705458355093077 3.7760751500302465
9297 0.8891617214408895 4.910714647191873
9298 3.2792124678676533 3.652751140687922
9299 3.2795749407269796 3.659375247244608
9300 1.6590750072994775 4.3157828297243706
9301 0.54077816359969 5.145990594331257
9302 4.530227648706565 4.414023431891938
9303 0.43395126402432493 5.207905800254808
9304 5.916578522577472 5.294296665179253
9305 1.538149420397265 4.449450823489038
9306 0.4436162880295251 5.223958073331261
9307 4.080468792088444 4.097489993625954
9308 3.9297766410886914 4.002268782947089
9309 4.598609070934008 4.516645859716829
9310 1.971694301249513 4.138397577602413
9311 6.037406260706355 5.362881642607429
9312 3.6542072348059014 3.8743664852082054
9313 3.049630742318473 3.728830558503212
9314 0.1805273483962922 5.3636870784832364
9315 5.793808469516239 5.334870379369267
9316 5.372574338374172 5.144010962300072
9317 2.9838500994489503 3.757439586618323
9318 3.2950720252216703 3.7906217960625357
9319 1.3015890572142887 4.742707583763022
9320 5.2142508937239125 5.069645962210554
9321 1.8107079658034013 4.337365335034376
9322 6.154781559299184 5.448410866018857
9323 3.332626547400129 3.8339673392598828
9324 4.141420008846286 4.257766866384334
9325 0.196411921817651 5.436919820457895
9326 4.535319483707708 4.581525943647489
9327 6.257460558550645 5.482862099465761
9328 2.5854179319543134 3.917197300931322
9329 4.303751856756605 4.416386708528599
9330 6.131557658079752 5.504198144013199
9331 0.9584452625370752 5.096569374808153
9332 0.4530248540423748 5.401722084954775
9333 4.597961185696856 4.682770164836724
9334 3.398488587113526 3.929969701213733
9335 3.855282164046042 4.144240692939724
9336 0.6107296901766294 5.354620514485646
9337 3.8786843150756907 4.172956081873792
9338 2.768167810343186 3.9362350268836157
9339 1.6611324866176782 4.5883422691909175
9340 5.464577418422776 5.3675728432445045
9341 2.4848973525201656 4.052620160380007
9342 3.5864314226730043 4.05648776320595
9343 1.6115271668376765 4.659194449939987
9344 1.2968281855508657 4.928609027812395
9345 0.04402538290609748 5.6090966625939815
9346 4.776860407405947 4.924618165298397
9347 5.948949753549428 5.605849236153551
9348 2.6688766324689093 4.037107376380503
9349 4.065584986422794 4.385185392587653
9350 3.5309625095073742 4.093839698719077
9351 1.9024126032014348 4.487606843270066
9352 2.3362850399340616 4.208898002874189
9353 1.3055902643686816 4.99030366634162
9354 0.5625417478649698 5.515682213060902
9355 5.270948235367356 5.3632292774510795
9356 1.3191706552879425 5.002498881840245
9357 0.3192415646583693 5.640785288722427
9358 3.193872725633251 4.067593341675274
9359 4.24662005597428 4.595193173298989
9360 4.567406452513282 4.859857667222442
9361 3.0292001689124795 4.081397314369641
9362 5.19813905058703 5.368550102083587
9363 3.916726658582613 4.3937789725885725
9364 4.298476071947393 4.674540814239086
9365 3.1290389323021275 4.11635388588934
9366 0.9075130950826996 5.400716714205684
9367 0.0979792158981926 5.773295835893569
9368 1.4636704596182937 4.978032662434299
9369 1.6937384834986167 4.795303339366497
9370 2.3664946352554193 4.335647752287079
9371 4.993982470974157 5.2908971874406685
9372 4.943032775539697 5.259554272021649
9373 4.8432101960271385 5.188587885116517
9374 4.072900279611026 4.586539760302662
9375 3.4295319122904435 4.255751067522905
9376 1.7563269860360955 4.80232192440653
9377 5.958193614086138 5.844755117643908
9378 3.6400419484727005 4.362505847094099
9379 6.263356377230185 5.883689253282746
9380 5.932543568950556 5.8643687679711105
9381 2.302909230459204 4.461411661554285
9382 6.278248716037029 5.907985464725788
9383 1.4680789478806442 5.099210336212856
9384 1.5320453113039172 5.054301802324741
9385 3.0602784660193714 4.278105032700472
9386 6.103878596842775 5.94060983133909
9387 5.294108722261945 5.637214535501435
9388 5.265166489240671 5.626802802361376
9389 4.38977991599545 4.9522436498550615
9390 2.7907822871888865 4.34700702122444
9391 2.9146228184780645 4.336286089107717
9392 3.126327857243141 4.3410972984304825
9393 2.5568571020449173 4.443182829764253
9394 2.2836548213715173 4.584502001038927
9395 1.2600747438074287 5.375847700813376
9396 5.438025103349852 5.802543746961022
9397 5.776263680442662 5.966523493339722
9398 0.8329658683298327 5.723236681443627
9399 5.111214519096967 5.615166460615714
9400 1.021154349338113 5.608063810339851
9401 1.1938117080376724 5.483089658866668
9402 4.810511028233405 5.409096252676308
9403 2.3305745155060653 4.638640384536942
9404 4.754004787892481 5.381114318689956
9405 1.3745378288682388 5.371590628572974
9406 3.7119664986276732 4.64012590585599
9407 1.5274136524215427 5.262367502359362
9408 1.855458061016294 5.004818985256054
9409 3.229242955236861 4.504468392712609
9410 4.495664343458631 5.223699375491256
9411 1.4226093316476391 5.387047027893692
9412 3.3186412783021373 4.548976918480369
9413 2.520451317789316 4.639070599264423
9414 0.7934497972845882 5.895780310025662
9415 1.7354933944025959 5.165492767547175
9416 4.249035769183215 5.083175038975574
9417 2.885461262100783 4.575480316904016
9418 5.726895004109819 6.140461624224695
9419 4.67152984484021 5.451676084898416
9420 4.1239260310043555 5.027522990646831
9421 2.3563545480565016 4.793027001415959
9422 4.579796769426752 5.404749571067684
9423 5.439679021653399 6.051098535948272
9424 3.3976061742775743 4.682614480045499
9425 1.1452276352261654 5.747413985259103
9426 6.032064101643945 6.297136962967531
9427 2.226528914513511 4.925663725829814
9428 4.777350303407206 5.624506703440695
9429 2.320612106603267 4.890573280674726
9430 5.845916626195118 6.2960652896360765
9431 5.171144992345979 5.9567005561758055
9432 0.7468203038434785 6.099899652175066
9433 1.4804468960391106 5.552138316060807
9434 5.294449705117821 6.070022101697905
9435 4.080387662056482 5.142385663148301
9436 6.164634384293665 6.407866442587342
9437 0.37247551654397687 6.335534060811442
9438 4.496438715124396 5.493388836953774
9439 5.268515017628506 6.103251340452524
9440 3.0385779820218723 4.791264970519739
9441 0.9125021968293048 6.082360652516378
9442 2.5400584870854512 4.9165643374779116
9443 5.534266093310858 6.301022895651505
9444 6.132833339160284 6.4882422199491625
9445 0.2841796004117726 6.447059343503625
9446 3.9535870315048083 5.16862372941731
9447 3.2462553586026317 4.880019764397449
9448 3.877815292383655 5.142003035301446
9449 3.145054378472655 4.888749506997456
9450 1.9668634830531797 5.337770247692287
9451 3.6774354183274025 5.063971623903945
9452 1.4473096033368913 5.777759590222824
9453 5.324766139318492 6.285205136061666
9454 1.1490079182696658 6.0433218709606
9455 1.4558281312304426 5.8031430139338305
9456 1.5208065121080938 5.759751690522885
9457 4.9735911023190456 6.078101748520894
9458 3.416141073109351 5.036604509306151
9459 2.605351771115467 5.073064630269124
9460 6.003225113202642 6.6442472437166415
9461 0.4886072892572644 6.54331910096881
9462 4.817433778002069 6.00874095201128
9463 0.36728378259898353 6.614379476238579
9464 3.360311119598609 5.087360578298628
9465 0.9900787178872028 6.28611719331988
9466 2.7931058773271733 5.0974591914252585
9467 3.35277518442796 5.119077496512297
9468 3.9319865574818467 5.3927385434995365
9469 1.5449148551475298 5.885177998499059
9470 2.3343733812427665 5.320157449766401
9471 2.0727544986119892 5.49505580497744
9472 5.66250056742333 6.6762480335155505
9473 2.716269899161729 5.196030160435827
9474 2.8188966216209557 5.1837872414187585
9475 2.6560419575312637 5.237151428482734
9476 0.23822810153788126 6.802586544882241
9477 5.786267672873658 6.781601839955653
9478 5.60113019557582 6.718135814591603
9479 6.257195232841551 6.877069654282296
9480 2.666748847797276 5.2926627071351255
9481 5.6598646402253 6.779953309234229
9482 3.5192307614671776 5.344238018068067
9483 0.823922213454571 6.611666756871348
9484 0.7212206852998704 6.6880236435320315
9485 3.1658892348489567 5.29706763770877
9486 0.9057687901228102 6.592880579720783
9487 5.209711254410568 6.594770847315142
9488 4.754894409971737 6.258085713863055
9489 2.915823203505169 5.34817985085108
9490 0.858505370551338 6.674390912890631
9491 3.522924552778034 5.4545950860042005
9492 4.49859010063792 6.09680321224141
9493 0.6249720258402437 6.853449099759995
9494 3.1867265504704685 5.409747105400939
9495 4.1287144291791265 5.846481283525828
9496 5.972697970981909 7.061955898878139
9497 4.068786961611064 5.828974110216897
9498 1.3884136360607597 6.367395213337216
9499 1.4207803609582577 6.353287126762451
9500 0.28829070004303486 7.083193698260567
9501 3.0366883645163174 5.491320134894907
9502 2.172866879698791 5.807601070326681
9503 1.1392351290174314 6.634358644138396
9504 4.710815748628114 6.422201631143072
9505 0.931770829264655 6.8155815546668945
9506 0.8693953987393287 6.871853462462669
9507 2.619779596237475 5.646795081216401
9508 1.2106708617527275 6.6437021475954285
9509 3.342782622318066 5.629710636837589
9510 2.3271487391000876 5.820385462369906
9511 2.6513555406178253 5.689390245109602
9512 3.0143126510320055 5.636554505730293
9513 3.8503606166576447 5.896003257521083
9514 0.8878620248186267 6.966711502304037
9515 4.438384439098422 6.344508854452973
9516 4.698815981631062 6.571092263725324
9517 0.39963287188399066 7.2720449958770725
9518 0.6283621720119066 7.180993687179657
9519 2.5974921215076225 5.817415952809038
9520 4.510165858141658 6.470951482625194
9521 2.1629672680738956 6.070685947705629
9522 1.3996906898017205 6.680912701552526
9523 5.192518357099774 7.050640421290304
9524 3.961249875740393 6.1153219424333285
9525 3.025377117689941 5.8157875381971875
9526 0.06760991926839743 7.4799710952412894
9527 4.67863714555889 6.707039969387368
9528 3.058656338726588 5.858181642194182
9529 2.450157248448685 6.0216806686904665
9530 3.48656893549149 5.961671558796135
9531 0.5555393918865139 7.4032464978723285
9532 5.1531077171500215 7.1507622436206475
9533 1.2827242848708889 6.936421462152719
9534 1.2217921662008326 7.000627130043142
9535 3.43720403696195 6.018648917837414
9536 3.3030506685287104 5.99955451396411
9537 1.5695315070087648 6.757790572811752
9538 5.348722963142033 7.3709469956624085
9539 4.61492154930017 6.8292749345318935
9540 0.3939629103489617 7.606628662897544
9541 4.058364819510899 6.427488977965531
9542 0.4317100852320744 7.622620072486712
9543 5.448922251259694 7.506396091781532
9544 3.1374884952600532 6.098453197245987
9545 2.590231965738738 6.201622408205521
9546 6.106122304263265 7.779600895058566
9547 4.307501060984619 6.702928382603058
9548 4.310119007876459 6.720460920129728
9549 0.6109995461780188 7.648810018974629
9550 5.661489051306196 7.72227614567757
9551 5.266603422809997 7.516753791948602
9552 0.45657153284145024 7.768995501043023
9553 2.2698808571657136 6.485037547431632
9554 6.218955111645376 7.9111645170901195
9555 0.7476201783068668 7.6677278267165985
9556 1.1692628473346882 7.385223285872847
9557 1.4745120608423177 7.151550430730245
9558 2.004224345490497 6.743367342328505
9559 2.226769167223846 6.60911187546135
9560 0.20223320971742087 7.979978691329404
9561 6.170666515407067 8.024393973979862
9562 3.9210193325461398 6.669021426701085
9563 2.2124157098501067 6.684823547263913
9564 3.7623754083161414 6.610838881427116
9565 3.808343979404251 6.652569745173688
9566 0.5860908979297506 7.940633754713771
9567 2.6714793156859766 6.531542304471259
9568 1.654214405289673 7.187086659607341
9569 3.663267230673309 6.64618364052811
9570 2.729479528367125 6.5660109257844415
9571 1.897524556231548 7.044144828516327
9572 2.505774585986902 6.681238441790215
9573 2.611914255108676 6.655930369904145
9574 2.0673790474474747 6.971610235841151
9575 1.5212915043201516 7.420506813438939
9576 0.8370522765723746 7.969258561138828
9577 3.729519738467694 6.817864305376452
9578 5.713797087594814 8.21344329730177
9579 2.9488411816490565 6.684349855573854
9580 3.4726053918663404 6.763990702707235
9581 0.04107171639298901 8.368715297818266
9582 0.43459049518291376 8.29187617879258
9583 0.7805367762147347 8.132588319141762
9584 1.5590109637178449 7.5529517193416185
9585 1.6115857733221468 7.5278127343582195
9586 4.0143625980257305 7.149269051337013
9587 1.122126031867364 7.966419233207086
9588 4.705989155978059 7.721776908058527
9589 4.972319584819339 7.954915566671957
9590 5.23484598954763 8.167469278998684
9591 2.2250083134100906 7.180484636216654
9592 3.295159189502655 6.941518067640197
9593 1.7220508945848112 7.589245317778165
9594 1.828680233592592 7.522937317333747
9595 1.8974434417420385 7.488754448485514
9596 5.151758752026959 8.223683822953767
9597 1.340663665773185 7.98444207703126
9598 1.9719204117814717 7.491542214652074
9599 2.1995829939481646 7.353249100768366
9600 3.2384826602764787 7.088558653206556
9601 5.404978224028113 8.490784358224646
9602 3.1700419416879337 7.121048868272567
9603 5.919290113967721 8.755806612970769
9604 5.1969631216121925 8.41442937475458
9605 1.9189649658486552 7.6732838979046525
9606 4.428507453049783 7.8461942100584725
9607 3.3509505917701268 7.251046842977575
9608 5.743224865482439 8.801753310338103
9609 5.000793935344761 8.371207530253637
9610 0.6034019249135691 8.766130424486983
9611 1.7125562409866635 7.962830440216084
9612 0.37395240094124427 8.906981118295102
9613 5.245714279025083 8.634406626166863
9614 5.692260835642067 8.90715660059052
9615 1.375260908420014 8.329140040045164
9616 1.1606722586908553 8.524559878528617
9617 4.356333166405632 8.019544372623749
9618 4.304076485524406 8.000390619052718
9619 4.537672938495063 8.208719926246337
9620 5.9429701922060625 9.120260542462576
9621 4.399230155897127 8.140714131742634
9622 4.834209209545792 8.517434458549504
9623 1.7154879468147222 8.223600138559968
9624 4.408136659379294 8.214424304085048
9625 3.7951359638924114 7.81303446017412
9626 1.4629431069373737 8.501895333207564
9627 5.267494426056615 8.956489314914798
9628 2.345176371471222 7.889969829443315
9629 4.980202584825179 8.791589797095142
9630 5.641925672385638 9.240679105659336
9631 3.750870621148507 7.927219566944597
9632 3.345670844675327 7.800050062908505
9633 1.95731014124648 8.264984828841948
9634 0.6518356427987166 9.27985451990374
9635 4.865922253723005 8.841075667254609
9636 2.504635431530678 7.998636526762227
9637 5.184660154912849 9.132773593053672
9638 2.326369486227381 8.138690334727277
9639 4.551148531623678 8.679639073658883
9640 5.507550333039307 9.410953490835556
9641 4.823811752130754 8.951839166610215
9642 5.111699763659948 9.201451302727834
9643 4.306273132867522 8.582122369287324
9644 2.457933770902425 8.218282198021743
9645 4.6250736590527595 8.888268044558217
9646 3.3735611280364983 8.14825274378968
9647 1.0464427335621727 9.346665161165843
9648 4.15570620810923 8.595262711882139
9649 0.7674089373790236 9.587966375418782
9650 0.5086836027928064 9.749937941608254
9651 4.973618913976576 9.323846088279588
9652 3.16018531246085 8.270739575040835
9653 0.8407631358636921 9.647283732483006
9654 5.6624003450694 9.84486766298857
9655 2.832412766576371 8.373699528197472
9656 5.288030555463064 9.685902837864816
9657 4.275460220631724 8.920019029241933
9658 4.391972899889253 9.037680069629833
9659 4.944789389678796 9.513657272022648
9660 1.571024923524224 9.270965035310699
9661 3.378304921317182 8.546728741689511
9662 2.145453805342781 8.880678707515777
9663 2.9194988620492786 8.578375049320394
9664 3.163671842427564 8.59773235070942
9665 0.9629396381769563 9.895671054332848
9666 2.6222123272023286 8.739700929954706
9667 2.9720323204777177 8.685975806042098
9668 0.44880488199528723 10.270328150066023
9669 3.4171491566425707 8.783103627437198
9670 2.3026191415511756 9.010973823924422
9671 0.06569403788702388 10.450395562773796
9672 1.7160665694982422 9.49632276073379
9673 5.330394452100293 10.192115482671026
9674 0.41159863372121225 10.46154682360819
9675 6.2134688063487005 10.573525539114812
9676 4.3183638599294865 9.493346666679528
9677 3.805682364672855 9.179378130864855
9678 6.097545074289595 10.655971037088067
9679 6.200579610580353 10.69514469560078
9680 3.2361094810347764 9.077920470675581
9681 3.2885460132010516 9.116493846778537
9682 3.59186744993818 9.233197572087278
9683 2.2824767414498788 9.421070804118242
9684 4.788691771059659 10.12083717864953
9685 0.8903054381056049 10.553243056800833
9686 2.0644733608485706 9.662149220942588
9687 4.644238157073144 10.098050983543336
9688 3.36115387466379 9.353838492996438
9689 4.1343643962535666 9.764284476252442
9690 5.948660650852987 11.010369130743621
9691 0.3017077035113025 11.035413459566774
9692 2.096281522836835 9.838454769331996
9693 0.8305621931472036 10.857201802814053
9694 2.2741683853001904 9.789267740309946
9695 2.468072661119381 9.716530300213446
9696 1.2851364849959321 10.626000131049086
9697 1.8315087318568617 10.210096030398345
9698 4.720034946171608 10.527666211673063
9699 3.642972037798311 9.817211969975695
9700 5.771714115764965 11.295634782266134
9701 4.432550455714019 10.398104674367683
9702 2.0437197265520526 10.22522532934862
9703 1.5795264854445406 10.630835444293428
9704 4.624595888030863 10.661034463657456
9705 5.792645110016901 11.482588735954462
9706 2.2172431089178506 10.25212261023347
9707 0.5984910543558187 11.486195325912652
9708 5.27187197529311 11.311834378991145
9709 0.34625836730928194 11.66139111300043
9710 0.25635721035499287 11.723186945899288
9711 1.9885998587770408 10.600858144808969
9712 3.727211000841109 10.330483335846234
9713 3.630194006080504 10.325218635436453
9714 5.6339854997286185 11.752741894379996
9715 5.295612605200816 11.593711194815503
9716 3.11428813930135 10.329662226147482
9717 1.8527125696726872 10.941091521608808
9718 4.34775109219543 10.967517635619943
9719 3.994781852368151 10.754854509022119
9720 3.3495934929610485 10.514348250350292
9721 4.4439671103647616 11.163709171127053
9722 2.6524834900600096 10.654934931223673
9723 5.714711699892487 12.149225554605493
9724 5.18703326881785 11.878990269517654
9725 4.829912409608232 11.6431721814895
9726 3.4130901601354613 10.776739279618292
9727 5.11385828418949 11.950712394527667
9728 2.056154245971384 11.243753968969232
9729 4.50302365506222 11.544887083969687
9730 1.6100583990817443 11.685058827531835
9731 0.1094082405928587 12.605319779600515
9732 5.456558585257219 12.399417889418201
9733 5.037579946804382 12.152226679238458
9734 1.596334538628681 11.875023467129015
9735 0.6092961384392611 12.633201117926877
9736 4.66535017482893 11.985951709879025
9737 5.047832551923563 12.33980251780924
9738 0.011402700082049577 12.927322286029138
9739 1.924243721094222 11.839221077536555
9740 6.027721359972011 12.99649834839104
9741 4.905650968793606 12.41272595312389
9742 2.4083553141805876 11.656438123127291
9743 5.86019172747603 13.094275553630984
9744 0.9211025072197258 12.875013970959822
9745 0.03672070520988324 13.259629148920808
9746 0.3214364128613987 13.264480736018228
9747 4.578790957541376 12.434035134917448
9748 3.8247868670643688 11.948907858353905
9749 2.096059082277944 12.199606160288655
9750 2.8037713344065 11.892354237888151
9751 3.696292284224475 12.036729242768981
9752 5.060733769115931 13.074846617903725
9753 0.6032888755778928 13.514131531812371
9754 0.25812681749347377 13.687656650927396
9755 4.281148124600957 12.60550861087362
9756 5.08507562918178 13.301877033620737
9757 3.340678157491831 12.237570399250425
9758 2.452051888123077 12.451722756946332
9759 2.792545018732999 12.371051066457587
9760 0.35159787276235854 13.987624742782439
9761 0.9440784654826293 13.74807829227496
9762 4.463039059649492 13.125285081563936
9763 0.6412136396342181 14.040793320245818
9764 3.965443217283299 12.879256375223855
9765 2.074050758852877 13.08319513112799
9766 5.612220082197891 14.198728764583652
9767 2.3277527481287197 13.03094275507928
9768 0.32677656643580155 14.452011329108815
9769 2.5317426104055802 13.040332923367878
9770 5.516166915544851 14.381205287581338
9771 1.9248440739849904 13.552554401961967
9772 4.874855809264665 14.041706768636287
9773 0.3839051371421113 14.737910794588544
9774 2.9924875581343753 13.2086781128263
9775 5.612068258601855 14.738550024332223
9776 3.071462749172305 13.327658059517248
9777 3.986131770662368 13.671366116365517
9778 3.9635844663571107 13.72128042482872
9779 5.508679579702832 14.935685294039345
9780 3.5401249579577603 13.650521576430492
9781 3.1636553968634447 13.649935135446514
9782 1.035774073834049 14.972569391158514
9783 3.2969750887005933 13.793716681971803
9784 2.5543554130167205 13.988482605068315
9785 3.4926249111630865 13.970448835071478
9786 2.36261101927542 14.226945904640592
9787 3.5310271538312685 14.120136207789237
9788 0.7271271373594584 15.583458608181996
9789 0.5161354440496077 15.754930348801201
9790 2.883221871164852 14.298201037156755
9791 2.1873482063447787 14.695293439196128
9792 3.466882275053144 14.458663652122421
9793 0.10589027299539922 16.1443514729836
9794 5.600771081888954 16.02656963662747
9795 1.5905524173655174 15.461246976418654
9796 3.4085021809779223 14.743084524974085
9797 2.697831637368626 14.873960341898924
9798 5.836960949043995 16.437464387957583
9799 4.913374382290293 15.927140895732249
9800 2.2386296994054637 15.348384027375158
9801 0.14088327187303218 16.75791385541498
9802 6.0347051734729895 16.81294965637832
9803 2.1435372768811565 15.65658344385523
9804 1.081142259705969 16.58489168594586
9805 2.977282078634713 15.445230104908857
9806 1.2049449191197665 16.65989517580897
9807 1.9770421878771145 16.116183336466943
9808 0.4200514637153274 17.28216664316938
9809 6.208341236150495 17.426133121169517
9810 3.3255407288871663 15.871836095906579
9811 5.921979277050021 17.542824994983565
9812 4.117391744740557 16.387024682601627
9813 5.699999708617828 17.632783417185028
9814 2.295732342750164 16.51228860328273
9815 2.814234275239244 16.36096275593453
9816 5.662263933582652 17.889236801121555
9817 2.5965451137096585 16.62884356765745
9818 3.4195941706047894 16.620123671013655
9819 1.6484954994470928 17.48061934639713
9820 3.9857099517557772 17.0476922902836
9821 3.4660691207476955 16.92173884128495
9822 0.5722075125207295 18.529148322517575
9823 1.2378565280458493 18.215674216494307
9824 3.531801535402243 17.24018516311675
9825 1.5120442130012002 18.199732562339584
9826 1.9333483438634025 17.957469976496984
9827 2.7265709495618426 17.58112064983112
9828 5.1595966302545415 18.758509428694346
9829 4.79016154377153 18.570299430642727
9830 3.9546965135980217 18.058703819554857
9831 5.348139009987543 19.21957643611306
9832 1.9461162976023005 18.602667546924305
9833 1.8735771680287692 18.77441058410981
9834 2.7493589397802944 18.34782819378792
9835 2.5499417512108598 18.548193199788695
9836 0.13563993521115503 20.1594689099917
9837 2.9773161357425773 18.640294216673883
9838 1.3019184618392283 19.83523905763569
9839 5.20789470306338 20.043326914879568
9840 4.439060202350098 19.549125194303343
9841 5.577001040570089 20.535348892832424
9842 4.160670061469567 19.593868901865783
9843 6.174756703544463 21.009803026277574
9844 2.8390989473188686 19.5457160335002
9845 4.901226883568703 20.557006665421504
9846 4.507413432570773 20.367595274187906
9847 3.7805036434469645 20.027528384576694
9848 3.8459912362108053 20.19399779328551
9849 1.696241888536021 20.94562634938506
9850 5.43943997286698 21.637674585628524
9851 4.8714877521766216 21.348111268151477
9852 1.2454393436693543 21.741924232297617
9853 5.820458070456407 22.274425467916057
9854 0.23238448359343433 22.532005986850642
9855 2.2574213052949985 21.382882373211206
9856 0.031950295193498235 22.841005583874885
9857 2.783564788526216 21.41316029018714
9858 0.0007676745620450731 23.14836441018724
9859 1.5597050531878096 22.55786357163546
9860 3.228555980114543 21.811861040729323
9861 4.537688835891188 22.590861649307627
9862 1.4294168499682545 23.156842104395956
9863 1.1680127249725814 23.52905030704833
9864 4.214898002932697 22.84773282015258
9865 0.14132449162374972 24.305605674128902
9866 4.902816927953243 23.73033549483261
9867 1.7506597031450524 23.758572896553975
9868 0.22282587747253846 24.83281348018815
9869 2.504321688662257 23.57461774275648
9870 3.035336194541286 23.565348871118882
9871 3.3929081707181035 23.74742701677817
9872 0.9699594081030434 25.298455990137004
9873 4.189584045332586 24.466430590484325
9874 3.4674794159808315 24.341407395841568
9875 1.58477710075535 25.43039668884744
9876 4.9390183873076685 25.646274186062207
9877 5.65157873488944 26.36571503986186
9878 4.317582460391501 25.567617776844816
9879 2.048755348894665 25.891766843427913
9880 0.9937919860235571 26.93913245493867
9881 0.8908461380175084 27.22410530831938
9882 4.31084546838303 26.434029692252235
9883 0.36971554305872206 27.88434963082325
9884 0.9859077782462053 27.85722862061582
9885 1.249050900118266 27.913298766713496
9886 1.6921337715446292 27.798891954227468
9887 2.88546603376611 27.265091670056982
9888 4.73457754195075 28.18447243386697
9889 2.350075443974237 28.039856855265537
9890 1.9825534591405918 28.57406330800641
9891 0.2719268818016518 29.88135696775354
9892 2.223800413708338 28.92337350954515
9893 0.9525295740806408 30.180008406674183
9894 3.486800536223822 29.064073434368346
9895 1.4187074769634525 30.415467716412472
9896 3.400673359562309 29.62490517764595
9897 3.7964017905944005 30.014765171490474
9898 0.9674258433489897 31.624635322203453
9899 3.8155605792867746 30.62617463044742
9900 2.6533279686844393 31.00484734585978
9901 2.0459234441746386 31.734494426315965
9902 2.064307739507435 32.04733134797673
9903 1.0573401940388922 33.17202913837755
9904 4.815253296507651 32.90486394553854
9905 1.3209356481515144 33.67615378296936
9906 2.8733791033291496 32.928956090564675
9907 0.4259573446454128 34.84296417670652
9908 2.0330741755440016 34.18582190464436
9909 1.1240417407672343 35.28397392376613
9910 0.9027807954766198 35.803154594986175
9911 3.76840675585117 34.79917240781859
9912 4.567095858716649 35.66513374046984
9913 0.9306145455395441 37.00091776831716
9914 4.491384714387217 36.43336822994059
9915 3.283571596258595 36.393924445254726
9916 2.021876159041674 37.47999852989058
9917 0.2923166840328548 38.94031802571036
9918 4.774060743479417 38.42451412374057
9919 0.8694651197569343 39.72460581103857
9920 3.8234984561495073 38.781571085312
9921 4.022219557950019 39.359937395205506
9922 4.931775433021323 40.50358688022395
9923 0.5822542114383873 41.85436442786319
9924 5.264052075521608 41.82564635331734
9925 1.3727512493031282 42.53465645146538
9926 5.537990711678308 43.14120530570072
9927 2.0926504630016307 43.10695118436765
9928 5.615125885425943 44.3654537517075
9929 2.011400424684128 44.3951021124166
9930 0.21741751678745658 45.96782758608933
9931 3.914455596763413 45.05120110739687
9932 2.839350519515203 45.7852999255723
9933 1.4866514651905756 47.483954956989905
9934 1.0058032783387858 48.511711717393084
9935 0.38542746590975874 49.41856825667351
9936 3.5060478897532823 48.514817881263255
9937 3.7838753154431455 49.326605823537285
9938 3.351927535481567 50.10318274657047
9939 1.8824579849880192 51.80255670518058
9940 1.0022147423897003 53.28471019379637
9941 1.327955991992819 53.985131753005
9942 4.560069840712657 53.9712644229767
9943 2.332994772409946 55.063492192521686
9944 2.994565759322612 55.6299016376541
9945 0.2817362426974732 58.166078928340056
9946 4.73632670024164 58.06426352062628
9947 3.633770447296544 58.663509097651165
9948 6.268923125371788 61.35798873100445
9949 0.022419458122861613 62.544789004688845
9950 0.3155327971397819 63.84194104536044
9951 5.79045896022425 64.7481149773324
9952 6.130501069970013 66.27356785024277
9953 2.4153421627945226 66.74559920195885
9954 1.3388098226535488 69.03032248967388
9955 4.8744746955588605 69.63467653252978
9956 3.0610602806999974 70.86370033888166
9957 4.729595678438766 72.72241857806878
9958 6.164002734648845 75.50810250265131
9959 3.37335534577806 75.92857604531223
9960 0.6883534937944731 79.4191801411336
9961 2.62390972732621 80.2615499230345
9962 0.35830811103926674 83.45714251581425
9963 3.238123871560718 84.1956698606406
9964 0.7539253514886344 88.0332211188116
9965 4.623694226137726 89.04371424491292
9966 5.619636997746295 92.36177802615155
9967 3.931698793941641 94.18543605281276
9968 2.6553843246747766 97.73098992918527
9969 0.6773403595704917 101.86030368294898
9970 2.5805605283421347 104.26740940165635
9971 2.3590807815366683 108.01884467072168
9972 3.1508796452361914 111.20838779398767
9973 3.8411671273340326 114.95640051008526
9974 4.27550412875671 119.28786392526816
9975 5.097113038874351 124.27782146916869
9976 1.6815731063713852 130.63833201182575
9977 1.1593394185072121 136.27614360503821
9978 5.219534387397386 140.89473576682377
9979 3.7844461356927144 147.40905397204415
9980 0.034849328450486716 155.42790083761793
9981 0.8330653457000103 163.8874244641076
9982 3.239703110491126 171.97873473383987
9983 3.6839733902071696 181.53521595922706
9984 0.41034300713617533 193.06997624298566
9985 2.253273343241065 206.14078888583714
9986 5.875513894090545 218.87810993937512
9987 1.0802190882035818 236.13107897865183
9988 4.218249622114586 254.44488710711585
9989 3.3349178850405656 277.418593663632
9990 1.7325636140653469 303.4845036879683
9991 2.352516681989993 335.60595199176214
9992 3.621324599328979 375.3101762997919
9993 2.997164067607166 424.78670111480164
9994 0.5757997891462745 489.28599003668995
9995 6.192105087099019 579.4559743372373
9996 3.877849819898845 706.529589399421
9997 2.682395484958912 910.2853620087752
9998 6.058841362547202 1274.0412247565348
9999 4.360599672205083 2121.62249013963
10000 0.2698129800787896 6366.95273679595
